replicate,g1_001,g1_002,g1_003,g1_004,g1_005,g1_006,g1_007,g1_008,g1_009,g1_010,g1_011,g1_012,g1_013,g1_014,g1_015,g1_016,g1_017,g1_018,g1_019,g1_020,g1_021,g1_022,g1_023,g1_024,g1_025,g1_026,g1_027,g1_028,g1_029,g1_030,g2_001,g2_002,g2_003,g2_004,g2_005,g2_006,g2_007,g2_008,g2_009,g2_010,g2_011,g2_012,g2_013,g2_014,g2_015,g2_016,g2_017
1,68,39,1,34,43,14,59,51,33,21,63,42,54,46,10,7,9,15,62,37,41,25,66,53,49,69,61,65,44,55,64,20,35,6,58,52,28,48,23,71,45,8,12,32,47,24,50
2,43,59,26,15,58,29,24,42,48,53,12,39,66,63,28,22,40,33,19,70,35,72,1,67,14,57,6,68,41,37,3,47,52,7,56,27,61,20,60,16,54,4,2,55,50,62,36
3,49,41,29,64,1,53,57,67,22,38,50,16,30,70,2,8,14,36,26,40,37,66,7,55,42,72,9,27,71,15,63,6,4,35,39,13,62,25,31,28,34,47,33,20,59,10,51
4,1,45,23,68,57,52,34,35,10,6,60,39,49,33,70,59,65,11,13,50,37,26,51,48,40,66,4,25,38,17,24,9,30,41,55,22,32,3,19,69,36,20,46,54,28,72,8
5,41,8,25,20,5,69,55,56,15,29,2,1,60,68,58,70,37,32,40,13,57,4,42,38,59,61,49,53,71,19,28,46,11,44,23,67,48,62,36,12,3,26,18,14,45,72,64
6,21,3,49,22,47,71,56,4,36,58,52,37,1,68,61,69,72,27,11,44,62,54,6,48,64,50,20,40,33,45,51,42,66,43,17,9,18,31,8,23,59,25,41,19,26,5,35
7,52,34,47,67,71,30,42,13,60,16,43,36,48,69,70,29,28,65,51,64,7,18,1,4,5,46,61,68,26,33,19,17,55,39,58,72,22,9,32,62,41,56,12,57,24,3,54
8,12,34,47,62,13,39,4,50,48,23,45,25,16,22,26,40,64,14,53,6,8,21,24,3,57,37,55,27,68,19,49,29,5,61,31,46,36,20,38,44,42,52,65,41,10,33,28
9,10,34,2,6,58,5,54,66,25,13,12,35,8,70,55,65,9,31,48,7,67,53,39,44,49,68,59,20,41,60,64,61,21,32,16,51,42,19,36,63,38,57,14,47,72,46,50
10,5,52,47,55,38,10,29,57,69,12,49,50,71,27,39,46,42,48,1,9,35,11,40,36,37,67,21,62,23,28,32,25,24,63,72,31,17,6,66,19,26,59,54,30,53,60,58
11,55,72,47,13,5,63,3,26,52,46,17,1,67,48,8,19,56,18,2,60,22,36,59,4,14,11,45,16,25,51,68,27,31,41,54,32,23,20,6,42,57,37,71,38,62,21,7
12,44,48,68,26,35,49,1,60,71,14,30,66,23,58,55,59,41,19,42,27,7,63,54,32,51,28,20,61,52,47,24,69,62,37,50,43,65,29,15,10,3,36,25,9,64,57,31
13,5,46,64,9,47,15,68,7,33,48,19,16,22,55,44,17,34,49,42,60,18,4,61,39,38,59,37,67,24,70,72,36,10,14,23,63,53,29,11,31,2,51,69,40,35,13,54
14,66,33,5,3,6,39,16,57,17,32,1,18,41,65,24,11,2,59,55,46,71,44,63,35,56,7,26,20,64,27,47,42,28,58,38,31,48,30,70,68,23,25,67,61,21,19,15
15,63,70,50,16,22,43,59,2,36,23,62,60,61,72,69,31,33,48,42,26,30,4,10,27,47,45,7,71,15,56,39,38,64,13,21,32,6,53,20,66,55,44,25,8,11,3,52
16,30,68,12,41,58,62,38,53,64,2,46,4,48,47,8,55,24,3,43,18,42,11,72,65,61,16,13,20,33,59,34,26,60,22,29,14,21,49,25,32,52,5,35,31,45,44,10
17,44,35,23,62,71,25,41,17,26,61,54,46,57,8,11,56,32,69,22,66,3,48,19,16,38,40,50,37,9,13,59,12,28,72,39,55,29,15,5,65,21,45,20,51,64,49,7
18,16,51,54,56,5,1,44,3,58,15,19,12,61,43,9,26,7,28,63,21,37,35,6,50,42,71,13,11,20,18,70,14,60,72,65,29,25,24,31,32,64,59,69,40,22,4,33
19,28,45,47,19,24,46,4,31,18,16,53,61,23,72,54,41,42,56,20,29,70,14,48,25,65,57,39,17,58,6,55,59,69,66,9,68,7,38,51,37,52,62,71,2,21,13,26
20,36,5,32,17,26,42,64,2,48,11,44,21,41,39,47,72,7,34,69,23,28,9,50,61,24,10,12,70,65,60,55,33,25,14,13,19,3,45,56,27,38,66,58,35,49,15,20
21,6,7,3,4,50,47,12,1,34,55,45,62,35,8,72,2,32,38,39,19,70,42,33,17,68,61,24,41,31,43,29,13,63,56,49,66,71,27,69,5,15,18,23,58,36,25,60
22,37,14,30,19,12,69,49,51,38,28,40,53,63,50,26,31,44,41,17,48,42,68,36,1,58,22,71,10,16,35,8,23,21,60,61,24,13,7,6,72,34,18,27,45,65,3,66
23,65,43,17,5,14,32,19,52,39,58,61,53,2,60,66,51,34,41,12,46,22,28,25,64,9,7,44,33,23,18,47,4,8,10,27,29,38,56,21,15,63,13,1,20,72,16,49
24,25,34,43,53,20,41,62,58,45,55,28,6,12,57,32,64,69,14,72,46,29,27,22,37,66,40,60,23,38,65,33,48,19,4,54,67,51,9,13,26,59,11,36,47,68,49,8
25,32,16,5,28,63,14,69,26,23,68,18,72,57,9,65,6,42,52,45,19,13,24,41,58,70,40,34,56,67,46,31,10,71,39,30,12,8,20,15,25,54,4,36,7,1,21,61
26,70,35,66,72,53,41,46,16,11,14,37,15,45,38,58,64,47,13,29,24,30,54,8,49,7,42,56,10,23,32,51,17,2,61,18,26,4,21,69,63,12,34,40,25,43,36,3
27,28,60,15,13,34,56,3,53,14,17,30,63,23,36,57,10,64,72,42,65,58,25,12,4,38,66,45,33,43,51,20,22,19,49,62,11,21,32,44,6,18,27,35,31,1,9,48
28,17,58,11,27,37,26,28,30,45,57,33,35,21,25,72,60,29,71,7,70,67,6,66,51,61,59,23,32,65,55,13,38,40,1,42,41,64,10,9,56,39,36,14,53,44,15,50
29,41,1,68,39,13,38,36,53,64,70,8,59,62,66,63,35,40,58,12,2,23,11,18,72,5,33,26,16,71,32,4,55,43,50,14,28,22,9,61,67,49,19,47,34,44,46,31
30,30,12,43,47,26,57,20,10,2,5,56,58,46,7,50,4,13,55,38,68,54,69,18,14,6,22,19,62,48,31,36,51,41,61,29,39,60,72,66,16,59,67,64,40,44,52,21
31,48,63,6,33,30,24,53,54,7,51,65,25,46,37,58,55,1,45,44,27,9,47,70,43,68,19,32,66,28,49,52,56,26,13,11,12,41,38,50,15,23,71,39,31,4,18,59
32,31,52,61,5,50,14,13,25,10,17,37,39,23,8,27,67,64,43,19,46,1,54,40,57,7,9,20,38,66,26,44,36,47,28,71,63,72,16,18,21,49,58,56,59,34,32,29
33,8,2,14,4,33,65,48,28,3,58,59,20,67,62,37,9,50,53,72,13,39,38,21,35,57,7,54,43,5,63,15,55,36,44,1,70,27,23,34,69,30,41,10,68,66,24,49
34,36,61,10,34,72,18,37,16,49,7,39,65,11,46,29,23,1,28,21,13,26,48,17,54,14,9,6,24,5,25,45,56,20,30,4,52,66,22,51,53,47,68,67,32,69,58,31
35,23,46,67,59,61,54,11,60,12,20,4,25,41,47,53,71,42,57,6,26,29,10,62,31,44,22,9,49,37,58,28,7,21,66,15,65,24,68,55,19,50,69,72,18,70,63,17
36,16,19,42,48,22,9,54,12,25,47,62,4,68,56,52,66,70,24,65,61,34,40,71,63,15,51,37,59,64,30,45,49,20,1,55,17,50,35,29,58,33,44,46,7,23,14,21
37,5,66,8,24,62,59,4,2,43,38,63,16,50,14,49,27,20,12,57,46,28,34,65,55,72,3,64,58,11,6,40,68,35,9,47,37,70,53,18,48,56,31,41,30,32,15,44
38,52,26,11,66,19,49,39,23,64,33,69,21,1,43,58,44,3,10,13,55,41,54,17,45,46,50,32,38,24,57,12,6,62,35,60,31,53,71,68,63,29,5,34,15,25,20,36
39,48,3,25,57,9,5,33,34,4,55,29,46,37,54,7,36,53,50,64,2,17,40,23,18,14,21,24,47,22,62,31,58,26,49,45,19,32,71,15,61,70,59,16,68,43,10,30
40,7,37,58,19,27,31,40,46,66,12,34,67,18,30,14,55,33,10,24,5,35,38,61,48,43,28,21,1,52,59,32,65,9,25,41,63,68,64,29,8,42,20,56,4,26,13,36
41,71,12,45,26,13,14,51,28,42,20,40,62,10,3,60,43,59,30,44,18,5,6,47,66,50,11,21,19,22,49,2,41,64,17,4,27,24,1,57,70,39,9,7,65,34,46,63
42,38,51,4,27,6,43,15,14,44,67,63,50,35,34,49,31,62,18,20,42,58,40,25,8,17,41,54,30,52,10,60,37,28,22,68,53,39,16,46,33,56,3,45,23,66,70,61
43,44,59,47,35,33,6,11,18,49,53,27,67,40,39,65,70,38,5,43,26,9,52,41,15,46,71,66,37,28,4,31,32,8,30,23,50,34,68,69,63,16,12,72,10,42,19,48
44,10,7,50,16,46,71,35,13,4,24,42,2,19,52,64,68,14,8,44,20,25,38,22,56,33,69,31,55,17,28,54,3,29,18,43,26,60,58,70,65,27,11,23,53,63,32,21
45,70,21,35,28,59,6,10,1,33,68,36,12,71,37,23,41,57,65,47,13,66,16,8,67,15,44,63,14,58,46,49,29,51,9,56,48,69,25,30,53,24,45,19,62,2,54,11
46,33,54,18,15,29,71,41,39,59,37,25,10,13,57,72,38,20,69,50,12,60,22,48,23,47,9,34,35,58,65,44,56,24,8,42,6,64,11,66,28,40,36,19,1,27,4,32
47,16,35,23,40,43,44,13,42,72,66,65,47,2,60,59,46,69,68,62,33,53,9,56,37,64,17,63,18,45,36,31,26,50,1,20,29,48,24,67,34,14,71,70,19,51,5,27
48,13,32,7,67,22,72,50,46,48,58,45,33,64,49,70,43,10,63,9,3,69,18,59,26,17,65,54,28,53,40,62,34,5,36,44,61,14,42,12,60,68,52,31,38,11,15,41
49,67,43,58,26,19,44,66,36,51,42,14,38,59,6,41,34,8,65,33,71,28,45,1,61,21,20,17,40,60,10,23,18,54,50,9,68,37,15,5,11,27,53,35,62,24,52,70
50,4,46,53,11,69,54,18,72,19,64,7,6,1,40,37,20,59,43,33,48,60,2,35,3,8,34,32,12,26,5,52,61,71,15,55,63,17,68,9,41,36,21,28,27,44,14,58
51,46,34,21,44,57,23,55,47,42,8,61,19,41,53,65,15,29,10,54,22,58,66,16,6,72,17,12,1,68,38,56,43,70,31,37,62,71,45,27,7,67,63,18,51,5,30,50
52,43,6,48,19,17,51,24,56,35,47,3,45,38,25,65,34,67,55,20,33,46,54,57,10,44,49,72,32,15,37,9,71,58,70,36,30,4,5,66,14,7,53,60,63,41,27,8
53,65,51,56,50,63,69,7,34,19,36,67,68,49,57,62,16,13,55,45,66,59,41,71,72,9,25,52,22,58,44,70,29,30,64,33,17,15,37,3,1,38,39,23,6,40,46,27
54,35,53,32,9,25,5,46,34,30,38,26,68,17,61,49,57,56,21,8,42,16,36,14,18,28,43,1,47,55,45,22,4,13,64,33,70,37,10,23,44,27,60,51,71,59,52,2
55,68,38,28,5,62,59,16,30,56,29,37,21,57,22,40,10,52,9,42,11,51,70,26,4,20,17,69,60,32,6,66,12,54,24,67,48,31,61,49,23,41,13,19,45,8,18,15
56,65,39,7,4,10,50,9,36,41,56,68,60,3,26,64,16,21,33,28,23,6,37,62,58,13,44,1,8,72,52,14,71,70,61,66,24,45,35,22,55,42,48,18,25,59,31,17
57,64,57,18,15,14,25,50,63,44,47,32,1,60,72,23,46,55,22,5,68,62,58,70,66,71,12,40,35,8,30,53,37,38,49,17,42,4,10,6,7,13,52,41,29,2,31,20
58,4,49,69,21,11,39,46,43,29,35,14,59,54,31,51,7,24,18,17,2,63,33,12,58,61,32,16,40,27,71,55,70,3,68,47,48,23,37,65,36,72,34,50,15,38,56,1
59,56,49,24,15,7,63,27,42,40,69,3,1,28,4,31,44,32,37,54,33,46,29,55,52,25,6,47,62,16,41,39,71,45,26,12,43,60,50,13,36,21,57,17,30,10,72,67
60,26,15,70,63,23,46,28,24,3,22,67,10,13,8,43,1,2,9,42,55,44,72,41,53,11,52,20,30,47,12,36,19,66,27,4,5,17,14,45,39,51,18,49,21,29,58,16
61,70,66,8,20,48,25,16,64,26,28,56,2,69,42,63,22,18,55,35,1,31,46,7,38,41,30,58,49,27,17,5,71,39,40,67,60,65,15,33,32,24,23,29,12,43,61,14
62,47,26,16,24,12,18,5,54,9,30,10,70,17,6,2,58,57,7,72,53,31,21,3,13,68,46,59,28,15,63,34,43,41,67,23,42,40,25,44,37,29,52,60,64,14,48,19
63,12,64,6,7,22,42,65,61,36,63,35,38,41,30,20,59,27,70,47,57,44,5,48,54,23,58,51,46,19,67,55,15,60,1,52,14,29,66,34,17,53,33,28,11,49,9,24
64,71,13,29,6,27,47,30,38,17,5,19,60,20,62,23,43,63,53,51,9,61,16,69,31,52,68,12,8,33,18,48,39,72,44,65,58,2,57,10,56,25,26,21,42,28,15,1
65,48,9,18,20,46,62,22,71,31,67,70,39,47,54,2,21,57,29,58,19,35,65,36,24,38,7,42,61,28,55,50,60,17,10,32,68,41,66,6,37,26,43,51,27,15,59,13
66,59,16,20,30,57,9,12,46,67,68,25,29,1,41,4,8,27,72,5,54,42,13,17,62,26,55,15,33,52,35,69,36,64,18,24,44,71,65,47,56,10,2,61,3,70,14,66
67,53,13,15,46,1,65,29,35,58,25,28,51,48,49,2,69,62,71,45,16,14,59,20,70,22,40,32,47,57,50,56,18,6,24,4,38,39,5,64,37,27,19,31,9,43,54,41
68,39,16,6,23,62,36,64,31,50,10,52,60,57,2,63,18,70,1,40,17,59,66,29,30,27,25,20,4,48,7,33,71,37,54,49,13,41,9,67,58,55,35,8,19,45,69,46
69,34,48,46,44,12,28,70,58,62,33,45,24,40,72,42,7,25,49,51,2,1,18,47,16,19,64,39,31,55,41,36,23,38,27,43,63,67,10,32,69,17,13,29,4,60,11,30
70,2,67,58,13,9,52,48,53,62,63,68,25,17,45,46,56,44,49,39,6,40,64,38,15,36,19,32,31,65,47,20,59,26,69,41,57,27,7,16,66,51,72,34,22,11,21,28
71,65,32,23,16,21,31,5,30,17,49,47,61,70,63,20,38,52,28,8,39,42,55,15,40,59,11,1,58,34,44,6,26,37,66,51,10,29,71,67,3,50,54,22,13,25,45,46
72,18,37,8,60,20,54,26,15,22,13,61,24,35,49,43,16,27,17,42,10,47,62,40,31,25,19,1,50,21,23,57,6,39,58,52,45,51,12,56,7,41,53,63,38,4,36,59
73,54,46,44,47,33,37,12,50,11,8,13,53,16,62,27,15,26,49,23,2,69,67,6,72,48,10,70,31,71,61,59,45,68,40,51,64,65,35,39,29,28,58,1,20,3,25,38
74,61,19,53,16,71,17,37,33,40,65,45,2,56,1,44,21,64,14,36,20,13,34,52,62,60,26,15,11,67,3,27,4,55,66,30,43,8,22,57,68,9,5,38,58,35,29,23
75,37,21,35,42,12,24,49,69,17,71,5,30,54,45,43,61,13,66,47,65,22,33,26,67,20,40,25,59,27,60,70,64,19,55,7,32,39,23,4,29,6,14,3,9,36,31,18
76,23,17,34,12,59,50,39,47,71,61,26,46,48,11,3,25,72,35,58,52,9,51,18,44,10,5,69,19,45,33,29,30,70,60,41,28,43,15,22,40,65,2,56,64,14,42,6
77,34,60,24,26,50,72,49,70,37,65,5,54,46,66,22,64,47,69,43,38,35,4,41,27,44,71,63,45,21,23,2,1,30,28,56,11,53,17,52,25,62,10,59,61,42,68,3
78,61,33,6,2,20,24,10,27,30,46,19,51,13,66,54,68,52,60,59,48,9,42,21,28,53,29,72,18,40,17,4,5,22,11,70,7,63,57,32,3,16,58,39,12,55,25,45
79,61,55,29,27,33,15,53,51,11,8,5,10,43,39,63,37,25,9,18,4,3,72,69,48,32,42,19,59,22,66,68,26,13,49,34,54,40,28,20,23,62,24,58,70,12,31,67
80,63,29,50,54,4,21,65,24,10,39,47,31,28,3,22,68,70,67,7,61,41,40,60,8,13,45,1,71,42,17,25,57,33,19,12,46,53,43,6,72,48,37,51,58,49,59,44
81,22,39,28,69,41,45,10,59,64,49,31,20,37,18,11,52,1,47,67,35,48,29,36,58,68,25,12,9,5,21,7,63,55,46,66,56,24,17,23,8,51,42,72,13,50,3,53
82,72,23,3,71,65,10,33,67,47,60,58,19,35,31,59,8,16,55,15,37,63,12,6,25,42,61,43,39,4,51,56,7,18,34,70,68,11,1,41,48,62,17,29,26,57,5,9
83,17,63,31,38,55,35,33,18,8,6,12,30,26,11,9,2,42,43,29,21,50,39,41,59,16,4,72,71,36,53,22,69,51,13,45,40,10,60,32,23,61,54,65,47,20,5,62
84,62,17,47,64,19,22,30,56,71,46,51,33,28,16,70,72,67,20,8,50,1,57,54,60,34,35,15,65,41,38,11,23,24,37,32,27,61,42,55,9,69,4,2,52,29,53,44
85,56,13,18,53,21,58,27,54,72,17,4,19,36,3,12,23,71,39,44,6,43,28,38,46,29,49,52,55,24,37,63,8,26,68,11,7,25,35,32,22,5,51,40,65,64,67,9
86,47,53,68,6,54,36,62,44,21,67,64,30,40,57,49,65,13,23,20,12,5,63,61,16,22,37,66,4,43,27,56,46,14,31,50,69,58,33,15,45,3,2,32,48,1,41,60
87,40,52,1,4,6,29,23,35,15,67,42,38,26,61,10,34,53,32,19,37,57,30,68,54,56,14,41,11,22,20,3,63,31,44,28,36,27,71,59,33,46,21,12,7,51,8,39
88,34,66,63,44,25,50,41,27,13,12,24,70,6,26,53,11,42,39,5,23,69,10,32,54,8,43,48,7,68,57,71,62,46,22,3,31,4,37,38,17,52,49,47,14,51,36,58
89,4,11,51,55,21,50,60,30,71,53,59,41,36,5,27,8,70,72,48,39,56,62,7,34,57,37,15,69,19,24,28,65,58,46,12,66,44,22,10,16,18,13,63,1,9,23,42
90,30,13,7,6,28,57,11,45,33,24,60,15,53,34,1,52,4,8,63,49,62,2,23,54,65,58,5,27,9,22,18,56,29,17,16,50,67,44,40,3,48,25,32,70,38,21,14
91,8,30,71,1,12,66,26,65,31,3,53,60,57,33,46,23,39,38,11,16,32,62,54,70,14,61,37,43,47,13,69,50,27,48,20,29,2,24,49,58,51,34,9,59,56,72,35
92,8,67,72,7,61,51,54,48,56,59,23,43,44,2,45,33,40,63,10,34,55,32,39,46,29,11,24,3,52,31,30,6,65,21,42,71,69,17,47,64,70,41,13,14,62,1,20
93,4,47,68,54,49,39,20,58,24,41,2,43,3,65,44,64,57,30,35,23,8,34,32,60,42,17,50,12,22,25,40,56,59,6,70,5,26,1,21,62,27,71,18,48,31,52,63
94,52,68,42,59,46,55,43,65,45,18,62,61,37,6,15,25,4,27,22,70,14,40,56,17,2,38,8,33,10,49,24,23,16,58,13,69,36,7,12,31,57,26,39,41,30,67,63
95,20,48,32,41,44,66,27,64,70,10,67,35,29,58,34,59,23,15,63,25,3,37,38,57,72,54,9,8,6,65,11,4,53,16,17,1,30,61,22,7,62,71,47,50,39,36,12
96,49,43,23,44,36,45,37,16,33,19,17,71,40,13,42,11,61,56,14,10,62,9,28,22,41,58,59,30,35,15,52,46,47,3,54,55,12,53,65,34,67,70,57,51,8,5,25
97,14,55,47,32,27,68,62,61,64,7,38,58,48,8,10,19,3,53,11,39,51,54,35,66,37,21,2,33,70,52,1,42,24,72,59,12,20,9,31,50,18,44,40,63,43,67,71
98,5,48,32,18,21,46,52,51,31,59,33,16,55,1,58,26,45,27,23,28,14,38,13,69,15,7,22,11,60,67,35,57,42,61,20,72,37,68,2,43,71,47,29,56,9,30,4
99,72,50,19,13,33,41,12,61,8,58,48,9,25,67,59,47,63,32,68,1,36,45,56,34,23,6,43,60,39,69,44,66,62,54,22,42,15,28,40,51,70,38,26,71,14,30,7
100,53,70,43,36,69,27,61,68,63,30,41,33,54,44,20,60,15,35,58,23,38,66,48,50,28,46,3,55,29,22,34,11,5,40,64,65,6,17,49,52,45,9,16,47,19,62,72
101,67,32,30,33,72,20,26,19,62,42,48,61,23,65,10,3,24,2,5,16,13,71,45,43,37,11,9,41,70,63,46,64,36,38,51,40,29,4,50,25,58,68,22,14,34,15,7
102,48,31,8,46,40,62,65,12,41,2,66,63,25,43,19,28,11,3,59,18,45,64,61,69,67,70,55,32,39,10,7,57,15,42,24,33,27,6,30,54,56,29,21,1,60,52,17
103,33,34,32,38,44,25,16,60,36,4,21,24,30,13,72,37,46,27,18,11,71,22,66,54,19,64,15,3,26,20,68,5,12,50,10,47,17,28,63,9,2,56,8,1,35,52,53
104,9,3,67,48,43,13,69,35,66,30,23,56,28,70,10,50,68,14,47,72,7,58,71,52,34,65,24,37,21,62,51,54,8,5,19,53,55,11,1,40,12,41,57,27,63,26,20
105,23,11,51,68,5,64,27,44,63,50,34,41,66,28,29,42,38,7,20,71,65,30,16,22,55,53,14,2,58,25,12,37,26,72,43,6,36,4,67,46,8,31,47,52,62,69,32
106,51,14,39,64,20,44,56,11,18,2,71,16,22,47,57,62,65,21,55,1,26,50,59,31,33,17,49,34,23,3,40,10,52,41,9,63,46,19,30,28,48,72,36,24,53,8,4
107,38,52,17,12,32,20,4,45,47,72,11,62,28,56,69,40,55,13,51,37,18,31,54,5,39,65,16,9,61,46,25,8,48,10,1,58,49,42,33,44,63,35,7,57,41,60,24
108,29,19,4,66,62,8,53,63,42,13,64,60,27,57,56,20,51,26,24,5,68,65,72,40,12,18,21,6,9,2,52,32,11,41,58,23,50,7,33,36,30,47,39,49,70,31,34
109,42,70,23,52,24,34,41,63,58,40,53,55,3,45,69,16,59,5,2,1,18,13,26,31,20,68,21,12,22,46,38,64,28,17,36,50,57,39,65,27,62,15,72,11,8,47,9
110,30,23,60,18,17,38,68,40,70,65,54,62,12,37,24,29,35,25,22,14,33,44,10,61,16,47,43,64,55,15,28,58,8,31,36,51,56,63,71,39,42,52,3,7,19,69,66
111,66,10,46,57,13,16,4,27,8,45,48,17,2,18,68,1,55,67,21,53,14,41,65,54,24,28,50,44,47,7,43,19,31,36,40,11,39,61,69,29,34,33,58,38,64,56,52
112,30,53,46,49,72,13,44,41,37,65,3,69,5,9,56,26,24,50,17,23,27,18,57,58,12,25,21,43,54,66,34,39,29,10,11,16,35,51,40,19,45,55,48,63,4,62,32
113,40,50,16,47,37,31,53,10,65,70,23,34,60,72,3,55,15,42,7,38,30,67,45,13,58,54,61,19,24,28,12,32,11,29,1,44,63,35,25,20,64,48,56,26,39,51,2
114,26,39,15,56,63,68,64,22,66,57,30,45,10,5,43,48,60,31,3,28,24,42,19,8,70,35,53,7,52,4,46,12,67,17,23,20,32,51,58,25,36,9,16,54,71,72,14
115,11,31,16,50,34,8,38,2,32,59,44,67,12,30,68,26,29,7,62,20,66,37,35,15,65,3,53,9,24,55,28,39,58,49,1,27,17,36,18,46,10,47,56,60,63,14,71
116,47,72,41,1,67,56,25,53,63,8,26,13,69,38,54,59,24,23,14,60,4,27,64,16,66,3,45,50,46,65,34,70,19,51,15,43,58,20,71,2,31,37,55,12,30,62,40
117,26,58,22,3,64,21,19,59,24,46,38,5,1,47,34,18,28,44,27,68,32,40,25,10,30,11,53,66,20,62,29,70,61,31,23,6,15,42,55,50,65,14,16,36,12,39,57
118,11,33,16,58,15,46,13,52,31,14,2,27,5,71,57,41,30,67,51,47,9,22,28,38,36,69,12,24,40,72,63,61,35,68,29,42,3,70,64,50,25,10,60,59,66,54,56
119,28,24,55,10,34,37,16,65,25,53,71,46,29,5,22,66,63,27,11,40,50,1,8,31,42,4,44,54,23,48,59,43,30,17,68,9,36,67,70,58,18,33,26,45,32,15,19
120,53,20,69,21,51,57,25,67,1,33,41,22,35,45,7,38,63,11,61,36,71,18,37,66,49,15,26,70,16,47,27,59,65,52,40,50,55,56,17,48,19,60,39,54,6,9,68
121,7,24,50,64,59,19,48,56,52,28,9,42,51,32,41,36,38,8,22,45,14,49,13,71,25,27,60,12,3,5,18,21,53,17,1,63,34,11,70,16,35,6,15,10,62,33,2
122,25,71,19,58,38,36,23,26,54,5,11,30,59,33,69,20,1,2,46,7,31,72,15,10,70,45,37,28,6,27,47,49,53,17,34,43,48,65,62,55,52,14,16,3,50,13,18
123,3,12,36,38,53,24,35,28,49,18,13,25,60,14,39,68,46,37,43,71,57,23,11,62,16,29,55,45,41,54,34,50,21,48,4,59,40,64,19,47,51,66,6,69,1,7,8
124,14,4,25,48,71,39,38,7,44,19,32,63,1,10,42,58,18,60,3,49,8,69,56,53,54,72,12,24,65,64,27,40,26,67,66,34,50,55,41,15,16,31,13,9,5,68,57
125,52,65,26,15,69,27,38,39,12,37,58,18,57,71,40,3,17,44,14,60,20,50,34,56,67,54,64,16,4,68,7,13,25,21,33,66,36,11,28,35,55,42,5,48,23,32,51
126,34,69,21,57,48,15,55,40,47,12,65,30,68,11,50,63,8,58,60,66,29,25,49,3,43,33,61,37,5,59,72,38,35,62,71,32,26,28,10,14,51,19,1,23,39,44,45
127,9,21,24,4,56,70,69,34,8,67,60,37,52,59,43,39,47,20,41,64,51,19,11,57,6,18,63,25,36,29,17,15,31,49,50,22,35,61,30,1,27,58,23,32,46,72,45
128,66,4,61,31,18,19,59,9,23,20,8,53,13,12,26,62,44,56,34,60,47,14,68,35,15,33,32,58,67,17,71,50,5,39,48,36,54,52,28,27,3,72,65,51,70,7,30
129,69,57,14,32,23,5,12,34,28,61,60,36,52,43,58,37,1,41,6,11,70,62,30,66,2,63,29,4,7,55,18,68,33,64,25,31,21,40,3,50,16,9,10,72,35,47,19
130,4,61,35,16,42,19,9,23,12,41,17,37,33,8,70,48,26,47,13,20,5,1,34,72,27,58,69,46,71,45,66,14,7,30,24,54,59,67,15,49,65,31,57,56,40,63,38
131,33,61,19,54,14,30,52,32,35,50,38,31,59,13,6,15,70,69,56,64,39,37,24,48,17,3,45,29,62,47,8,36,43,55,49,5,66,63,1,11,65,4,42,16,27,58,57
132,67,10,27,39,42,58,46,36,6,47,57,49,43,71,3,5,38,62,59,11,13,69,72,30,31,23,64,4,56,45,8,44,37,55,33,60,14,28,29,15,19,32,35,34,22,63,52
133,46,33,53,42,71,54,66,27,6,60,21,55,68,1,37,34,72,43,39,5,36,64,59,19,32,45,26,22,10,62,3,61,9,15,70,44,63,65,11,57,35,4,23,2,13,58,18
134,31,42,46,65,71,3,66,6,57,1,62,54,23,15,47,4,30,58,14,60,24,64,8,7,69,61,5,11,16,70,9,21,22,13,48,20,10,34,59,52,63,17,50,39,29,32,19
135,30,31,26,36,45,55,69,37,29,3,41,19,46,71,56,61,28,23,62,4,15,51,60,50,66,40,11,32,14,21,63,49,68,54,64,58,10,47,13,24,9,17,6,12,20,39,38
136,10,22,62,39,61,8,65,13,35,31,57,6,34,66,28,15,59,72,46,4,70,17,2,68,71,9,30,19,42,24,63,7,53,54,32,51,33,37,5,1,20,27,52,44,41,49,25
137,20,66,40,10,25,62,59,31,13,24,17,41,22,7,29,64,32,48,28,3,56,61,19,68,21,60,47,9,39,44,42,23,43,50,51,16,53,65,46,71,70,12,2,58,14,1,6
138,67,49,48,24,23,13,65,71,12,38,54,17,34,11,14,52,19,55,15,58,72,30,46,70,59,7,10,31,22,6,68,36,47,57,43,21,63,41,2,33,53,5,25,45,18,16,42
139,46,40,1,23,44,17,51,70,41,19,8,36,39,57,18,49,21,55,2,28,14,32,38,37,35,3,59,12,47,64,56,52,50,65,11,16,31,68,66,33,60,4,25,42,69,62,20
140,51,65,69,59,57,23,28,13,30,67,16,55,33,25,44,43,18,39,2,53,45,31,6,27,22,11,8,52,1,19,12,17,49,37,9,21,63,54,36,42,40,56,4,26,15,29,71
141,69,8,47,35,72,23,14,36,5,45,20,32,51,61,42,11,34,50,19,24,18,6,7,16,21,15,66,62,52,38,43,65,54,12,39,1,68,3,59,41,27,22,53,25,64,28,40
142,54,34,39,18,12,35,59,23,48,45,9,66,49,13,22,36,50,52,70,69,72,33,3,16,67,20,42,10,7,32,38,30,25,11,19,46,65,17,63,51,37,24,64,4,8,2,5
143,43,11,1,53,5,34,28,45,22,70,42,72,48,56,52,12,64,16,24,8,31,39,63,38,27,3,26,21,44,33,7,55,68,58,67,13,69,9,19,46,37,62,54,2,18,65,59
144,26,20,27,69,5,37,3,40,68,51,4,41,47,60,33,55,8,24,6,7,45,25,34,32,21,57,66,29,15,72,49,1,63,61,67,36,46,9,59,12,50,16,70,19,17,31,42
145,10,62,45,46,28,4,50,59,67,22,40,56,2,11,35,14,24,18,25,43,32,55,39,42,52,21,68,1,57,29,26,36,60,64,37,70,13,31,23,47,72,16,8,54,69,6,19
146,4,31,52,7,27,38,2,50,23,62,54,3,61,13,71,12,43,58,11,49,68,35,8,69,33,37,40,26,55,46,14,65,6,19,60,1,39,59,16,41,56,20,53,34,10,32,70
147,37,45,34,10,23,20,69,15,16,52,30,11,46,60,6,49,57,70,36,54,31,22,47,72,26,5,63,56,39,21,35,71,28,38,19,1,14,8,51,50,67,17,27,18,44,9,12
148,55,21,56,71,58,68,46,32,38,14,62,42,25,49,28,13,20,47,37,11,26,45,30,31,66,18,27,67,5,44,59,1,29,70,24,69,39,33,6,22,51,50,16,9,60,40,64
149,36,56,68,16,53,32,34,44,14,54,62,51,17,71,24,57,67,55,45,60,42,31,21,69,15,41,12,7,35,66,37,65,13,28,19,61,40,23,11,59,27,1,48,63,6,25,39
150,27,50,71,3,46,17,64,65,5,16,52,23,47,21,20,57,6,69,48,10,44,38,39,49,25,32,41,68,54,70,11,9,18,45,43,13,22,4,61,59,34,19,58,8,53,60,62
151,37,71,65,24,32,42,3,41,28,8,14,61,2,43,60,64,31,9,66,59,56,11,1,21,6,5,13,52,33,15,25,22,46,44,29,10,63,40,36,62,34,27,4,35,20,51,17
152,34,53,54,66,65,14,60,59,16,46,19,52,27,48,3,2,47,42,15,38,25,12,64,55,70,22,9,40,71,69,49,28,13,32,18,26,17,20,11,21,51,39,50,29,30,23,67
153,15,7,43,59,12,68,3,60,39,42,38,44,32,47,56,2,36,4,34,24,13,18,5,55,6,64,52,28,31,27,58,71,67,65,33,51,62,11,16,19,63,57,70,25,8,26,17
154,22,28,60,39,67,47,1,53,38,65,68,64,21,66,34,17,20,25,12,10,14,26,44,30,72,15,8,50,70,54,45,58,27,71,48,61,51,24,32,63,31,69,7,2,55,56,29
155,72,59,13,8,47,19,55,6,14,26,44,11,29,39,66,3,27,68,49,52,18,48,38,17,31,35,10,22,32,65,12,25,4,62,9,34,71,28,57,46,5,54,42,7,69,56,15
156,70,19,51,59,52,3,55,48,47,60,66,65,72,9,27,38,68,58,26,15,28,14,18,1,63,31,22,49,21,64,62,36,43,16,32,24,54,69,50,56,67,30,7,6,71,20,35
157,13,14,56,38,60,69,43,64,12,18,27,53,67,30,23,21,57,71,41,29,11,32,25,17,50,4,7,20,31,34,9,10,54,6,19,24,33,15,39,68,45,48,70,52,65,26,63
158,52,5,26,72,68,15,50,2,38,47,19,23,57,63,17,66,36,70,51,11,62,16,49,22,40,35,45,59,8,48,44,32,69,31,53,18,13,30,37,6,43,54,46,1,27,10,39
159,45,27,39,64,36,47,6,2,46,51,30,17,70,42,55,71,16,68,40,22,38,18,3,35,11,4,33,24,1,65,19,9,32,7,20,48,28,58,67,61,66,5,53,72,41,12,52
160,22,37,52,7,41,11,67,40,72,3,62,48,61,23,44,53,14,68,33,57,59,32,51,64,45,15,36,35,63,19,46,24,28,21,71,1,56,18,47,69,25,4,58,20,66,9,16
161,33,72,37,54,47,27,9,49,53,1,19,69,7,32,71,58,60,56,5,3,21,4,34,39,24,51,15,2,26,6,28,70,55,66,63,12,16,45,13,44,18,17,43,46,35,29,59
162,14,34,33,35,16,24,21,23,54,36,5,20,58,22,32,61,7,69,60,27,37,26,48,15,45,50,44,67,2,41,71,11,53,8,39,51,29,72,55,3,46,70,42,38,57,31,63
163,18,13,33,30,46,40,66,60,25,64,24,28,62,56,53,23,9,36,48,57,35,49,52,2,19,71,3,7,4,67,10,65,44,31,59,6,29,5,42,72,32,55,8,26,37,61,20
164,41,37,38,48,50,13,25,46,18,31,7,52,70,6,44,5,54,64,8,29,26,11,20,3,59,57,17,49,23,21,66,68,24,47,35,53,9,19,69,45,56,58,55,27,39,40,33
165,57,28,69,4,41,43,11,47,54,18,1,40,46,13,27,35,29,32,48,71,59,64,8,31,67,37,7,66,19,60,44,49,15,14,17,55,9,3,24,21,68,12,16,33,70,58,53
166,28,36,35,59,2,19,11,27,34,61,56,1,18,67,31,21,64,60,5,32,14,30,45,38,6,65,33,55,50,68,62,44,4,46,39,43,54,10,49,13,41,72,37,3,22,40,9
167,60,13,23,69,72,28,10,1,8,33,22,31,52,11,70,3,17,46,58,27,37,71,12,62,45,6,56,57,5,64,67,34,68,63,49,54,41,30,61,14,7,24,35,38,47,26,4
168,60,36,21,11,57,51,68,24,52,71,17,20,66,4,15,38,55,13,43,19,50,6,56,33,58,35,12,70,61,65,22,42,8,25,40,32,37,18,64,16,44,67,41,45,5,23,63
169,36,69,40,37,67,31,34,57,6,23,51,14,39,56,46,28,53,21,4,58,65,19,1,71,55,33,20,43,61,48,72,54,9,17,41,11,15,35,3,2,24,63,66,70,25,10,32
170,48,71,46,31,25,39,70,1,22,5,51,13,57,52,65,53,61,72,38,64,66,11,8,49,21,2,43,28,27,69,20,18,24,7,44,34,4,29,54,41,19,60,9,59,67,47,6
171,65,45,10,34,5,71,2,70,54,68,72,11,52,33,3,22,37,24,42,29,27,16,14,23,36,67,6,66,35,15,25,41,46,38,48,59,20,49,4,9,58,1,17,30,40,18,13
172,67,45,68,61,19,7,2,65,34,60,20,17,55,41,25,70,8,28,57,12,15,59,13,58,18,40,38,33,23,39,36,62,66,44,51,30,31,43,6,37,1,29,9,16,50,21,26
173,5,47,22,33,10,67,6,41,16,44,39,51,17,25,49,11,36,27,71,29,7,69,13,70,65,8,30,66,40,46,68,15,31,58,9,59,14,54,2,50,55,35,72,4,56,26,45
174,64,57,66,9,29,26,5,18,39,2,46,58,72,70,17,11,22,56,10,1,63,38,51,47,4,6,20,69,48,30,32,37,59,19,43,27,33,61,62,8,28,54,53,35,25,12,14
175,9,5,35,50,71,57,52,31,66,45,40,14,54,28,6,72,43,27,37,16,3,15,7,29,38,69,62,55,19,30,20,68,39,10,22,8,4,42,61,56,41,25,44,63,67,65,11
176,16,38,42,31,4,36,66,11,69,39,33,15,10,35,26,5,43,22,30,47,29,25,63,34,55,45,70,2,19,44,57,24,7,54,6,64,46,50,3,48,27,58,60,32,37,14,40
177,12,6,31,1,14,49,3,8,42,26,7,10,15,5,56,55,32,62,59,57,23,71,72,35,20,65,64,39,25,36,17,68,4,43,40,13,52,30,60,33,18,2,46,21,29,66,44
178,60,37,69,66,35,1,63,22,61,49,29,68,16,72,62,39,41,50,33,23,44,3,19,7,21,18,26,15,20,43,58,11,59,12,51,54,40,47,57,2,71,32,70,36,17,64,13
179,5,35,43,19,11,55,47,27,1,3,23,15,26,25,18,62,72,16,50,68,12,39,21,70,37,57,10,65,31,24,20,61,2,8,40,53,33,32,49,54,67,52,59,56,30,44,46
180,1,24,66,39,54,65,27,22,8,31,41,35,43,23,18,72,21,67,37,34,29,44,68,49,51,14,45,42,12,38,46,11,7,52,10,30,56,50,17,60,53,16,62,6,61,69,47
181,23,55,45,26,41,8,48,44,37,70,1,36,29,67,40,6,19,33,47,42,12,66,43,65,5,30,13,61,35,49,62,25,64,53,3,14,28,34,20,9,72,68,22,38,17,16,46
182,37,7,26,36,11,57,5,32,49,54,34,2,40,66,47,14,3,31,60,33,35,22,39,4,38,51,13,55,72,65,10,61,70,1,12,25,24,27,20,8,52,44,69,46,64,16,29
183,18,72,68,34,55,42,31,17,23,39,19,59,3,45,69,24,58,60,66,11,50,70,12,63,25,9,14,53,2,29,49,57,22,37,8,38,7,20,1,33,36,71,40,32,21,35,48
184,5,43,60,13,72,9,6,16,33,31,71,61,17,20,34,66,49,27,52,70,10,58,22,18,56,38,7,3,68,37,30,62,47,42,12,48,32,35,1,23,40,21,39,44,63,59,67
185,59,52,47,25,70,63,24,29,67,14,58,42,66,4,71,32,37,69,6,5,43,22,10,34,18,11,27,61,16,56,48,3,65,7,39,44,1,30,19,68,33,2,46,13,35,64,8
186,26,71,33,41,35,12,45,57,34,11,27,24,65,30,55,61,13,31,44,66,28,38,3,42,21,40,9,72,8,49,19,58,64,4,6,18,56,7,36,46,48,14,25,47,50,52,23
187,47,39,40,28,2,48,65,14,36,13,3,20,55,68,18,8,51,34,60,4,17,71,29,10,26,63,38,32,52,31,66,69,21,24,54,41,9,7,61,27,43,57,64,44,72,12,45
188,38,36,40,52,59,2,13,37,17,66,7,34,46,44,30,65,62,63,14,27,12,56,42,61,19,64,43,58,20,71,54,39,3,68,28,1,5,49,8,16,60,29,31,21,10,51,41
189,31,33,23,40,41,51,34,9,17,14,68,30,36,29,54,66,48,58,20,19,42,5,22,21,46,6,16,65,59,32,67,8,62,47,11,45,13,44,43,35,2,15,63,69,18,60,57
190,64,66,8,40,21,9,50,61,45,6,49,72,4,14,67,16,48,11,5,39,7,52,51,19,43,56,53,70,62,27,22,31,36,47,13,55,2,10,32,63,15,54,20,23,58,68,26
191,12,36,30,71,26,35,63,54,59,49,19,44,21,68,64,17,29,20,55,22,69,27,72,13,31,8,23,48,16,3,38,34,52,5,28,2,18,6,56,15,11,42,70,14,40,67,32
192,44,67,60,39,19,40,27,25,45,52,71,1,33,6,64,17,5,29,22,23,54,14,58,46,31,59,15,26,66,9,55,49,69,7,3,41,28,47,42,8,10,38,43,24,35,62,37
193,12,27,1,43,69,15,3,20,72,68,11,45,23,8,44,24,33,41,5,55,34,26,17,64,4,19,67,46,22,6,37,70,25,71,63,58,35,29,40,31,18,66,61,60,47,52,42
194,52,69,5,71,21,37,23,27,67,66,4,51,70,57,61,45,53,34,1,11,2,19,56,38,68,32,39,54,16,7,9,33,64,58,13,6,42,65,50,31,17,18,3,14,28,63,12
195,13,56,52,42,6,26,63,11,12,18,67,39,40,61,66,27,8,33,45,14,17,51,64,24,37,62,54,41,69,4,48,53,20,5,30,44,31,36,49,28,50,32,68,55,16,7,65
196,60,38,14,28,69,26,21,4,30,33,71,27,24,68,55,51,70,11,6,32,63,19,43,20,34,64,48,10,35,56,53,72,61,16,46,65,62,41,54,67,36,58,45,50,49,9,7
197,27,60,59,11,58,44,65,49,9,23,54,18,15,36,67,21,52,34,41,30,32,6,56,13,38,2,70,40,1,71,20,47,25,8,55,72,17,62,19,68,7,22,42,16,14,29,35
198,29,5,39,53,50,12,17,63,70,41,1,43,42,18,36,57,64,35,34,6,27,37,38,69,4,26,8,59,7,65,44,66,61,11,28,23,9,72,46,49,60,15,33,47,32,52,3
199,3,24,9,20,54,23,13,69,65,12,45,57,55,31,72,66,2,34,6,44,71,64,39,4,61,1,59,49,62,30,58,68,48,8,28,60,50,43,19,67,32,25,36,53,21,26,38
200,5,65,9,39,59,21,31,16,42,52,55,35,37,44,71,62,67,15,72,7,54,45,38,57,40,50,18,48,6,2,47,53,56,13,66,64,14,27,33,49,58,60,51,4,17,3,24
201,57,27,30,48,5,44,16,14,56,18,6,37,64,31,24,66,55,17,50,61,15,34,10,38,21,20,49,47,22,11,35,62,59,32,13,46,60,70,54,3,67,19,63,23,4,52,8
202,51,52,41,46,40,12,4,36,67,62,61,20,32,68,69,25,56,27,3,18,31,60,45,72,6,47,21,53,11,66,42,58,57,54,28,39,7,49,1,55,70,29,65,15,71,35,30
203,11,49,38,36,20,16,6,53,67,41,7,57,37,58,22,51,68,30,52,50,63,4,35,33,66,19,9,18,45,32,29,31,55,42,21,64,1,23,34,69,17,15,71,14,26,62,28
204,6,24,44,61,28,54,45,9,17,35,11,4,15,2,38,43,48,72,26,51,14,16,69,53,1,57,7,10,46,18,68,12,30,65,31,23,39,64,66,8,52,20,50,5,67,56,41
205,17,39,33,41,48,34,43,71,15,46,56,47,13,65,64,57,44,68,23,14,16,37,28,8,7,18,22,61,25,36,45,3,60,31,50,72,19,51,32,59,70,42,21,29,30,54,53
206,23,62,6,3,42,16,29,18,44,67,4,51,8,22,30,57,66,70,71,69,2,17,27,26,20,49,38,19,54,68,55,25,1,13,39,48,9,58,37,63,52,31,43,7,15,64,10
207,55,62,46,12,30,45,19,44,27,51,20,5,29,71,56,58,18,1,40,13,23,34,43,3,59,24,28,9,38,37,52,72,41,53,15,32,11,25,65,6,35,50,54,36,8,63,68
208,44,34,33,12,51,46,49,43,30,16,53,63,54,20,58,3,72,42,26,25,27,29,40,60,62,57,70,52,24,5,66,39,13,35,32,68,7,67,50,47,14,9,37,48,15,55,19
209,59,12,66,30,35,9,56,39,1,36,58,25,71,29,33,24,54,63,68,38,20,26,32,51,43,65,22,61,62,23,72,8,50,31,55,28,3,15,27,67,14,6,42,18,64,44,37
210,53,39,15,6,69,25,46,56,14,4,41,70,72,3,22,24,2,66,21,28,65,63,55,26,9,51,57,1,32,23,18,54,64,61,68,62,19,36,45,5,71,30,20,48,29,38,60
211,71,22,58,16,27,1,52,31,23,47,45,28,18,38,57,63,69,60,20,9,29,56,53,8,17,48,54,26,24,70,44,2,32,49,61,68,62,5,4,7,34,46,50,39,36,30,59
212,22,38,56,26,10,60,32,45,48,15,52,40,3,28,4,66,59,63,8,6,70,2,72,23,53,55,42,31,21,64,1,29,14,20,17,71,35,16,37,57,12,27,49,9,36,47,54
213,5,46,21,68,30,51,7,14,58,29,54,13,60,20,15,61,32,31,71,6,62,34,27,65,63,64,45,44,53,39,17,66,56,22,16,47,41,1,9,25,37,42,8,72,43,67,26
214,1,12,72,64,44,48,15,5,26,68,56,51,30,38,50,24,57,43,18,55,21,46,14,60,19,27,9,59,62,22,3,4,54,63,45,25,23,58,53,70,7,6,33,8,67,34,52
215,13,17,49,19,12,15,25,35,50,70,68,64,69,8,37,51,65,57,14,46,43,23,7,31,38,42,20,28,9,48,1,61,27,47,72,3,44,26,30,60,56,22,63,10,41,32,33
216,39,27,30,36,15,51,71,46,21,1,47,53,34,54,64,32,2,52,22,38,29,55,44,49,24,72,45,37,19,4,33,61,31,43,63,7,66,65,50,69,41,26,57,56,8,12,35
217,65,55,25,52,49,4,39,66,9,43,36,26,16,2,58,57,68,38,64,37,69,12,46,32,13,27,20,23,56,11,24,15,35,3,72,47,61,60,59,45,67,40,17,53,10,63,8
218,66,51,37,42,26,36,56,64,70,22,39,6,49,4,18,45,33,11,68,52,50,48,24,34,40,17,65,2,28,30,62,54,67,16,8,12,3,58,7,20,1,14,38,55,71,43,59
219,70,66,69,35,55,13,4,43,29,58,56,51,46,31,45,1,9,23,5,48,52,63,20,47,24,49,39,8,14,38,27,67,57,15,34,22,21,40,26,17,11,12,72,37,53,28,71
220,37,62,2,58,7,16,38,8,49,35,60,69,6,53,44,41,17,36,18,13,21,43,61,51,54,66,12,32,15,31,63,29,47,24,34,55,3,20,70,48,56,39,72,46,26,65,14
221,54,50,21,62,39,67,42,56,7,36,17,22,26,32,11,28,61,31,44,55,48,71,34,72,16,23,24,65,4,69,64,10,46,57,37,5,35,8,14,19,53,49,1,15,70,45,41
222,66,36,3,8,44,21,14,71,51,38,9,67,57,55,2,4,34,31,25,24,48,40,50,15,16,18,53,7,17,37,12,1,63,32,19,45,64,26,60,6,33,35,13,10,59,46,52
223,11,32,12,58,10,64,23,31,19,53,63,14,44,48,9,54,41,39,17,59,22,43,20,52,7,18,28,50,69,51,35,33,2,62,36,16,15,5,71,60,21,65,8,45,47,6,1
224,60,64,3,42,69,39,26,22,35,8,66,36,46,29,5,7,43,33,24,55,50,59,16,23,27,68,70,30,57,61,56,44,18,13,47,32,1,54,34,17,6,2,20,21,4,11,9
225,7,17,71,29,8,9,66,19,12,39,18,56,67,11,25,61,35,15,42,54,2,1,22,26,62,52,20,49,41,45,70,32,43,63,30,38,27,33,64,21,69,13,40,44,23,24,72
226,44,42,11,51,69,47,55,62,56,66,5,52,43,9,53,34,23,28,57,71,19,59,58,8,18,49,29,13,26,35,50,39,21,45,31,1,22,54,67,46,36,33,38,64,40,2,3
227,60,28,48,38,29,25,72,22,43,20,45,39,64,50,35,46,11,53,27,34,4,67,55,23,21,42,6,65,62,63,18,57,41,54,52,32,47,51,33,70,9,1,7,61,37,16,10
228,32,29,68,31,43,18,1,9,36,62,27,39,13,52,21,59,72,24,16,12,28,47,19,20,34,54,71,15,14,35,30,61,26,44,69,3,57,38,56,4,65,55,41,46,7,11,33
229,19,62,31,41,30,6,42,59,18,3,43,51,29,49,69,56,20,24,54,17,28,9,60,15,7,64,26,32,70,63,57,1,34,5,4,10,2,48,45,72,12,39,40,8,13,71,61
230,6,34,59,20,69,30,10,68,38,16,4,15,70,18,8,33,39,19,29,47,28,50,48,7,57,37,17,67,64,5,27,56,25,26,43,35,55,52,36,58,3,45,14,61,60,65,72
231,40,14,51,13,6,10,54,44,65,60,42,18,41,49,16,8,30,38,12,58,22,20,56,34,53,37,4,33,59,46,62,11,70,55,31,26,17,52,29,48,5,15,25,35,67,47,57
232,16,34,18,4,72,8,25,49,7,56,66,17,11,59,15,33,41,67,20,31,5,13,38,62,55,10,22,29,69,32,23,54,26,24,57,43,58,39,21,50,63,9,19,37,27,30,36
233,70,16,7,21,13,9,28,22,61,57,27,18,48,17,36,58,49,53,6,31,62,20,5,54,24,33,72,3,45,40,42,55,15,47,30,2,52,66,69,19,37,8,68,41,38,39,43
234,14,30,50,15,1,52,33,69,51,65,55,60,40,19,70,8,31,28,57,7,22,21,9,42,23,63,37,34,56,16,38,54,26,71,39,32,47,72,46,58,5,25,4,24,20,29,12
235,65,53,8,5,55,71,60,43,7,42,52,13,11,23,32,49,51,45,48,31,30,58,14,18,9,67,16,50,34,59,61,68,3,4,38,10,6,63,36,28,66,26,40,47,70,33,20
236,51,18,55,22,19,3,67,27,36,29,71,65,64,54,24,2,33,8,32,28,30,63,4,37,12,31,72,11,62,52,34,50,44,58,9,45,41,47,10,6,46,23,20,59,38,57,1
237,14,47,50,58,34,28,54,48,37,7,36,42,67,22,41,39,20,66,17,49,69,6,24,5,27,46,29,63,9,55,45,60,10,18,56,31,23,32,53,35,65,21,68,57,3,62,8
238,33,7,36,8,2,23,69,65,21,35,17,29,10,49,57,20,45,42,6,15,32,47,24,51,40,4,70,5,59,31,55,39,53,58,1,30,71,46,41,48,50,26,18,68,28,25,60
239,7,65,58,44,4,34,66,8,24,56,33,21,36,62,39,15,64,22,19,37,63,54,18,12,47,11,59,48,45,50,5,51,23,41,31,69,49,27,20,30,60,38,16,1,14,26,72
240,71,46,44,53,5,22,30,57,67,58,6,51,20,7,60,4,1,34,48,2,25,24,65,72,8,52,41,68,18,19,49,35,11,62,47,64,56,12,54,70,55,38,43,26,61,66,10
241,25,61,57,27,67,20,49,60,72,29,71,7,2,42,19,22,4,9,69,39,11,35,3,40,16,34,8,68,26,18,62,63,54,23,37,13,50,46,5,64,10,58,43,41,6,52,33
242,13,9,32,44,38,50,55,24,58,23,51,42,14,63,37,6,56,70,29,67,7,33,71,43,72,5,60,68,27,28,40,69,2,11,10,47,15,35,31,4,3,25,65,19,16,66,36
243,65,67,58,38,49,43,5,34,17,25,31,23,33,51,56,7,52,41,14,36,21,64,46,48,39,47,27,22,63,12,30,18,26,8,66,9,72,55,54,4,71,16,20,6,13,19,1
244,26,64,33,69,42,66,46,43,13,50,35,25,8,40,6,23,3,24,36,30,68,57,45,58,5,22,72,21,56,48,59,70,41,71,2,15,11,14,65,12,34,10,16,9,67,63,51
245,71,22,31,2,57,6,36,68,46,12,21,62,64,3,61,26,52,34,45,47,66,7,69,42,9,56,17,44,58,29,16,35,53,27,5,63,59,48,49,39,24,43,19,38,4,40,54
246,51,15,71,57,6,32,11,7,65,3,34,9,42,58,39,36,31,66,24,22,27,19,61,10,17,41,28,68,2,69,13,52,26,30,4,43,35,44,46,33,50,14,45,56,38,47,12
247,40,71,9,18,62,2,7,50,35,49,51,39,53,72,57,41,25,3,31,69,61,60,30,58,4,6,23,29,10,65,38,21,44,15,17,56,1,70,42,11,34,48,27,59,8,52,47
248,59,39,63,23,18,36,54,55,4,68,64,60,50,14,27,11,69,41,16,10,49,65,9,47,19,30,62,43,66,12,32,37,35,72,2,22,5,33,57,34,6,67,44,48,61,58,13
249,32,68,58,24,47,64,65,3,12,45,46,4,15,57,19,66,69,8,61,6,53,52,33,11,49,35,54,67,55,44,26,21,39,38,59,60,62,25,48,5,70,14,37,29,51,9,2
250,61,67,8,25,64,68,36,23,70,42,63,5,17,15,18,7,14,53,38,10,12,49,1,19,3,2,60,48,28,6,59,31,44,46,4,22,40,50,33,57,69,20,41,30,9,51,55
251,63,23,9,68,58,57,10,42,65,54,62,36,55,72,6,49,51,56,44,2,5,71,53,60,25,20,64,27,3,21,46,18,13,12,50,37,40,28,4,59,38,26,70,29,1,52,45
252,69,65,59,35,60,61,57,7,47,54,8,1,4,14,17,48,33,53,2,63,29,44,13,41,15,16,31,25,64,50,66,46,36,71,11,56,49,30,23,68,62,32,43,27,20,39,26
253,46,71,36,31,2,14,20,38,40,10,27,29,8,56,55,23,33,60,12,45,35,57,49,21,18,11,53,61,51,68,17,41,22,1,39,19,65,7,16,62,50,13,70,43,3,30,42
254,45,37,47,20,4,3,34,2,42,69,49,30,64,10,53,39,60,11,57,25,14,27,5,62,32,28,67,13,16,6,63,7,59,68,17,29,31,52,35,41,21,58,18,40,36,65,46
255,26,21,28,47,13,15,68,52,70,38,2,61,39,14,24,3,31,29,43,19,40,35,5,62,1,57,25,30,27,22,65,17,18,67,32,16,8,55,54,63,37,53,23,69,49,59,58
256,30,38,61,10,54,60,51,58,28,53,31,36,19,63,5,52,39,7,34,6,16,41,49,68,12,56,67,59,21,33,18,55,40,9,37,72,46,69,71,22,42,43,35,32,3,26,15
257,9,71,15,67,63,12,53,1,25,55,68,50,45,20,26,11,58,32,5,69,35,44,33,56,13,8,36,28,17,66,41,59,19,42,14,6,57,4,21,51,61,65,38,3,2,46,18
258,52,70,10,59,28,46,30,71,7,37,47,33,4,41,3,34,1,45,22,24,61,20,64,21,57,60,39,49,8,35,55,27,51,72,15,29,25,9,19,11,18,65,6,17,5,67,58
259,21,4,44,32,56,51,58,30,34,69,64,38,5,63,9,1,6,11,71,72,47,17,35,62,49,19,67,43,57,54,61,7,39,2,40,16,18,45,50,8,66,14,46,26,31,28,12
260,30,69,3,55,43,7,48,44,10,14,12,51,45,23,54,72,6,71,26,42,32,64,70,41,29,40,50,25,20,66,61,57,38,59,4,36,17,19,56,39,16,21,46,11,60,37,58
261,20,42,61,1,26,7,16,60,25,6,50,54,56,19,32,34,13,5,38,66,52,9,43,57,71,41,51,29,24,21,23,53,36,44,28,37,27,18,70,58,12,17,69,49,59,55,2
262,11,15,12,30,7,45,72,48,46,32,17,49,16,52,54,5,35,14,19,21,9,56,1,28,66,10,26,70,41,29,59,3,43,69,67,31,42,47,51,58,33,13,6,62,40,55,18
263,7,65,15,32,47,3,13,71,53,55,49,24,67,42,6,27,44,16,28,4,62,66,68,56,69,25,46,57,14,59,36,26,5,34,54,37,63,31,35,45,41,50,8,2,40,60,52
264,56,67,26,5,8,33,31,12,65,15,32,38,37,36,63,25,47,28,72,1,11,9,50,21,59,24,20,2,53,52,66,18,55,44,68,14,3,54,42,48,60,57,19,7,6,69,64
265,8,24,50,27,63,49,68,10,56,48,52,44,1,61,58,18,34,42,2,32,30,23,38,29,12,70,43,13,53,28,55,17,11,57,47,6,37,4,46,35,71,16,3,36,26,72,21
266,49,40,32,47,17,13,29,51,42,41,45,57,72,31,70,1,37,22,35,16,53,56,6,4,8,2,3,38,59,19,23,63,27,58,61,65,71,12,14,20,43,21,50,52,46,48,69
267,62,49,66,71,5,20,56,17,28,37,48,19,50,27,3,11,14,72,23,39,15,57,26,42,21,38,44,4,7,59,53,60,64,51,31,6,25,58,2,30,16,52,1,54,24,18,68
268,58,26,27,46,28,60,65,20,71,51,38,30,55,14,8,70,2,18,4,39,40,57,15,42,43,53,44,21,10,48,3,54,29,66,35,24,33,41,45,19,17,61,37,5,25,59,63
269,3,66,52,28,7,8,40,27,57,12,43,61,29,31,10,41,37,71,64,55,15,23,19,65,2,33,25,14,69,70,24,22,67,42,53,44,11,16,30,6,39,49,36,63,26,45,9
270,20,45,39,65,62,9,59,49,19,36,37,34,41,50,47,60,6,61,31,66,67,68,48,1,57,28,3,63,55,33,22,32,12,38,26,35,52,43,51,21,70,42,5,27,40,58,15
271,14,56,10,21,24,19,54,15,37,4,29,48,66,27,63,12,9,5,59,50,65,23,51,35,42,41,61,68,3,72,38,8,31,32,11,13,22,2,55,20,49,58,44,34,52,30,25
272,19,29,68,30,34,6,64,61,14,43,39,21,65,23,2,69,67,45,66,58,10,35,4,13,46,3,17,55,25,36,12,52,1,11,49,56,42,47,41,62,72,32,48,71,53,54,9
273,9,33,12,31,32,50,70,36,72,20,16,35,55,56,48,58,8,44,34,38,1,57,13,59,65,27,63,17,64,39,15,49,66,67,71,52,11,21,22,37,43,68,19,29,45,42,51
274,44,60,30,67,41,18,20,5,71,17,45,68,21,51,62,11,12,53,40,19,6,42,32,37,25,8,2,66,23,72,9,50,15,59,28,22,29,14,43,26,52,54,56,3,49,27,13
275,72,68,50,11,66,23,34,13,54,22,21,70,8,30,25,6,17,3,58,65,51,42,33,26,61,63,7,48,62,32,24,43,39,40,60,47,64,38,4,5,55,41,28,2,52,19,29
276,46,9,31,72,29,25,53,30,36,63,64,51,48,52,13,65,4,43,23,44,5,39,2,10,57,16,32,62,40,70,14,56,45,22,69,26,60,24,41,12,7,6,34,17,18,20,37
277,51,65,44,30,19,10,50,48,53,68,26,11,16,63,28,49,22,8,57,31,9,2,41,20,1,12,18,40,66,70,6,52,58,17,43,59,67,64,62,4,61,37,60,21,47,45,34
278,55,13,67,30,27,17,35,2,15,58,14,23,12,51,40,7,56,64,71,42,8,34,47,39,28,48,46,44,63,11,10,62,6,16,9,21,69,36,59,29,43,41,53,24,33,19,60
279,26,9,29,44,14,28,3,21,60,61,53,13,69,36,39,67,70,35,71,38,62,27,31,50,7,8,63,55,56,48,49,30,24,64,72,65,57,66,32,25,52,42,17,45,54,46,34
280,34,67,41,7,30,61,44,20,19,24,43,31,12,49,64,23,55,5,48,42,59,46,3,27,71,62,50,22,69,1,40,39,53,17,9,58,28,14,66,8,72,2,65,21,35,6,33
281,62,10,63,21,38,22,66,56,6,26,49,9,48,60,46,44,24,64,33,17,14,36,2,3,1,43,67,68,69,18,30,37,19,35,23,45,65,34,72,12,40,57,13,15,59,70,58
282,10,71,21,43,65,52,34,53,64,67,39,68,61,47,23,25,55,6,44,5,12,26,45,57,8,3,33,58,20,50,15,30,72,56,46,22,51,17,66,37,59,13,14,63,2,1,54
283,72,51,10,12,32,15,5,53,7,3,13,8,23,46,42,25,63,19,26,48,37,57,18,43,40,49,71,38,65,59,45,35,62,29,68,24,41,20,55,58,60,27,14,67,30,28,36
284,47,14,3,72,58,62,15,39,51,60,16,69,52,42,17,20,26,4,50,66,2,48,59,33,19,31,64,45,18,12,41,24,6,35,38,53,28,23,11,54,46,32,67,25,1,29,56
285,28,13,35,67,41,60,57,63,6,8,29,12,46,23,44,30,24,33,3,50,37,42,11,18,27,22,64,4,31,55,5,43,68,15,47,39,61,36,25,16,70,51,48,65,58,1,34
286,62,49,5,9,60,31,43,67,48,26,1,4,10,34,39,21,3,13,18,33,35,17,68,57,19,12,29,6,69,54,28,42,55,56,22,51,44,14,45,23,71,15,2,8,30,16,27
287,11,59,39,52,43,48,26,56,65,37,5,17,8,28,50,71,35,32,68,61,55,64,49,20,25,7,46,13,21,60,6,63,23,24,36,54,3,9,51,67,4,62,66,40,33,15,19
288,42,69,53,67,19,34,32,45,9,28,7,70,72,17,56,26,66,59,12,38,23,41,5,71,57,4,25,1,46,6,60,3,40,20,14,39,35,31,30,63,21,15,47,29,18,58,22
289,66,33,21,51,3,39,47,59,41,26,18,72,15,34,29,62,50,20,70,27,10,40,53,5,11,9,16,44,23,28,36,13,60,46,37,55,8,25,35,61,49,54,7,52,4,45,64
290,45,69,27,62,58,61,36,25,48,4,35,17,37,14,19,16,57,11,67,38,42,26,44,70,54,56,53,24,63,71,32,13,10,21,9,3,20,64,47,40,34,28,30,55,50,31,15
291,43,27,21,18,45,22,8,47,60,15,54,16,66,23,56,42,65,31,53,58,40,38,48,51,35,32,20,67,5,36,61,41,19,10,57,33,37,1,59,63,13,44,55,71,49,4,3
292,12,56,7,27,37,67,3,5,25,68,28,39,30,55,26,35,31,38,24,48,6,63,69,53,44,52,34,42,59,58,61,8,45,72,40,33,66,22,19,43,2,9,36,20,15,62,14
293,9,61,50,4,40,22,38,26,24,65,7,46,34,66,36,59,37,29,27,53,41,48,44,39,43,45,58,54,20,23,52,51,35,28,47,18,64,30,2,67,10,25,69,60,1,15,17
294,3,47,33,49,59,18,25,62,23,12,35,5,58,7,11,61,42,41,28,39,16,9,45,10,30,50,54,66,40,29,20,38,32,53,48,56,71,57,70,6,27,19,67,63,15,44,2
295,38,71,10,62,67,43,55,42,39,63,25,60,7,48,56,16,57,36,26,37,22,66,1,2,32,12,4,27,13,30,21,69,72,15,29,52,41,68,9,47,11,14,64,3,33,35,23
296,62,72,36,8,19,50,55,5,32,38,52,7,2,26,39,49,14,31,40,27,46,33,20,58,56,28,17,54,69,43,44,9,30,59,13,42,47,12,48,70,15,35,6,60,29,65,22
297,13,48,36,10,66,4,40,61,65,45,72,14,67,38,22,24,6,19,51,25,29,33,55,12,50,34,35,53,26,21,42,60,2,32,70,23,71,64,54,63,30,52,8,27,43,17,5
298,48,45,32,7,16,36,71,35,5,34,10,23,19,47,55,53,63,56,21,15,60,72,59,22,11,33,29,20,1,51,6,25,30,39,3,24,40,26,2,12,42,4,68,62,8,58,61
299,32,47,18,62,70,43,15,2,37,68,21,39,22,56,36,12,13,5,26,44,51,66,49,30,14,71,59,42,41,67,50,23,16,17,46,19,27,53,52,4,8,40,58,48,6,1,7
300,60,8,16,56,57,31,35,30,18,53,40,68,48,65,21,54,46,14,29,9,22,24,27,15,43,70,49,51,55,72,44,25,3,7,36,13,45,5,17,64,69,10,19,11,4,23,42
301,57,13,64,11,4,35,29,6,36,72,59,16,51,9,12,5,24,37,33,60,10,71,34,28,21,45,55,65,2,20,56,46,38,40,49,48,15,50,8,47,1,42,3,17,31,32,54
302,58,72,1,36,31,17,6,9,30,26,28,60,42,13,12,27,5,18,7,47,35,45,32,48,20,56,65,44,40,39,3,61,66,62,43,14,54,52,23,64,37,70,69,4,38,67,46
303,11,64,58,49,33,71,20,22,5,68,41,70,44,30,52,36,40,63,42,10,6,53,62,35,48,27,4,13,50,19,47,67,72,60,55,1,51,16,14,29,3,34,46,32,18,61,59
304,13,3,65,58,56,20,42,71,5,6,1,39,55,60,35,49,14,7,46,24,22,18,33,53,15,66,67,69,61,47,34,63,4,28,17,62,25,40,16,48,45,9,50,54,30,52,44
305,41,35,60,36,72,11,71,65,8,55,18,4,23,50,58,54,39,21,53,43,7,32,52,59,47,2,9,45,29,26,40,63,44,34,15,68,42,62,6,20,49,17,13,66,64,67,38
306,58,68,53,67,31,45,50,49,2,46,47,1,10,14,16,62,30,55,29,22,37,35,60,21,3,42,41,44,69,72,52,4,48,36,54,65,11,12,24,63,71,61,26,25,7,8,13
307,49,59,72,4,43,60,38,63,33,7,14,16,3,28,48,17,36,51,65,35,37,19,26,53,54,66,44,27,1,39,50,42,20,6,22,45,23,69,13,70,64,15,11,29,71,52,31
308,39,55,5,19,41,36,13,28,48,58,60,8,54,31,66,62,12,51,64,17,1,47,56,11,65,26,35,32,50,69,34,23,53,3,6,16,22,20,15,14,30,18,38,52,37,21,61
309,32,12,48,35,67,59,1,37,34,72,25,44,62,71,66,36,50,31,2,23,58,26,19,39,60,22,69,20,33,3,13,68,70,7,24,28,61,4,45,42,5,6,38,9,8,64,46
310,43,57,3,5,33,60,59,21,56,19,30,72,2,13,20,28,36,6,22,42,17,69,4,31,62,52,48,50,51,34,67,41,29,15,18,23,49,66,8,45,53,35,26,16,11,68,63
311,60,51,52,19,41,33,26,46,17,4,28,32,2,49,44,10,25,54,30,9,24,23,12,48,14,65,31,22,72,40,45,59,63,39,43,47,42,27,55,68,67,35,50,20,29,38,34
312,3,42,27,71,45,23,5,59,51,26,34,69,32,52,39,2,9,70,7,65,31,19,11,4,72,49,60,57,30,41,22,17,33,53,28,29,21,62,68,46,61,67,12,55,6,14,58
313,16,18,61,39,25,28,24,42,65,15,58,8,36,51,20,3,67,7,55,32,1,49,41,14,69,45,52,26,46,34,17,30,35,4,6,38,62,2,5,22,31,21,40,44,23,11,47
314,13,59,44,36,12,20,34,15,51,19,67,40,30,71,22,65,55,24,70,62,25,5,17,48,46,2,16,68,35,27,1,53,64,50,45,29,42,6,8,52,72,47,7,3,63,28,23
315,40,33,41,7,30,34,32,11,2,66,70,20,17,54,38,52,50,26,43,44,14,27,9,37,25,48,12,49,24,56,61,55,21,5,10,47,59,31,64,35,6,42,68,23,67,51,58
316,11,72,2,12,46,19,50,28,38,55,44,7,10,67,63,71,9,64,39,27,48,62,65,42,43,30,4,6,61,66,59,1,23,33,13,15,52,51,20,37,47,41,25,36,32,49,18
317,31,6,21,56,69,66,61,45,44,40,41,53,39,70,15,37,24,23,5,72,13,58,25,59,65,52,18,43,63,67,29,3,51,55,48,1,2,54,34,33,16,12,36,8,32,27,11
318,47,52,4,35,6,12,48,5,26,2,65,8,17,45,33,62,64,28,3,1,29,14,40,42,32,69,18,70,22,19,25,41,55,59,51,30,44,13,15,67,46,27,23,56,58,31,53
319,13,20,46,72,25,16,64,3,15,8,45,38,47,17,49,33,32,66,26,52,36,50,60,61,18,51,14,6,4,29,48,12,59,41,63,1,44,56,70,57,67,24,5,30,54,68,21
320,67,18,44,28,27,42,43,64,32,5,17,46,33,52,62,54,47,34,26,63,58,48,25,30,20,51,56,24,60,31,10,1,21,38,23,39,71,68,55,16,50,4,3,29,36,72,2
321,2,7,69,6,14,5,33,60,57,55,48,58,18,42,21,15,22,47,66,41,37,34,9,52,26,13,12,1,10,4,40,45,53,23,61,43,8,46,64,67,30,27,56,20,17,19,70
322,67,63,21,19,44,61,66,29,51,22,35,64,62,72,7,12,34,5,69,56,37,26,40,8,14,18,13,42,55,31,43,41,60,10,6,39,36,28,57,2,9,58,27,24,16,54,23
323,44,69,20,21,72,34,22,68,70,30,41,23,26,59,58,24,11,35,45,1,18,3,42,63,32,65,60,4,51,31,25,15,14,7,55,66,61,54,28,62,40,16,49,57,47,9,46
324,37,61,3,66,34,32,6,47,50,68,16,13,70,58,65,38,60,29,44,54,18,15,55,56,25,41,17,28,33,19,11,8,53,36,69,67,57,24,7,71,51,64,72,31,49,46,52
325,39,26,47,27,53,30,1,40,20,33,19,11,54,2,22,71,59,37,52,12,10,66,58,68,41,25,18,49,70,13,23,51,8,56,38,36,5,46,43,29,65,24,28,67,35,14,60
326,38,9,48,34,59,49,16,29,5,37,26,47,22,69,45,40,13,39,6,19,4,53,18,3,32,35,25,20,56,14,65,33,44,71,15,62,57,51,58,24,21,27,52,46,43,28,23
327,48,15,58,30,46,27,21,67,8,51,40,69,49,22,36,44,55,63,52,59,71,54,66,32,70,14,33,37,5,65,26,4,56,57,28,13,3,12,35,61,29,7,16,25,72,11,62
328,57,16,7,4,5,19,65,59,38,24,9,70,55,56,20,11,37,27,13,43,67,53,26,40,44,58,45,71,47,41,8,18,52,35,23,61,29,46,60,25,21,62,42,68,15,28,51
329,54,18,2,56,49,61,31,62,7,26,53,44,38,25,65,51,22,15,30,35,55,43,59,36,17,47,58,9,39,45,12,37,11,40,41,13,1,33,64,23,70,66,57,8,27,20,48
330,51,2,23,24,16,48,11,71,54,67,43,46,62,44,69,53,63,65,33,20,49,31,1,34,39,40,3,45,6,58,70,42,52,25,12,15,19,17,72,18,57,50,27,66,22,56,68
331,57,25,53,70,19,49,59,61,14,51,47,55,39,9,41,31,56,8,40,22,50,36,28,62,21,37,58,64,69,38,17,68,11,15,34,13,16,18,60,48,12,27,66,20,71,7,1
332,68,5,50,46,25,64,21,11,1,53,70,17,37,7,31,10,32,9,2,23,19,29,30,72,59,69,26,16,35,27,44,3,61,54,67,47,24,13,58,22,36,56,12,33,15,43,28
333,44,47,5,21,32,20,61,7,72,56,48,18,28,13,25,54,43,63,34,24,2,67,40,29,23,66,19,38,22,11,3,58,15,10,55,33,52,37,6,60,35,51,53,36,26,14,4
334,49,44,17,65,31,21,10,47,11,15,22,52,41,4,36,13,63,20,2,35,5,60,66,14,50,29,69,7,55,54,38,46,71,59,68,24,72,30,56,67,61,45,3,37,53,70,34
335,56,10,69,48,36,57,62,41,8,38,19,70,3,54,26,25,53,4,23,18,24,5,67,17,55,49,71,31,35,43,68,12,14,1,61,50,58,65,7,20,21,15,46,6,37,16,45
336,43,66,45,15,23,28,30,35,25,19,44,13,51,7,2,71,53,57,40,4,72,37,9,22,33,42,54,3,31,14,49,20,17,18,12,32,27,48,59,16,47,39,5,58,62,68,38
337,44,26,32,9,3,39,23,53,10,67,35,61,40,68,51,52,56,24,22,42,8,7,71,57,27,1,50,49,11,12,16,19,60,46,20,21,29,38,41,37,36,17,25,14,69,64,72
338,72,66,23,34,24,16,56,36,48,46,20,27,14,52,1,67,59,8,39,71,41,19,17,61,32,6,13,26,11,49,25,38,31,50,21,64,30,62,37,10,44,65,22,69,15,29,60
339,63,26,60,59,21,1,50,5,38,13,17,6,12,33,4,29,61,48,44,55,23,45,31,40,56,52,11,36,27,32,49,18,10,71,9,34,67,14,69,19,28,43,70,65,25,47,24
340,71,6,16,32,26,9,45,66,25,49,69,1,15,23,54,38,41,8,34,61,18,50,63,37,46,3,64,29,28,42,5,47,19,58,51,70,2,62,4,56,31,48,43,33,52,21,36
341,67,37,54,2,60,65,24,36,44,15,49,27,29,21,41,53,51,17,7,39,9,6,20,13,52,10,32,71,38,1,12,69,48,63,43,46,3,66,50,22,34,5,68,11,4,23,56
342,33,39,41,45,55,42,14,22,36,32,11,62,28,4,10,71,1,67,9,7,34,50,63,5,72,59,23,31,19,56,2,24,35,29,27,61,66,51,47,6,65,18,48,68,46,53,16
343,8,57,52,9,25,26,33,35,60,15,46,17,58,71,23,42,40,34,21,70,45,55,10,41,53,27,43,54,51,61,48,11,18,13,38,6,3,22,32,72,36,4,24,19,44,56,37
344,64,33,67,42,58,45,9,35,46,53,71,19,21,8,27,6,66,25,3,34,68,70,28,11,65,63,54,44,52,62,23,10,37,36,15,2,57,17,12,4,47,30,69,1,51,72,24
345,62,39,50,13,64,26,6,23,68,4,1,69,42,21,60,22,41,30,18,17,16,65,29,54,44,57,53,52,66,49,34,59,45,2,7,25,3,70,35,9,56,32,11,20,5,27,67
346,8,29,26,6,50,54,18,53,48,66,60,37,41,42,5,67,70,58,10,39,44,22,36,3,51,57,28,49,72,62,56,25,4,30,32,17,33,2,13,43,69,47,12,34,55,68,35
347,14,54,59,17,29,36,34,19,9,71,48,7,11,50,60,41,31,45,3,53,47,32,12,64,33,18,49,30,70,43,56,52,13,39,8,42,68,69,16,23,67,55,35,24,15,5,66
348,25,72,52,29,15,38,65,20,8,11,43,27,42,19,56,10,1,39,6,9,66,4,26,45,55,36,5,53,33,67,17,2,34,35,40,28,64,23,58,37,21,59,31,57,46,41,7
349,32,17,48,24,19,59,66,40,72,18,13,47,33,14,1,70,61,64,15,43,45,3,44,35,20,67,65,29,21,60,9,41,6,46,30,28,25,39,53,56,31,23,50,16,49,12,54
350,7,35,54,10,58,60,48,61,55,12,52,14,18,65,71,25,63,56,1,11,51,62,45,39,21,13,6,64,2,33,53,19,50,70,41,44,5,26,42,37,24,43,67,20,29,3,28
351,59,60,43,71,46,32,70,16,53,38,49,52,27,24,22,45,18,28,72,36,29,10,44,12,51,64,20,61,6,58,5,37,8,3,17,66,21,39,40,7,25,41,54,65,55,14,50
352,28,24,69,70,68,18,40,52,33,17,34,7,32,50,16,21,61,11,39,55,31,37,3,19,29,51,5,45,71,67,13,42,58,8,1,41,54,53,38,2,25,60,22,20,14,47,48
353,68,7,8,62,3,63,30,57,50,35,71,31,40,41,34,51,17,61,5,29,24,25,67,39,55,64,23,43,20,69,27,46,36,48,53,10,70,65,38,14,49,18,2,60,22,4,11
354,13,15,63,42,65,32,16,72,31,66,3,62,12,44,41,68,51,24,38,39,64,14,59,5,46,36,21,50,19,67,29,9,53,56,2,69,8,7,57,52,26,34,48,30,37,10,45
355,20,71,47,38,53,43,21,48,10,12,44,62,61,16,40,39,64,68,55,13,45,14,49,33,42,31,23,8,5,32,66,60,30,58,54,27,70,46,29,25,69,59,24,18,72,65,11
356,16,33,24,11,27,36,59,12,32,48,50,69,55,67,58,21,65,63,66,70,57,60,22,28,4,40,45,26,47,46,53,52,9,42,29,41,34,31,10,54,17,68,39,37,62,44,1
357,52,25,40,34,67,45,2,28,23,63,16,18,70,46,10,37,43,64,29,4,36,41,38,48,35,9,62,21,17,6,65,13,30,54,11,55,68,24,66,60,53,5,12,33,44,1,51
358,61,5,44,43,59,49,8,3,68,34,13,64,24,63,57,33,16,42,55,65,38,23,58,26,56,1,50,14,12,32,2,41,18,30,21,7,4,11,51,66,39,31,60,36,17,9,48
359,46,21,41,52,49,44,13,71,36,60,32,14,54,59,63,66,33,19,72,45,17,70,7,22,39,5,9,12,56,8,24,68,69,65,25,18,27,38,29,61,10,64,3,47,50,2,15
360,25,35,42,68,31,17,30,32,4,70,9,65,20,69,49,55,72,29,60,15,53,23,61,67,46,26,63,57,11,44,71,5,8,52,66,47,12,59,27,39,16,6,50,28,37,10,40
361,8,38,52,55,66,32,26,41,22,71,5,30,42,58,72,3,2,69,12,20,46,37,6,63,50,19,45,62,36,16,48,61,39,28,21,40,47,59,11,33,1,35,9,44,53,57,4
362,68,47,48,34,67,12,10,33,24,61,45,57,9,55,26,54,72,6,64,36,39,27,7,16,28,22,56,50,42,43,44,23,14,31,49,40,19,20,53,71,62,21,13,66,15,65,18
363,70,10,37,26,51,43,3,58,30,14,42,2,24,33,47,49,17,25,44,69,68,9,55,29,39,64,71,35,57,16,23,62,1,36,7,46,22,12,66,19,54,34,5,52,61,53,11
364,44,66,61,43,20,9,46,35,19,31,3,13,15,65,4,64,36,22,41,25,8,34,5,51,12,33,50,63,37,49,30,62,1,45,27,42,39,18,7,2,52,55,72,10,70,24,16
365,61,65,8,21,38,30,48,72,41,22,3,50,4,34,32,67,5,62,49,52,17,11,55,18,70,16,27,63,24,19,7,54,56,10,26,2,9,58,31,66,69,20,57,44,14,47,28
366,2,15,62,17,65,29,28,61,23,31,52,68,10,18,64,48,46,51,13,25,71,22,8,9,32,11,47,35,44,14,57,63,60,12,36,20,59,30,70,21,33,50,56,4,6,34,69
367,58,11,15,47,67,29,63,60,35,24,16,56,33,3,21,34,39,32,14,31,66,10,40,57,46,65,9,19,26,20,69,18,72,1,59,37,42,30,71,5,64,8,62,70,54,51,36
368,46,32,47,56,55,57,49,44,29,43,9,10,21,18,59,22,4,52,27,38,2,11,39,19,12,45,37,13,26,24,34,5,35,17,20,61,53,66,31,50,30,48,7,33,64,14,1
369,53,60,62,41,21,22,4,5,8,37,14,55,10,3,57,31,66,7,11,35,34,17,46,71,72,44,39,69,48,2,20,30,65,38,42,59,32,52,56,15,1,54,23,58,26,29,9
370,41,58,38,14,45,28,51,60,53,47,20,9,50,48,44,46,10,61,66,34,32,6,8,69,54,39,71,22,72,5,63,2,49,55,31,70,42,56,4,23,27,29,24,43,33,35,18
371,65,64,39,6,1,46,62,44,56,8,11,37,59,52,18,50,43,49,35,54,48,47,10,15,66,45,13,42,9,38,58,5,51,36,24,3,26,23,17,34,63,22,16,7,61,53,2
372,47,16,72,14,62,9,37,68,15,27,36,49,51,25,63,70,58,31,5,29,55,13,4,28,19,12,45,26,61,56,34,52,18,7,21,6,64,69,66,71,43,3,54,22,41,59,33
373,9,45,22,72,28,2,68,1,48,56,5,58,24,35,17,50,12,30,60,8,33,16,7,70,6,52,32,15,29,20,4,57,19,65,34,39,31,67,64,46,71,3,44,54,23,49,63
374,12,30,10,28,24,38,64,70,63,61,41,14,44,40,65,71,42,57,68,11,1,32,66,49,60,6,15,8,7,37,33,13,34,17,20,36,35,22,53,3,29,23,26,72,19,43,50
375,43,54,71,63,7,8,14,48,1,53,68,58,19,41,18,17,39,72,28,24,46,11,40,36,32,70,60,55,5,15,2,26,20,23,38,69,34,6,21,12,50,65,51,61,35,64,22
376,30,68,22,62,55,16,5,44,21,33,38,39,58,31,13,71,12,6,47,29,18,27,52,35,63,24,9,61,70,65,23,26,17,36,25,72,14,46,54,7,43,64,49,37,53,4,66
377,2,14,57,38,50,12,32,59,30,46,47,40,44,71,41,19,21,54,43,67,5,49,9,15,70,52,68,4,48,18,56,45,72,25,28,29,27,23,1,36,31,39,65,20,60,34,42
378,3,21,6,12,37,49,63,58,69,38,18,41,19,22,40,61,11,27,7,36,42,31,25,24,43,33,1,15,53,23,32,62,60,45,4,9,35,20,17,59,10,52,46,48,39,13,67
379,45,54,34,58,27,57,40,7,39,25,13,10,17,70,66,26,48,68,32,3,4,12,71,28,18,11,69,65,20,23,22,38,64,24,62,36,49,8,2,42,43,31,52,72,35,29,33
380,56,66,58,59,64,46,63,23,16,39,33,47,65,3,38,35,67,37,26,9,27,32,5,7,1,52,70,14,51,60,68,48,11,15,24,21,55,41,44,29,62,25,50,61,13,17,57
381,51,68,35,44,30,31,57,69,34,39,29,66,49,38,61,53,52,72,48,40,33,13,2,4,54,11,23,55,36,18,20,62,24,17,27,32,6,56,59,12,15,65,45,47,70,26,10
382,64,37,68,54,55,3,65,60,14,24,30,38,5,8,10,67,47,12,71,56,9,23,22,66,39,15,43,40,18,72,27,62,16,20,51,13,21,33,4,53,35,59,44,32,28,2,57
383,59,52,32,44,14,57,40,2,19,22,60,50,8,28,24,11,55,3,45,33,39,13,27,61,34,12,29,65,37,15,4,23,6,30,58,51,71,53,70,72,5,10,38,67,49,66,69
384,12,29,57,11,66,6,52,43,33,53,10,69,8,38,49,25,22,32,34,55,47,31,67,21,64,36,39,50,14,24,28,65,26,3,23,58,7,46,44,70,2,16,17,5,61,15,18
385,48,31,17,36,54,14,50,53,59,37,3,57,21,24,49,27,32,12,8,2,60,33,46,71,10,58,20,6,15,38,25,64,11,19,40,70,56,47,4,65,29,62,41,9,13,72,51
386,72,5,21,26,64,1,65,34,19,63,13,30,48,55,46,4,47,15,68,54,49,35,56,3,43,25,45,6,71,69,60,58,57,51,41,66,39,16,31,59,61,8,50,29,2,44,17
387,7,13,56,39,19,64,58,33,46,66,15,69,25,50,42,4,17,37,20,70,1,52,55,24,28,45,63,54,9,71,12,22,72,30,29,26,61,3,59,8,23,67,44,43,11,62,57
388,27,18,34,12,66,9,45,23,54,3,70,63,69,67,48,42,46,31,49,38,20,47,58,68,15,39,5,57,41,65,24,14,22,64,13,60,6,21,2,8,19,29,1,50,32,44,26
389,42,25,18,64,54,46,10,67,13,32,24,47,40,17,57,70,30,63,19,33,34,61,14,11,16,52,65,2,26,6,38,28,1,72,44,7,21,50,20,45,36,59,51,29,39,5,66
390,39,66,68,29,65,64,24,9,25,62,67,42,47,40,50,18,15,60,57,59,12,45,19,69,22,26,1,51,54,28,63,27,55,52,48,10,23,58,3,33,5,53,56,13,70,31,8
391,18,34,25,17,68,29,71,35,26,23,52,37,51,63,58,3,46,2,50,66,16,33,69,49,56,22,8,14,62,70,28,24,15,57,38,11,53,45,67,55,12,41,60,19,59,30,61
392,9,66,54,8,51,34,14,63,5,70,44,27,30,43,10,18,41,36,21,52,72,71,62,64,33,67,11,1,26,61,37,49,20,65,3,38,45,23,68,60,56,46,47,28,53,7,24
393,47,16,42,34,19,40,21,27,51,14,39,59,50,30,12,28,57,2,22,20,24,61,10,41,66,26,8,60,29,37,13,38,5,1,72,3,55,65,7,67,36,6,45,64,11,68,25
394,59,25,15,47,54,17,57,69,1,23,66,52,21,31,4,24,63,11,14,9,12,46,51,13,56,19,71,7,44,72,61,8,49,10,39,48,70,29,33,20,18,35,28,34,65,3,68
395,40,54,31,5,19,33,32,12,28,1,7,21,52,42,39,4,48,58,29,57,61,18,55,64,41,49,2,72,53,38,24,3,43,13,70,68,14,11,37,60,46,23,50,71,44,25,15
396,24,14,25,4,31,5,63,16,45,44,59,36,12,51,47,17,6,23,29,37,71,19,54,34,11,39,61,72,20,43,40,57,3,33,2,1,30,66,26,27,49,70,10,52,13,7,8
397,66,12,35,13,6,46,69,28,36,10,4,56,1,37,25,52,42,70,64,26,23,14,22,44,38,65,30,71,19,48,68,61,41,39,33,51,29,15,67,49,20,32,27,59,43,54,53
398,70,22,54,65,16,51,38,49,50,8,63,40,64,23,11,36,71,7,30,62,52,46,26,24,72,28,33,15,47,10,17,20,4,19,56,29,68,43,2,25,57,55,3,32,66,60,67
399,9,23,59,16,20,53,14,55,68,5,44,21,69,42,32,15,62,17,70,18,39,58,26,49,52,1,54,6,64,63,47,57,3,24,61,2,31,51,34,11,29,33,10,50,13,40,46
400,9,12,17,58,68,16,51,54,48,6,5,60,13,21,43,7,33,4,34,20,47,55,30,31,61,53,46,22,11,67,65,35,50,45,14,32,3,72,66,63,18,24,2,36,38,70,15
401,41,68,40,32,37,56,55,44,39,52,14,29,65,19,69,51,9,71,27,46,33,3,54,61,17,12,36,30,45,6,26,67,59,50,28,62,22,11,53,72,21,49,57,66,42,2,31
402,45,41,8,6,37,46,31,12,60,65,2,57,43,16,20,56,59,10,66,35,23,47,69,39,19,53,44,48,32,54,68,50,15,4,9,24,72,49,52,22,62,61,40,1,29,67,26
403,67,10,40,72,4,30,21,42,52,46,25,15,39,1,47,14,5,51,26,33,48,38,56,54,57,64,27,71,37,50,35,66,28,36,29,31,60,32,53,65,11,70,68,18,44,17,63
404,45,30,71,26,67,55,52,51,34,5,41,46,11,24,72,60,25,31,22,68,40,32,33,36,19,63,69,23,47,10,3,64,59,21,29,49,42,56,1,15,50,28,8,17,27,38,57
405,31,54,45,19,60,48,17,46,43,16,69,70,38,20,58,65,4,56,21,37,11,39,66,2,1,7,34,42,35,29,33,63,30,10,5,13,64,22,9,24,55,71,51,27,67,32,18
406,41,55,19,2,46,15,56,32,6,30,20,35,34,4,33,37,28,63,8,68,43,64,66,11,42,5,26,65,16,62,25,59,58,18,57,13,49,51,31,54,38,52,39,70,27,36,3
407,9,61,25,16,35,8,4,3,7,34,46,68,6,56,23,13,17,24,5,10,47,60,38,71,72,2,28,19,49,31,58,30,51,14,66,44,55,36,33,53,48,62,1,40,50,63,42
408,1,4,30,9,43,44,62,61,46,58,40,6,45,60,19,66,27,26,32,49,7,63,33,51,37,52,42,41,67,20,14,23,64,10,25,38,47,35,12,68,17,71,15,5,16,36,59
409,52,38,24,3,69,11,13,64,23,50,20,25,12,42,62,8,68,16,35,41,46,4,56,60,9,54,7,67,17,18,14,22,36,59,61,48,31,66,45,58,57,49,29,28,65,44,40
410,32,53,46,1,21,63,11,34,22,59,37,45,26,18,38,33,72,66,64,71,4,30,31,42,19,5,35,3,51,65,57,62,68,67,2,55,54,10,25,43,41,36,47,56,12,28,60
411,47,63,5,71,10,38,54,15,27,18,67,4,70,30,19,58,49,34,40,26,56,45,41,14,68,32,39,64,17,12,1,31,9,23,46,57,28,20,25,16,21,24,59,62,22,48,42
412,71,17,53,62,37,36,57,8,66,21,60,38,49,30,40,54,59,65,5,46,1,35,9,31,34,58,43,16,45,23,14,39,4,41,6,29,32,27,13,61,3,7,63,20,50,42,28
413,61,20,46,44,24,72,40,62,31,25,2,45,38,17,65,68,41,15,3,29,35,37,55,12,58,5,69,56,22,8,36,11,26,54,9,4,48,59,30,63,66,57,70,10,16,51,50
414,60,61,51,52,72,15,29,47,63,40,49,17,43,38,54,28,58,45,8,3,20,59,24,31,42,7,36,22,27,53,10,33,21,1,71,37,70,56,14,4,55,12,11,69,26,50,41
415,20,60,40,63,51,58,36,66,26,44,15,71,52,59,25,42,35,3,68,22,53,5,12,56,45,33,47,21,38,24,11,8,31,17,18,64,70,19,69,65,37,4,43,39,7,46,72
416,18,38,39,71,12,61,52,47,56,27,14,3,13,16,53,63,69,21,65,49,55,36,72,37,20,17,59,26,58,15,33,32,40,48,19,44,31,43,42,4,70,28,23,64,11,30,24
417,42,68,71,41,44,65,51,9,5,33,20,22,55,53,18,38,47,11,32,1,16,54,4,6,67,63,25,66,12,3,48,34,60,64,19,50,8,62,10,28,26,49,46,29,58,30,40
418,21,8,33,60,36,27,12,43,10,32,6,44,19,34,63,16,62,50,41,45,71,25,23,35,61,40,11,13,57,26,15,70,2,52,28,42,18,47,53,69,30,14,66,29,22,38,1
419,28,21,22,32,45,39,33,34,67,14,72,53,23,50,27,1,56,13,36,66,35,57,18,17,3,19,7,43,48,10,5,31,2,51,65,16,29,62,52,15,60,8,42,63,9,12,46
420,12,53,58,56,22,28,8,50,27,57,61,47,7,46,35,72,69,52,11,64,15,29,34,20,30,62,45,5,68,44,40,70,63,9,32,31,54,36,37,17,13,6,16,49,39,66,55
421,67,53,64,63,66,54,21,60,12,46,27,62,5,30,13,35,55,47,48,50,11,28,9,16,52,2,59,41,44,22,38,26,14,34,7,57,1,70,8,32,4,56,43,69,58,23,31
422,23,19,71,54,29,42,56,72,13,64,15,33,55,34,27,5,3,9,57,4,20,10,70,24,25,26,59,7,1,61,12,38,41,17,46,45,60,8,16,2,31,6,43,40,51,30,32
423,35,42,31,65,17,60,26,62,47,28,51,9,22,30,72,58,37,56,8,40,48,19,55,53,12,54,41,32,13,29,15,68,49,61,63,2,3,6,71,46,20,11,18,14,24,16,44
424,69,25,29,58,3,27,34,54,35,5,33,62,9,49,11,17,36,1,41,53,26,44,68,22,66,21,15,2,6,37,51,70,12,38,59,13,31,18,7,63,65,14,20,48,40,50,60
425,66,69,5,47,10,35,11,8,40,19,6,41,9,72,17,12,23,67,25,29,57,49,7,4,21,2,32,50,16,56,33,26,24,37,63,71,13,44,18,15,20,14,60,46,38,61,45
426,33,28,19,47,30,44,64,49,34,14,58,35,26,63,46,61,50,32,12,55,41,71,36,11,29,20,72,43,45,22,42,25,7,69,39,5,9,65,56,4,54,57,68,23,8,31,67
427,37,53,15,16,3,6,46,45,20,13,5,62,67,69,24,26,27,50,63,44,70,29,64,48,2,36,11,68,33,14,1,7,18,10,52,41,12,54,22,66,65,8,23,32,30,17,19
428,52,3,65,72,15,39,16,4,34,58,36,5,48,57,29,66,61,63,11,50,1,49,19,9,21,47,64,71,30,22,62,69,51,35,14,26,56,7,37,8,17,45,31,2,41,32,33
429,55,47,31,4,37,16,3,10,72,2,12,25,52,66,22,18,30,53,28,61,62,43,20,26,11,14,49,23,6,1,21,50,71,63,35,29,54,40,46,7,41,44,17,48,42,59,38
430,51,59,22,18,65,63,26,67,70,10,64,7,34,32,68,53,33,31,14,37,16,30,15,12,43,47,23,60,50,55,36,62,39,66,5,29,9,1,40,38,3,57,69,58,11,17,13
431,67,10,52,4,40,24,21,22,27,8,45,15,65,23,19,20,51,58,7,69,72,31,41,17,35,32,66,64,61,68,29,34,50,59,37,63,43,57,71,48,2,14,30,42,6,70,47
432,36,63,56,38,1,45,27,46,22,20,55,66,50,31,69,9,8,26,30,10,18,5,28,24,37,47,68,13,6,67,14,49,15,25,70,51,16,53,64,43,4,72,39,32,59,65,61
433,44,5,33,69,7,10,20,68,6,28,41,15,19,47,50,46,21,29,63,42,58,51,70,36,71,56,60,34,57,13,32,16,49,30,25,43,2,66,23,61,67,22,11,31,24,45,54
434,43,59,48,1,34,2,37,39,3,57,61,35,40,70,20,8,71,38,5,24,58,60,10,62,44,69,52,45,15,64,46,4,55,51,7,23,9,30,53,54,17,12,65,68,6,16,28
435,24,33,61,70,29,49,63,38,37,12,62,35,36,13,21,26,40,51,32,31,47,68,25,69,52,34,15,44,7,18,48,45,23,14,65,46,10,56,42,22,17,27,53,57,50,2,72
436,55,31,30,64,22,25,52,71,28,11,68,10,58,65,39,62,61,50,4,54,48,34,35,42,43,2,6,18,59,12,66,5,1,60,9,57,14,70,53,36,37,69,41,7,20,16,49
437,54,25,60,63,21,23,65,56,24,61,46,59,8,57,52,64,27,66,6,38,55,33,11,42,32,18,39,28,47,34,9,2,37,44,72,19,1,12,15,48,58,3,16,70,69,7,62
438,66,22,24,36,72,56,5,28,60,70,67,50,39,62,52,14,20,41,23,68,12,64,8,15,1,7,35,40,16,32,21,43,59,63,31,13,46,18,27,2,58,34,10,44,49,42,3
439,4,70,27,21,7,29,51,31,28,37,38,62,12,10,25,53,72,26,49,1,30,48,59,32,19,41,3,68,35,65,42,9,45,5,40,64,50,20,18,54,52,36,24,2,56,58,61
440,58,32,39,18,27,49,12,65,15,16,51,52,2,63,24,35,6,22,19,54,69,62,60,42,41,71,66,68,44,55,10,5,21,31,61,37,57,67,28,11,53,34,8,46,50,45,70
441,51,55,30,28,71,72,18,42,4,29,17,63,50,43,21,62,46,53,20,22,33,44,11,47,7,54,64,40,67,25,58,57,68,13,23,1,2,37,32,9,39,19,5,38,6,24,69
442,19,37,60,62,17,30,70,10,5,35,6,39,32,38,8,4,65,67,1,45,59,18,48,31,72,55,51,23,54,50,71,57,58,9,26,22,52,36,61,69,49,2,42,53,27,25,63
443,54,46,63,51,52,20,64,11,70,3,32,42,55,62,68,30,13,61,7,38,67,22,25,27,1,2,21,16,28,50,18,56,4,36,23,35,33,31,72,66,40,65,9,34,26,12,43
444,14,41,44,13,22,61,9,57,32,19,8,46,29,53,6,1,38,21,7,67,51,56,43,3,10,64,49,42,36,45,4,40,15,31,23,12,18,5,60,62,59,63,54,48,71,27,72
445,2,63,26,32,66,27,30,7,49,48,8,14,69,61,24,62,58,25,13,67,70,17,1,21,16,68,45,6,64,52,18,55,15,4,60,35,11,51,5,54,31,22,71,43,29,41,12
446,62,70,40,11,58,14,43,48,55,23,31,34,35,2,69,13,32,46,36,64,59,19,9,53,44,6,51,8,54,60,22,17,50,26,39,49,38,30,7,3,67,52,18,25,42,28,45
447,37,60,36,33,23,29,10,24,31,65,55,3,71,32,59,18,35,25,63,53,62,12,66,2,61,4,41,64,7,15,45,47,46,27,38,51,52,40,67,28,42,54,14,20,58,17,9
448,36,47,23,20,21,37,61,6,19,33,62,72,58,48,41,55,57,13,5,22,56,24,46,68,14,35,32,54,31,53,38,50,63,26,44,30,60,43,17,3,12,39,7,65,51,69,70
449,10,24,12,43,32,26,46,50,47,42,5,53,35,62,1,34,54,23,67,61,2,30,59,9,36,69,19,49,27,64,14,6,40,33,38,20,8,70,16,65,25,51,48,17,56,71,58
450,15,61,64,55,71,8,31,68,20,33,6,7,44,39,32,30,29,2,26,52,28,17,63,19,24,3,18,9,36,14,58,49,13,21,53,54,5,41,11,46,34,40,57,66,10,45,70
451,34,42,5,17,21,39,19,28,70,49,54,4,63,72,37,60,25,66,50,26,44,53,48,14,27,18,65,36,46,59,45,68,33,51,9,55,31,67,52,22,71,2,56,57,6,30,69
452,29,54,53,23,6,33,45,25,34,35,27,61,72,56,17,37,14,46,13,52,10,69,28,22,47,16,50,68,30,36,5,8,65,41,32,64,21,67,58,1,24,63,44,71,40,49,39
453,53,52,29,33,58,30,22,66,21,20,38,28,62,40,57,37,31,27,68,39,51,32,35,59,24,7,48,50,8,16,14,67,49,17,56,34,36,18,60,19,42,61,5,47,72,55,71
454,5,50,46,45,40,68,10,65,7,69,57,1,48,18,53,62,28,26,54,43,63,51,39,16,27,58,20,17,13,11,24,42,49,52,44,36,30,59,12,21,15,29,22,2,67,66,64
455,20,9,46,60,38,6,59,61,3,14,71,34,8,44,57,52,19,33,17,5,25,2,45,21,63,64,13,70,40,30,23,55,62,39,36,58,68,24,56,42,18,12,15,69,43,48,4
456,6,49,37,5,41,39,34,21,15,33,58,52,64,66,56,18,51,26,20,55,13,19,38,40,35,65,10,1,4,12,31,72,16,9,69,2,63,3,29,44,57,43,30,71,23,11,17
457,13,39,12,29,37,31,23,32,9,4,54,33,49,30,55,19,61,27,68,58,48,41,3,62,43,11,17,26,20,15,22,24,70,71,18,60,1,7,10,69,44,66,59,65,63,2,8
458,26,18,14,7,61,54,39,34,68,32,15,10,5,50,44,24,30,69,41,17,27,28,1,46,70,56,31,4,49,38,53,21,66,40,29,64,8,71,22,63,33,42,11,65,36,19,55
459,59,45,19,4,9,37,53,26,23,36,32,52,28,56,1,16,61,69,2,25,20,48,66,51,13,8,67,12,50,7,22,70,17,35,5,60,21,63,49,65,43,41,64,68,40,3,38
460,31,11,42,54,10,49,46,71,39,18,67,56,60,12,47,4,1,24,29,50,66,3,16,25,45,32,48,26,27,2,13,68,7,23,33,65,30,61,19,63,62,9,51,37,22,58,21
461,49,20,14,40,58,22,47,62,2,67,69,31,34,15,48,11,29,25,39,36,9,42,37,70,72,13,56,16,60,33,71,44,53,32,54,1,12,51,21,3,6,57,7,4,65,35,59
462,43,22,18,61,54,20,57,34,58,68,47,25,38,49,30,46,67,19,64,70,24,52,10,5,4,14,59,42,33,45,17,62,31,50,9,23,63,26,1,3,41,56,8,36,28,53,51
463,44,55,42,25,45,63,34,35,18,6,9,12,60,40,52,10,50,27,24,15,36,58,62,3,54,43,69,53,23,31,64,30,2,4,11,70,61,14,19,32,29,37,66,39,67,65,28
464,16,18,69,20,33,35,27,46,72,12,9,3,37,59,61,62,13,7,65,70,6,64,53,54,52,4,24,14,34,60,36,56,38,41,22,8,17,47,66,26,10,68,2,25,63,57,5
465,13,55,18,20,12,44,19,67,48,53,35,7,25,68,21,56,71,46,61,9,4,49,10,14,57,45,31,43,50,22,47,24,62,29,8,38,34,65,26,6,16,2,63,69,33,51,66
466,60,55,3,30,61,37,50,25,64,8,66,68,53,5,40,56,46,58,36,42,41,72,35,70,71,27,21,13,39,24,10,11,62,14,67,34,4,54,7,32,44,69,9,1,63,12,22
467,42,41,1,9,70,29,14,33,19,60,26,5,21,22,31,49,11,43,45,39,44,68,15,36,34,4,48,25,61,16,56,13,57,55,12,50,54,64,6,24,58,2,59,27,62,65,3
468,56,28,57,10,69,65,26,52,62,6,22,24,7,43,38,9,18,29,42,15,5,49,21,37,48,14,16,64,55,70,51,4,41,2,12,3,39,23,59,35,27,47,17,8,45,32,53
469,44,67,45,72,39,24,8,15,65,42,13,46,55,61,21,1,62,38,47,71,9,41,59,70,64,63,52,29,48,50,14,58,10,57,49,26,27,54,12,16,6,3,51,7,22,30,17
470,42,19,7,43,59,1,39,65,20,31,18,15,47,3,49,24,27,70,4,50,37,34,10,35,64,2,60,14,62,71,16,63,68,26,48,29,66,38,58,5,55,40,54,53,13,46,57
471,61,43,5,15,26,24,21,33,23,47,10,65,35,39,58,19,57,70,9,13,62,32,55,49,8,27,53,29,59,69,28,20,72,50,7,68,34,48,3,14,64,40,54,42,37,56,44
472,23,13,38,47,15,10,6,40,68,42,53,3,25,65,16,18,52,19,49,61,30,45,64,21,60,22,17,58,63,57,72,31,46,2,27,20,5,12,8,14,67,41,33,36,66,39,35
473,49,55,56,60,69,7,62,68,54,71,61,17,30,20,33,42,27,63,70,43,23,34,15,14,59,24,51,25,48,38,12,5,57,29,3,47,53,72,6,37,39,16,67,1,58,46,28
474,9,59,49,1,16,40,4,57,39,17,45,5,27,47,8,53,51,15,43,33,55,24,11,30,6,58,60,12,37,35,34,25,69,36,13,66,65,67,19,14,70,28,71,64,41,2,46
475,60,58,51,41,53,34,6,19,68,57,2,22,32,46,49,48,62,23,71,21,36,14,17,30,64,18,26,39,25,54,63,65,20,47,5,24,67,55,12,40,8,16,56,13,33,10,59
476,68,51,14,1,71,33,54,11,57,58,23,49,30,66,53,60,55,40,48,64,2,46,32,39,16,65,13,42,5,9,70,69,4,62,18,34,41,17,28,31,19,35,15,26,7,22,67
477,60,34,42,39,70,51,1,31,54,2,9,33,41,57,3,29,43,46,25,6,59,21,48,61,63,40,69,27,68,24,30,14,67,17,56,52,28,18,62,45,13,72,35,37,16,47,20
478,23,63,60,10,68,29,20,32,58,66,71,54,50,69,46,62,43,67,17,19,59,70,41,30,48,1,16,56,51,40,24,27,26,45,49,7,21,15,13,11,6,72,35,55,14,38,42
479,20,71,49,72,63,64,27,54,47,65,26,7,36,68,23,3,6,16,62,58,50,11,14,41,46,69,55,17,21,56,24,34,12,42,10,61,57,43,59,2,44,51,31,67,52,13,25
480,34,20,32,11,29,70,71,5,15,7,55,38,39,8,69,35,9,53,25,49,65,12,3,28,47,4,61,13,57,44,54,6,22,59,62,50,23,19,10,42,17,56,30,26,66,72,63
481,2,54,15,9,4,57,31,65,26,64,34,21,55,50,6,53,41,48,60,12,1,33,14,32,23,68,24,66,62,39,29,5,3,7,45,18,16,17,61,52,44,51,40,67,8,37,27
482,17,22,68,63,69,46,39,37,20,32,8,53,44,21,65,55,26,43,13,70,11,23,2,50,51,12,35,42,36,25,47,71,18,24,4,16,27,19,56,59,64,72,7,5,38,10,14
483,52,47,22,54,31,37,53,10,39,51,60,58,29,56,32,19,33,24,30,23,26,17,5,41,69,8,14,13,38,28,61,44,59,11,72,6,64,49,57,20,43,1,45,40,15,62,16
484,61,21,8,15,34,3,50,43,68,55,13,20,29,62,45,30,47,38,57,71,31,5,60,63,10,39,33,58,51,48,25,36,32,4,52,46,69,64,66,12,18,16,14,1,56,26,70
485,50,40,56,44,9,20,72,71,47,21,18,45,30,23,8,38,46,17,16,4,49,53,12,33,36,57,34,2,27,32,13,70,68,19,61,52,5,11,62,1,26,15,51,69,59,58,14
486,68,2,42,64,70,58,71,52,18,9,62,50,22,6,35,57,51,27,12,43,16,61,60,54,1,17,46,21,20,8,53,15,66,45,34,24,14,29,40,69,26,32,65,36,30,39,72
487,12,1,35,8,6,10,60,9,68,48,40,38,22,54,30,43,13,64,18,56,46,7,2,37,28,49,63,19,4,27,70,53,41,29,14,61,33,31,3,65,23,32,57,26,71,52,5
488,20,41,59,7,5,28,44,30,48,54,51,16,67,8,4,42,50,6,46,24,35,1,71,40,22,66,13,34,60,26,36,58,72,23,17,64,65,70,14,47,57,32,68,45,63,21,38
489,57,59,71,15,54,9,49,5,11,53,16,23,24,28,17,31,22,35,68,38,30,4,8,37,44,65,60,7,61,45,47,13,58,64,51,36,42,26,10,27,63,70,12,29,18,69,62
490,50,72,63,24,19,49,3,70,40,53,16,4,64,47,54,31,48,41,46,52,27,37,12,59,60,29,65,8,20,17,71,34,2,6,21,7,45,35,57,62,58,51,67,13,18,61,1
491,59,50,47,69,17,3,48,40,23,7,43,60,30,66,13,21,61,54,6,37,64,19,56,28,16,4,51,67,57,20,11,46,14,18,24,55,8,12,49,71,53,44,29,39,33,25,65
492,48,61,18,10,6,11,35,19,69,21,30,60,52,15,72,40,50,57,53,26,56,24,51,14,4,20,8,12,27,25,49,62,39,23,17,5,1,47,54,66,31,36,16,59,68,22,65
493,49,27,19,55,72,23,69,71,6,32,5,43,42,16,17,20,24,15,33,30,57,28,10,26,18,68,8,38,11,14,61,70,59,47,29,4,66,7,40,54,39,46,50,65,51,63,48
494,6,30,70,41,63,35,58,10,7,50,8,59,22,25,67,24,5,28,37,53,18,56,57,9,62,34,17,12,64,61,21,69,36,44,3,68,19,16,20,13,47,33,65,71,42,11,51
495,3,21,44,23,11,39,33,13,42,49,62,40,5,34,25,28,35,14,18,59,22,36,10,43,69,61,17,32,53,60,71,70,54,20,52,50,56,8,46,51,27,9,7,63,67,47,26
496,52,51,31,71,10,50,44,17,34,27,25,33,4,60,26,72,63,36,54,29,69,16,14,9,58,8,48,42,35,21,61,23,53,18,62,37,12,32,28,39,47,11,46,57,30,19,68
497,20,47,28,43,21,36,57,34,12,41,51,68,63,64,9,13,60,54,37,26,46,30,4,24,45,59,5,44,61,31,18,62,56,7,66,50,19,2,35,10,49,16,11,15,32,67,33
498,45,42,53,36,11,64,9,10,15,48,33,2,52,56,28,71,12,31,30,24,51,32,57,21,27,49,66,25,4,26,65,6,67,63,37,50,41,43,5,46,13,59,60,14,54,18,47
499,35,71,65,3,25,70,13,16,63,7,18,60,46,42,32,29,61,67,37,64,24,53,39,38,9,59,34,48,2,22,26,50,57,33,1,30,56,49,20,36,44,27,11,23,41,66,5
500,37,53,64,70,14,16,42,52,24,29,54,13,9,3,59,15,20,6,25,22,19,28,36,50,62,66,11,41,17,7,68,5,48,47,55,65,38,61,26,67,45,56,27,31,63,51,43
501,6,42,46,21,15,38,34,40,54,25,20,43,36,67,11,27,16,12,33,18,63,64,41,30,61,10,22,59,66,52,23,32,55,26,3,9,14,13,28,5,47,72,48,51,37,44,58
502,15,54,18,68,17,26,36,72,21,32,69,5,44,20,14,56,46,43,63,13,57,9,58,65,66,67,34,71,59,64,30,53,29,55,47,1,31,7,11,61,49,19,22,8,37,39,38
503,6,48,9,62,44,68,35,39,60,12,47,53,55,26,18,51,34,49,52,13,29,42,72,25,11,50,45,7,32,59,2,54,64,27,37,71,15,8,57,10,16,21,65,67,61,19,28
504,11,58,36,23,28,33,64,10,35,54,71,17,72,57,13,43,41,52,55,5,38,56,7,69,8,40,44,9,2,12,61,15,66,16,20,30,48,50,18,21,63,34,31,42,46,53,26
505,13,54,72,23,46,56,11,67,50,71,65,32,22,10,51,27,18,36,7,15,16,35,26,52,55,63,12,9,39,29,57,20,14,2,40,25,48,19,45,68,47,62,21,59,61,53,70
506,45,30,32,57,59,4,14,67,41,36,60,44,7,65,69,43,20,72,1,13,16,15,31,8,70,54,33,2,35,27,21,47,12,24,6,10,34,39,66,18,71,40,11,61,52,63,62
507,67,35,29,5,40,19,46,37,16,3,53,68,62,70,59,33,49,21,12,54,15,52,7,64,20,32,18,65,14,36,25,1,22,27,56,47,69,71,23,8,11,30,45,13,38,72,39
508,66,71,37,35,33,58,57,21,70,60,69,30,64,4,13,44,53,52,20,63,24,6,15,54,14,62,34,10,72,59,8,42,26,46,25,3,67,12,45,40,38,16,50,55,41,31,29
509,8,33,59,69,47,14,29,6,19,58,46,65,60,32,64,70,44,53,12,71,30,43,13,24,36,10,21,4,63,38,27,54,28,25,9,34,72,37,3,11,49,48,50,57,17,45,55
510,22,25,36,6,54,72,20,9,29,17,39,53,10,40,33,28,38,63,1,8,32,13,55,56,5,62,7,15,37,49,31,35,44,45,14,30,2,71,23,24,16,57,47,70,46,34,18
511,23,61,66,45,36,63,9,58,12,56,39,65,22,33,10,1,62,40,27,2,21,57,19,42,14,71,70,25,41,8,52,26,72,51,3,30,48,34,15,24,68,16,50,5,43,7,49
512,29,26,38,66,12,71,6,37,13,51,54,42,57,10,25,30,14,49,43,28,34,2,1,35,67,48,22,8,62,24,39,17,55,40,69,44,65,31,32,9,41,47,63,33,45,59,3
513,20,1,72,68,29,32,8,53,45,60,26,28,22,52,43,34,14,66,12,47,18,40,67,42,11,44,7,38,62,50,17,36,4,23,46,56,48,13,70,54,9,49,64,21,31,2,58
514,8,23,46,39,40,16,64,13,14,58,36,28,61,1,31,10,44,69,47,51,3,32,20,71,33,26,42,19,6,57,50,18,67,34,63,11,21,52,7,70,38,48,15,35,49,17,25
515,69,40,43,13,62,45,46,49,48,6,70,65,31,55,59,47,30,5,24,71,32,51,26,52,11,57,56,18,42,36,67,1,12,41,39,9,34,29,8,61,20,58,53,60,68,72,3
516,61,49,58,18,16,30,33,48,41,27,4,72,55,12,1,44,15,34,22,47,68,31,10,6,62,69,57,54,5,14,60,64,9,35,29,11,28,52,2,7,65,51,45,13,8,32,37
517,27,56,9,42,61,67,8,4,2,14,1,58,50,5,33,17,57,51,12,23,64,16,11,39,15,10,45,53,26,29,41,24,36,49,59,54,44,6,40,48,3,19,60,35,18,25,68
518,50,40,54,29,32,71,58,41,35,62,22,34,52,48,28,33,36,60,55,37,19,16,11,57,38,10,42,64,43,25,56,51,53,20,5,61,12,4,9,72,66,3,17,65,39,21,15
519,14,22,23,46,2,16,59,41,70,24,61,28,65,34,47,21,6,52,43,20,33,15,35,18,36,63,1,29,38,39,7,69,57,53,66,25,9,42,5,31,17,30,32,19,67,48,44
520,46,68,65,10,35,32,52,26,51,72,14,49,27,13,56,42,36,30,47,69,70,4,3,17,5,43,60,12,67,40,1,54,21,53,20,23,2,62,8,16,41,34,19,59,61,48,31
521,54,20,1,25,13,65,29,43,64,47,44,62,49,42,72,33,58,32,63,68,19,70,61,12,45,37,21,71,48,41,40,59,14,15,35,57,46,36,23,17,39,7,56,31,10,69,18
522,19,17,14,4,66,41,36,38,30,54,10,40,35,59,65,50,39,56,15,57,58,70,33,51,5,23,31,8,68,44,49,29,26,21,34,25,7,71,47,28,60,72,11,13,61,16,63
523,25,51,2,61,57,4,29,69,16,18,6,55,71,10,45,64,65,11,15,59,48,5,27,17,28,12,14,1,62,43,23,36,54,3,7,70,32,24,30,38,19,22,49,9,72,68,21
524,28,54,50,45,9,33,69,22,42,43,71,13,26,46,52,55,68,21,58,11,12,25,6,29,56,8,53,24,72,41,65,62,66,40,23,14,16,3,1,35,63,18,48,70,57,17,37
525,22,5,27,38,31,47,15,35,48,71,30,72,42,51,3,33,32,62,7,55,21,17,59,23,12,50,68,65,58,70,4,8,2,28,24,54,40,34,29,6,67,45,63,57,53,36,56
526,34,33,46,42,48,52,1,31,7,39,27,47,60,56,72,38,36,18,57,8,9,2,6,69,41,20,22,58,3,23,29,61,24,21,44,65,66,25,19,15,49,67,63,17,43,32,30
527,18,9,40,57,56,34,39,42,69,29,16,64,48,66,63,59,27,22,4,3,62,15,13,55,67,68,72,5,54,30,20,11,41,21,28,50,49,2,58,71,33,1,26,12,36,43,10
528,38,15,19,42,44,24,3,35,71,58,1,63,45,31,2,40,48,72,36,25,13,18,47,49,34,52,23,29,41,57,6,62,59,70,64,60,56,53,8,67,39,30,37,46,33,9,12
529,67,46,7,16,12,71,18,37,21,39,40,49,23,68,58,70,60,33,9,62,19,35,38,6,4,15,32,44,2,22,65,66,11,8,64,52,31,45,69,34,42,14,28,50,72,30,5
530,46,10,65,40,33,43,5,17,9,19,22,66,50,39,51,34,2,29,48,8,72,71,16,37,57,27,63,49,56,38,30,44,41,18,3,4,12,14,36,45,69,53,54,52,32,58,68
531,38,48,19,14,12,54,41,5,63,58,36,59,26,60,34,23,52,49,70,28,21,39,22,71,62,4,61,40,50,42,7,20,65,67,46,18,69,3,16,66,25,17,43,24,68,51,30
532,48,63,6,47,59,58,29,56,21,41,39,27,50,65,34,43,14,45,3,60,66,20,68,24,33,54,36,8,10,51,67,62,4,16,64,46,31,37,2,71,38,13,53,30,15,40,5
533,45,67,71,21,58,18,55,70,8,33,68,57,44,37,30,23,26,32,25,10,34,3,64,41,42,17,49,59,1,51,63,6,22,31,50,47,56,29,38,66,12,60,65,16,53,54,40
534,23,44,62,60,39,57,38,70,31,50,54,36,59,37,40,13,15,48,33,8,27,2,66,28,25,55,65,56,63,47,22,42,19,52,29,6,7,71,67,32,64,4,51,14,16,49,45
535,26,36,66,40,30,19,31,63,32,57,50,71,14,70,18,1,45,47,29,23,33,67,2,49,15,69,55,12,3,42,41,62,21,8,60,34,64,22,44,43,56,68,16,39,9,38,53
536,67,17,38,5,72,39,53,6,60,31,1,70,41,45,62,27,64,20,13,52,12,61,42,37,3,2,28,8,14,34,16,46,51,47,44,66,65,21,10,24,22,59,19,56,63,35,4
537,72,68,40,6,47,29,21,9,23,71,15,32,61,14,10,12,49,22,25,31,66,58,43,36,53,52,4,45,67,69,63,39,70,19,5,27,44,56,1,33,46,50,26,17,59,41,24
538,6,18,7,33,27,43,2,37,19,25,20,29,42,48,71,11,28,52,57,49,55,26,53,56,72,61,63,4,24,46,62,21,15,69,14,5,36,59,30,23,32,70,45,35,50,51,17
539,18,32,58,29,25,38,48,21,62,33,20,5,13,8,24,57,51,4,11,59,3,19,40,7,56,50,14,46,28,71,36,42,55,1,68,60,47,17,69,63,45,30,41,10,39,2,72
540,30,44,34,50,4,63,38,56,48,45,61,35,32,68,57,59,49,18,71,25,12,20,6,5,42,55,36,19,9,13,69,67,52,47,62,26,53,17,33,41,22,39,66,64,14,65,11
541,57,58,62,27,55,67,40,9,66,69,36,26,31,59,6,8,64,10,11,29,50,35,1,53,46,18,13,49,20,25,24,34,32,42,56,45,48,15,37,39,16,5,19,28,21,44,17
542,32,64,8,65,49,18,71,60,26,4,70,15,31,37,38,30,44,63,13,36,27,72,2,34,7,47,57,6,51,66,42,35,22,5,9,21,58,28,39,12,45,1,19,46,41,33,53
543,43,11,66,52,30,14,23,35,18,22,16,40,2,71,31,44,17,57,21,13,36,26,70,59,48,53,33,54,24,6,32,12,28,39,5,7,8,51,55,65,58,47,68,1,37,45,67
544,31,1,22,66,3,68,49,38,53,57,72,33,55,65,14,34,32,17,28,37,43,9,47,6,56,23,59,21,36,4,63,48,64,58,69,30,67,26,5,40,27,46,70,39,25,8,42
545,26,7,14,65,23,40,50,20,37,4,69,57,67,54,10,21,30,52,28,39,41,18,60,71,9,12,61,47,27,63,15,8,53,46,62,66,59,6,17,43,11,48,49,72,3,22,68
546,28,33,25,62,14,9,2,15,26,46,4,16,50,36,20,39,63,21,18,58,54,5,47,70,71,30,45,31,61,53,8,12,48,37,6,7,57,68,65,3,38,60,72,27,56,52,49
547,9,20,31,35,59,34,1,60,56,12,14,21,52,10,4,29,2,26,43,53,30,38,70,45,61,13,49,65,7,48,23,67,54,63,5,6,15,40,64,57,27,19,33,25,8,72,66
548,10,54,32,20,9,34,13,66,11,16,37,12,50,51,72,67,43,70,14,58,52,21,47,61,48,33,46,1,8,53,62,26,7,2,38,23,49,45,3,4,65,18,35,55,22,31,68
549,44,2,64,1,33,52,16,49,22,56,68,48,60,27,66,5,34,23,38,30,14,21,42,39,28,4,62,71,29,61,36,65,31,24,37,46,54,57,18,8,43,12,58,41,63,35,45
550,62,70,56,8,5,51,55,68,19,10,63,25,28,54,15,16,60,37,65,42,59,29,2,6,41,64,9,44,7,3,21,12,18,50,26,49,1,71,69,40,48,45,13,32,23,30,53
551,29,58,37,33,30,27,1,3,68,17,36,35,47,26,21,43,41,56,60,54,13,32,44,22,2,71,59,51,64,34,65,12,67,25,66,55,23,6,28,63,62,10,48,19,14,16,7
552,46,38,50,64,51,49,54,24,66,15,60,45,17,27,72,28,7,40,70,55,30,22,32,34,14,52,42,37,12,59,10,48,2,71,56,26,5,41,1,33,69,11,13,53,63,61,19
553,27,6,16,63,57,13,7,2,48,51,9,61,43,71,17,23,58,62,36,4,29,59,47,67,26,19,8,66,3,14,37,44,28,60,5,39,54,41,30,52,21,38,64,10,65,72,45
554,69,41,28,19,38,12,29,26,25,3,22,52,58,49,34,60,36,47,1,37,4,40,42,65,31,13,71,23,72,39,20,15,59,35,64,63,45,16,27,54,48,53,5,24,11,50,32
555,51,50,46,48,39,62,24,64,29,60,18,41,35,44,36,71,33,45,49,23,38,52,63,32,8,66,69,42,28,13,59,4,57,37,68,27,21,58,17,5,61,56,19,53,16,12,40
556,33,62,72,65,34,47,26,9,68,18,8,59,53,39,27,21,19,6,40,29,48,10,32,20,13,52,37,30,69,3,38,14,2,28,4,45,15,46,31,71,43,58,44,55,11,23,50
557,61,67,9,39,1,14,22,72,58,36,29,43,33,51,4,17,19,53,59,25,57,32,24,10,62,37,49,7,55,56,2,13,18,35,46,20,66,68,48,42,8,27,65,54,63,64,52
558,67,70,28,43,23,46,41,17,55,47,32,60,64,65,19,9,24,52,15,1,22,71,40,30,34,58,5,8,72,54,35,63,18,48,69,10,45,38,4,53,14,33,13,11,29,57,51
559,41,32,51,59,39,5,1,28,2,66,18,13,45,40,48,22,49,7,65,44,67,25,52,17,35,14,56,71,55,72,68,24,8,70,69,36,42,62,38,23,54,15,30,37,50,4,6
560,35,53,13,4,63,20,42,40,19,57,71,72,41,14,50,31,17,68,69,64,24,27,56,18,23,47,58,30,25,28,62,16,34,70,52,39,8,66,29,15,48,59,21,46,54,9,2
561,14,45,27,47,66,5,42,2,62,31,30,37,41,64,34,1,50,24,65,17,60,7,70,28,52,20,3,23,19,38,16,48,53,36,21,72,4,68,59,9,67,61,43,69,13,11,25
562,9,53,51,29,28,60,17,18,19,6,71,69,35,67,70,24,59,45,72,5,52,50,40,34,27,43,46,55,26,66,36,21,10,3,8,12,22,4,15,62,37,41,1,16,7,44,68
563,53,60,35,9,54,52,26,21,34,5,33,72,44,10,64,58,31,66,37,56,16,19,25,61,29,59,63,41,68,14,15,43,71,70,2,45,27,13,48,11,7,6,8,69,67,42,57
564,42,48,52,27,4,58,59,62,45,24,2,60,11,57,64,5,72,38,51,18,63,70,26,39,35,55,30,28,16,65,41,23,36,31,3,20,22,7,40,71,17,50,68,67,25,46,32
565,31,10,59,63,28,23,30,8,39,51,7,12,66,32,64,33,72,55,43,67,1,60,34,29,65,19,9,38,53,16,58,14,57,35,71,2,42,44,27,47,3,61,21,56,46,36,11
566,44,62,40,50,4,16,30,22,17,5,10,49,29,68,54,52,65,24,7,51,36,67,25,9,35,48,47,60,71,56,2,37,12,6,20,11,1,34,28,21,53,59,14,64,69,32,70
567,47,57,67,36,34,40,27,49,61,3,48,66,54,7,39,58,13,22,60,72,64,68,8,31,63,14,11,32,12,19,29,59,16,65,69,53,38,28,37,45,18,25,2,44,62,4,55
568,15,30,31,50,70,16,22,55,42,63,34,49,38,69,26,3,11,32,10,40,8,28,23,17,35,9,53,43,57,18,21,60,12,13,1,47,39,67,68,52,2,37,61,64,41,71,27
569,22,47,2,41,14,49,31,66,45,23,20,53,55,42,7,5,4,54,70,59,44,32,50,56,68,71,10,9,43,69,63,51,72,61,27,48,37,36,3,65,33,28,19,40,39,46,64
570,24,35,63,21,10,57,69,44,51,16,13,42,30,67,41,49,56,65,11,20,45,37,43,52,50,26,14,4,6,58,64,31,53,46,38,25,68,3,60,18,39,12,47,72,36,70,19
571,21,22,53,55,64,15,57,29,19,16,32,36,8,71,43,3,65,17,59,63,40,28,44,24,10,50,27,20,11,62,38,48,14,13,30,51,6,69,4,56,7,18,25,35,39,12,5
572,38,47,9,55,19,60,36,5,4,12,28,53,8,13,18,71,54,31,35,14,41,48,30,63,10,61,29,3,65,20,43,50,32,46,70,15,22,67,16,72,56,49,17,2,24,57,6
573,32,8,55,49,72,20,64,19,17,45,9,26,31,22,53,41,13,40,15,10,12,61,51,65,63,35,52,37,30,70,57,11,21,62,5,4,67,6,46,7,14,25,66,56,23,36,47
574,48,24,44,2,67,25,27,10,71,39,55,41,8,29,60,46,64,72,54,45,35,18,51,53,59,68,62,6,65,7,33,47,30,32,69,12,56,1,58,49,13,61,42,22,66,21,70
575,59,41,52,4,38,24,67,58,16,18,43,56,65,64,25,2,17,27,34,50,45,22,54,31,6,35,21,12,70,19,9,11,48,68,44,47,3,33,46,37,53,55,13,26,60,66,10
576,30,56,9,58,45,47,60,1,14,6,5,31,27,68,43,55,51,44,37,25,36,23,33,64,48,49,69,11,18,16,46,41,21,17,50,72,24,39,66,26,15,2,53,22,28,70,29
577,36,1,35,42,14,41,67,9,54,34,44,53,56,25,65,7,45,28,47,16,48,2,61,71,50,17,32,63,70,60,59,24,66,11,68,40,15,46,58,43,37,21,52,55,8,22,49
578,51,30,8,16,53,18,62,32,2,37,22,67,72,47,25,34,65,11,1,21,64,63,28,61,42,7,66,6,44,56,50,12,48,27,70,40,58,15,17,60,55,36,3,49,26,68,5
579,38,56,67,49,4,11,59,69,9,18,39,33,6,8,63,51,42,46,55,71,2,40,23,44,1,54,30,61,48,7,43,41,35,60,57,3,25,12,22,16,5,58,26,32,50,66,15
580,39,40,33,9,51,55,35,56,12,47,19,3,48,15,67,42,65,54,68,59,20,7,31,5,23,22,16,10,29,28,13,21,4,71,17,2,72,60,66,61,50,26,44,27,52,45,30
581,17,64,56,30,40,21,11,54,53,35,4,58,7,61,63,57,33,6,50,49,26,55,8,43,66,46,5,60,9,72,15,68,22,34,24,31,38,62,12,19,41,48,25,1,65,20,69
582,39,17,6,18,57,33,72,52,13,32,45,19,65,23,66,4,51,46,36,70,41,44,34,50,47,67,60,69,35,8,5,28,71,53,48,62,58,42,7,10,64,30,14,9,2,21,27
583,36,17,8,68,67,65,12,9,72,63,14,34,39,59,29,57,64,11,54,70,27,71,56,13,25,19,24,22,47,28,61,1,3,7,43,6,21,53,18,69,62,52,42,45,40,16,5
584,49,43,50,19,25,63,10,58,16,35,14,24,8,26,27,71,15,42,30,3,2,62,57,66,39,52,37,21,69,5,23,70,34,44,67,72,13,45,33,11,17,54,28,64,31,22,56
585,37,26,43,4,70,55,18,64,53,47,50,65,36,39,14,17,44,40,24,9,2,71,41,72,13,27,16,42,35,7,30,66,48,33,21,10,67,52,20,1,60,25,62,31,63,69,51
586,45,17,32,35,21,55,7,43,47,29,61,66,67,20,16,8,5,36,33,26,41,57,56,27,46,31,54,19,23,15,3,2,51,53,6,52,39,68,44,37,12,70,9,69,38,24,58
587,58,17,61,36,7,65,27,63,1,59,71,41,62,50,19,57,44,34,20,8,3,67,23,48,56,51,29,14,40,12,24,15,47,45,6,49,16,22,38,70,2,72,11,39,18,31,5
588,18,6,65,30,49,8,44,52,50,56,57,34,10,54,38,45,17,37,35,42,21,67,46,1,58,4,12,7,16,70,40,5,47,61,69,60,11,62,39,3,33,25,63,28,55,20,64
589,35,39,54,63,52,6,1,21,16,42,60,36,17,15,44,25,68,26,69,51,24,56,48,55,22,38,61,57,23,34,2,67,71,40,29,4,8,19,27,28,46,41,32,59,65,70,45
590,62,65,54,59,58,20,12,39,53,21,47,68,46,33,71,11,18,29,8,48,1,49,66,36,35,28,13,43,23,44,9,64,55,24,40,19,30,72,67,16,70,32,61,27,69,42,22
591,2,27,21,16,3,53,17,59,31,32,58,67,22,49,36,71,55,34,6,12,37,56,10,47,24,66,23,60,51,30,63,5,57,64,39,54,48,4,14,61,11,29,42,13,28,8,62
592,63,34,21,44,27,30,56,8,11,18,51,37,70,68,57,54,67,39,69,14,48,28,31,1,19,32,7,20,16,49,15,4,64,12,2,35,58,66,5,17,45,50,3,52,61,59,24
593,26,7,66,27,41,35,61,14,38,24,57,23,2,22,58,44,51,67,10,3,50,59,64,39,34,42,18,40,30,13,6,29,60,19,1,4,46,11,28,63,49,31,48,45,37,12,43
594,46,53,23,64,21,55,62,5,63,38,30,60,42,3,26,31,59,9,56,32,15,72,43,66,18,22,44,50,39,4,54,1,8,71,33,47,29,16,45,17,61,19,57,58,52,7,65
595,27,43,54,16,28,2,1,30,68,66,49,51,62,64,4,53,22,15,23,65,40,60,31,13,39,71,44,41,37,17,35,6,42,29,24,55,33,58,10,21,19,9,46,63,26,5,32
596,72,71,47,63,34,67,60,41,29,27,20,23,46,15,19,45,4,30,48,18,21,31,64,12,56,65,13,2,40,6,7,43,52,26,57,70,55,39,33,25,62,32,54,5,50,44,42
597,25,10,34,29,56,57,60,31,3,48,52,13,43,37,44,21,45,7,12,30,39,59,63,16,32,70,50,35,8,11,1,9,49,66,41,40,54,53,15,17,6,65,28,36,33,5,58
598,35,37,67,29,22,23,21,72,48,38,12,51,50,1,53,46,26,2,57,42,13,17,49,32,41,69,40,64,10,28,11,59,20,71,30,39,65,36,45,55,8,34,14,68,61,63,24
599,65,40,2,32,30,22,26,1,45,19,62,20,4,51,41,72,70,25,14,67,61,66,16,56,17,36,48,21,24,69,9,52,11,27,42,63,38,7,5,59,10,8,43,33,60,34,54
600,28,13,57,29,32,23,25,8,56,24,54,47,72,60,1,12,68,11,65,38,63,43,9,39,50,42,33,20,3,10,55,5,18,6,41,59,4,66,19,69,21,31,67,34,16,58,14
601,36,60,33,30,3,6,1,28,42,56,51,25,48,12,14,35,32,17,63,37,4,57,54,58,7,43,59,20,16,61,15,39,45,21,69,8,9,71,2,31,26,29,68,38,44,19,41
602,62,3,10,65,20,69,46,47,45,36,42,28,64,2,61,15,68,25,67,18,56,17,57,51,32,43,8,30,13,54,31,29,1,5,39,7,27,6,44,63,22,71,41,55,12,60,23
603,16,21,42,53,25,39,18,64,62,20,27,48,67,49,12,1,65,69,47,10,26,2,4,13,59,45,51,22,34,3,6,15,33,68,43,55,24,30,60,50,41,63,70,44,17,11,35
604,56,20,9,17,50,63,40,55,16,5,23,8,58,44,7,26,68,22,62,12,18,13,37,6,32,45,41,36,38,49,31,69,34,21,67,14,72,25,46,42,65,39,27,43,48,1,10
605,11,40,57,70,58,63,53,14,22,35,34,31,55,59,17,68,25,44,23,39,10,2,60,7,26,43,42,24,3,45,29,27,12,37,33,8,67,1,32,61,62,49,38,13,50,6,9
606,53,18,60,66,19,23,30,24,26,22,28,32,65,9,25,20,16,13,15,39,38,7,5,57,8,69,61,67,6,48,36,43,71,4,51,46,70,12,62,41,29,40,2,42,55,44,10
607,59,25,42,9,69,44,36,7,22,27,57,18,23,50,4,21,49,66,20,43,64,71,1,37,61,56,33,53,70,15,28,51,46,72,5,16,29,32,30,62,19,12,3,68,11,48,10
608,6,65,31,47,28,70,4,10,29,59,2,40,51,48,20,11,71,19,33,44,26,3,39,46,67,16,17,7,42,52,55,32,56,68,15,8,61,21,14,13,57,18,53,69,1,45,60
609,37,59,9,54,20,63,50,16,61,12,4,55,71,47,52,31,34,46,6,60,35,7,39,48,1,67,38,72,2,30,66,68,49,11,33,69,18,57,15,58,28,3,5,43,14,29,53
610,40,65,35,42,33,45,55,66,15,37,4,26,51,57,38,54,1,7,53,69,17,11,52,28,5,43,21,12,19,47,71,46,39,63,8,9,27,18,25,3,24,56,14,72,44,32,60
611,47,68,63,44,29,34,17,42,27,18,69,60,20,71,35,5,32,39,19,28,11,70,72,62,58,33,61,3,30,25,26,12,43,56,24,37,55,16,50,59,13,36,1,14,40,6,45
612,1,31,36,8,64,41,21,28,15,14,33,12,23,13,63,30,6,51,69,22,25,2,55,18,67,52,11,49,68,40,37,61,65,60,34,38,66,35,56,4,44,5,24,29,9,7,57
613,41,28,15,59,44,45,16,14,50,7,47,69,72,58,29,3,43,1,22,70,65,67,55,2,56,42,48,35,8,21,4,54,49,53,5,32,39,9,66,36,30,10,52,61,64,46,26
614,1,7,67,39,4,69,44,64,38,45,10,5,72,21,13,35,61,58,33,11,20,22,6,24,62,48,12,17,34,27,23,28,26,14,19,36,68,51,31,2,43,54,15,63,50,18,59
615,64,16,38,34,54,29,45,68,60,35,19,69,36,58,9,49,10,30,31,6,37,61,44,39,24,50,12,25,4,47,67,13,40,23,18,1,26,48,22,17,28,42,2,43,65,53,51
616,2,42,69,12,17,29,39,59,1,57,32,43,38,23,6,7,3,53,28,71,47,21,64,52,40,55,50,24,13,44,66,4,18,26,48,19,70,60,35,62,30,34,61,49,10,68,65
617,17,16,7,56,69,1,37,23,45,35,40,64,65,29,59,32,54,19,49,33,9,57,39,55,28,42,4,72,47,3,38,10,34,50,27,70,53,63,22,8,52,60,48,46,51,36,20
618,22,14,46,23,40,16,39,21,11,13,66,34,33,43,71,37,26,69,7,72,25,35,36,12,60,6,8,63,54,50,41,15,62,10,65,17,30,20,5,51,29,45,58,9,49,28,19
619,42,46,57,45,36,70,32,44,43,10,5,22,60,12,64,29,11,13,16,17,4,41,9,72,47,34,1,40,27,20,65,31,18,61,69,67,55,23,63,62,2,48,71,21,19,6,51
620,49,20,32,72,55,47,65,28,35,42,14,21,10,34,3,8,52,66,53,68,41,51,58,39,45,56,17,16,46,23,38,70,18,48,61,33,25,50,43,22,15,9,13,30,63,69,31
621,53,9,68,14,34,45,47,16,22,11,10,13,2,18,58,60,72,1,71,32,61,24,23,62,41,39,52,12,36,30,65,38,63,54,70,43,19,35,66,48,27,29,37,26,67,64,55
622,3,10,72,51,29,38,47,12,44,39,59,40,41,64,45,68,20,24,14,62,70,5,1,67,66,31,63,11,52,33,48,17,7,57,8,60,49,22,61,9,18,42,2,34,23,28,53
623,66,49,43,8,5,56,70,47,60,1,22,69,16,33,4,55,14,9,72,46,54,31,58,59,63,3,17,19,61,68,57,48,38,15,30,36,27,34,53,7,44,45,12,28,65,23,37
624,64,65,52,60,42,34,4,3,8,20,70,53,23,15,18,51,67,46,45,57,2,71,24,37,50,17,22,69,5,36,7,66,63,16,43,62,49,32,44,6,41,25,31,58,39,9,59
625,58,29,14,10,27,56,64,34,23,49,69,30,52,36,16,63,11,51,50,4,32,46,67,48,62,40,45,20,28,21,65,54,53,37,68,33,26,5,38,39,43,47,12,70,59,22,13
626,69,56,20,50,47,13,54,67,38,25,53,40,63,11,57,30,64,72,46,70,32,43,19,68,18,41,9,42,3,59,15,17,1,8,4,61,62,52,44,45,21,27,7,2,6,55,71
627,43,52,4,10,3,25,51,38,36,68,56,40,19,50,14,37,26,44,48,23,8,9,61,2,58,11,21,57,22,34,28,33,35,7,64,72,15,53,54,66,13,31,24,18,16,1,6
628,64,62,6,4,3,57,56,17,31,25,38,19,32,37,18,54,5,42,27,7,71,15,11,59,70,23,13,16,30,69,47,46,66,9,53,49,29,28,55,35,50,51,34,14,8,41,58
629,39,70,40,58,65,32,46,24,57,6,63,71,44,41,61,22,55,20,45,69,25,17,52,42,11,14,19,29,31,43,36,50,30,4,18,49,13,59,10,62,9,68,27,51,37,3,8
630,62,66,36,69,2,61,7,8,31,45,54,37,33,11,38,49,72,56,22,68,3,18,1,51,28,19,24,64,71,39,25,59,63,44,67,12,46,41,57,17,43,48,60,29,26,70,15
631,28,18,8,21,65,40,61,35,54,2,32,24,66,11,13,26,14,19,5,12,23,71,67,36,47,4,51,6,69,39,15,10,50,41,25,43,45,16,31,63,59,68,7,3,37,44,72
632,17,64,31,61,19,62,68,69,16,39,48,6,49,50,1,46,33,18,59,2,51,3,47,65,4,71,13,10,57,36,26,66,42,14,45,12,67,25,35,8,40,37,60,34,9,53,56
633,57,14,35,31,51,32,27,42,7,40,56,60,64,47,66,41,19,23,28,13,50,68,34,5,46,67,49,36,62,65,16,15,20,18,21,52,24,11,6,70,33,29,72,61,45,8,71
634,72,38,61,10,35,71,40,30,41,18,14,67,54,11,62,49,65,58,46,57,34,32,53,25,42,23,68,59,47,31,66,8,37,20,15,48,22,63,33,26,39,29,5,13,52,21,69
635,57,61,14,53,25,24,15,29,34,50,71,8,63,22,26,32,11,65,55,2,52,62,56,19,51,39,45,40,17,69,70,20,27,23,38,3,59,43,66,68,48,4,46,1,72,6,67
636,19,21,12,31,39,65,46,56,22,16,5,63,55,51,44,15,32,33,53,20,8,9,27,24,26,57,13,14,62,68,4,11,1,61,45,17,40,37,18,66,50,54,52,67,38,28,35
637,58,9,3,50,55,7,23,10,60,34,41,4,16,33,11,42,57,52,51,61,44,71,30,32,66,12,1,14,27,6,56,70,15,21,26,36,19,35,45,24,5,28,48,13,68,17,67
638,20,51,41,37,1,39,61,32,45,8,2,62,31,55,3,23,19,49,52,59,34,60,69,65,26,63,46,4,18,56,66,29,67,30,44,27,50,5,70,22,64,36,12,7,58,38,9
639,55,18,70,26,45,43,5,50,7,60,71,44,10,37,59,29,33,34,28,49,57,15,65,22,21,48,11,47,69,24,35,23,38,39,2,13,16,3,41,66,46,27,61,72,36,67,54
640,20,30,42,35,40,65,44,51,43,70,10,22,28,9,25,69,8,33,64,68,3,29,17,12,24,71,50,57,21,18,49,63,48,27,23,15,38,2,60,14,54,5,62,47,36,61,53
641,55,49,51,7,3,41,68,22,45,50,10,33,46,60,5,72,66,23,62,27,2,28,64,63,59,57,30,38,14,52,18,21,29,56,20,65,11,4,19,12,71,37,25,34,53,61,24
642,47,5,64,43,30,46,66,65,41,55,53,36,25,11,56,68,28,32,52,24,6,42,18,10,1,12,49,44,40,34,31,27,67,4,15,21,22,69,54,19,2,57,9,45,51,59,14
643,15,32,50,55,69,21,57,60,52,45,2,7,56,49,43,4,51,61,54,27,62,25,23,34,47,58,13,26,64,3,9,39,14,19,40,8,53,38,46,16,42,37,67,33,68,35,70
644,15,61,52,4,62,36,32,68,30,3,27,59,7,29,18,46,45,48,49,6,51,70,66,24,55,14,54,64,16,53,31,67,11,19,65,12,9,35,56,1,58,10,2,57,40,21,26
645,53,37,8,67,15,21,71,36,9,49,51,57,64,65,7,5,28,3,40,48,39,44,60,55,27,14,47,58,24,34,18,16,31,22,66,42,1,29,4,32,20,59,25,35,52,72,12
646,69,2,40,3,42,48,8,72,66,32,24,36,47,5,54,58,55,34,15,6,27,67,17,70,7,56,14,59,16,23,35,41,50,4,57,11,29,28,9,31,44,38,30,64,49,62,33
647,68,31,9,59,6,50,20,52,39,4,57,37,62,42,40,67,21,70,27,44,53,64,14,43,63,2,58,29,22,33,71,7,1,49,32,16,23,34,51,48,26,13,56,28,41,38,55
648,21,58,34,16,13,40,52,30,56,60,67,3,36,72,42,35,9,7,23,18,44,14,41,50,8,37,61,19,47,31,55,69,25,5,6,51,54,4,46,63,28,59,64,48,29,62,24
649,50,52,38,18,43,54,27,15,17,16,59,26,61,40,5,3,49,31,58,66,60,63,41,72,24,45,29,56,55,11,25,6,33,30,28,68,69,21,19,32,44,64,51,10,22,12,62
650,23,71,47,57,38,18,7,51,43,45,66,3,16,68,36,8,21,13,56,25,63,54,35,46,15,14,58,70,17,1,53,24,59,9,37,33,30,10,34,55,40,31,69,61,12,49,39
651,31,47,21,22,45,53,23,6,7,8,38,18,15,16,54,29,63,59,71,34,46,10,57,44,25,65,14,17,70,13,56,51,28,5,60,3,12,55,68,26,67,1,40,43,33,11,50
652,19,43,51,23,46,15,1,11,13,69,72,49,66,71,7,6,36,44,54,26,45,22,42,68,8,39,63,5,3,64,32,9,65,30,34,70,24,35,50,55,18,27,61,25,20,57,10
653,70,29,65,11,66,2,3,5,62,13,42,33,26,28,59,32,69,67,55,12,57,10,4,27,64,51,41,45,17,1,19,40,63,6,21,24,49,37,71,52,14,38,39,8,18,34,54
654,43,56,32,48,58,50,24,22,46,33,63,19,39,64,3,66,30,11,5,6,38,12,67,10,15,72,26,49,41,21,57,34,42,23,68,55,44,9,35,69,71,27,2,40,31,37,62
655,56,57,24,51,30,23,68,8,64,26,13,45,19,29,33,54,43,52,41,20,4,15,58,6,55,65,50,40,47,62,27,63,39,1,22,9,48,16,71,31,18,59,3,12,10,21,42
656,36,26,53,43,56,48,55,70,71,46,29,18,49,51,22,8,23,68,27,6,45,54,24,67,38,16,60,14,4,28,44,64,41,39,50,61,25,3,9,58,31,62,72,42,59,2,47
657,36,61,65,13,43,53,64,45,37,27,58,24,1,54,50,72,25,34,26,15,4,6,30,60,46,11,69,35,51,7,62,10,56,33,68,38,44,9,19,31,16,67,40,12,59,28,41
658,14,64,23,40,67,7,25,56,49,66,19,20,32,29,37,42,24,6,70,22,16,60,35,68,34,5,1,17,69,48,51,8,41,4,71,52,12,43,21,72,2,26,58,47,55,3,11
659,20,45,8,49,15,3,27,69,51,37,42,32,12,34,25,5,24,67,62,56,10,18,70,11,40,71,65,4,54,30,46,66,21,1,35,68,43,63,39,29,13,19,59,26,53,2,52
660,35,63,50,2,32,72,43,71,1,22,3,64,57,44,37,31,12,45,16,34,62,13,10,59,9,53,7,67,56,33,17,11,40,46,25,70,68,36,65,26,24,4,27,47,52,14,66
661,24,22,52,29,62,56,66,37,55,41,35,14,43,65,3,15,68,61,63,40,27,51,50,7,44,58,47,8,26,71,11,60,59,67,23,32,5,19,12,18,9,42,28,69,6,20,2
662,62,4,23,35,27,20,3,55,42,69,16,68,50,22,63,1,28,51,12,65,39,45,72,64,25,5,43,6,13,57,30,9,66,70,24,67,60,56,14,49,36,7,41,58,40,29,18
663,54,11,16,48,67,2,47,8,4,10,55,53,22,63,66,17,33,42,19,68,14,61,21,71,64,36,69,28,20,34,70,38,12,72,25,49,24,18,3,39,58,1,7,27,9,5,62
664,22,19,43,40,63,24,61,20,9,51,55,14,39,7,29,26,59,8,28,11,17,27,15,37,33,66,18,46,52,1,10,53,38,16,54,31,50,36,4,45,12,21,13,32,67,44,69
665,2,41,51,6,12,43,63,36,15,35,53,13,65,17,10,16,18,33,57,26,52,22,46,49,45,38,69,29,31,71,11,28,40,72,5,30,14,70,23,25,59,20,24,42,21,27,32
666,60,20,38,44,50,45,53,17,54,59,28,43,58,2,16,39,52,32,68,56,24,1,41,9,35,63,42,30,49,57,26,40,48,67,22,10,8,47,37,31,13,21,66,11,18,5,3
667,24,61,59,62,25,34,68,57,16,48,32,53,69,26,65,28,72,43,5,37,35,51,15,20,49,30,71,4,31,41,36,8,38,11,39,63,56,70,7,6,50,1,21,17,12,33,10
668,10,37,11,54,4,13,7,55,3,70,18,46,59,28,48,68,19,42,62,29,36,12,6,67,17,60,40,53,25,33,30,15,2,26,35,22,16,14,47,49,41,58,69,39,34,52,24
669,29,45,5,62,14,28,46,36,68,17,27,50,66,4,20,41,67,30,26,57,3,52,53,56,33,54,70,55,65,71,42,8,13,9,59,18,7,34,12,48,40,31,24,60,49,61,32
670,51,53,52,70,24,40,44,18,3,57,72,11,39,6,1,49,36,63,8,54,66,42,32,27,65,16,9,19,12,47,69,71,20,41,14,43,28,13,29,34,21,48,37,62,31,46,50
671,63,30,15,42,31,27,38,1,6,45,64,48,47,21,36,32,49,67,72,12,44,3,57,5,19,39,23,17,52,71,28,60,40,7,66,68,65,56,62,55,43,8,2,29,14,9,53
672,27,67,29,65,13,8,63,39,22,71,58,68,18,61,19,53,25,2,56,10,24,50,41,48,43,3,49,32,57,6,28,62,31,12,70,38,72,55,54,5,20,42,69,47,23,34,16
673,33,68,41,67,11,44,45,1,17,47,52,14,55,15,7,70,21,5,64,46,63,3,16,69,34,38,19,43,10,22,71,27,54,24,8,49,20,66,30,23,48,4,37,59,9,25,2
674,27,71,57,13,61,65,63,21,32,47,33,26,23,30,14,58,46,29,8,42,43,69,66,5,60,52,54,24,2,48,72,9,28,16,35,25,64,38,51,68,19,34,55,53,59,10,17
675,52,62,36,2,44,4,63,61,19,20,50,53,17,49,55,25,5,45,24,57,46,72,47,22,21,59,66,29,67,56,39,35,9,28,38,69,40,60,3,8,13,51,37,6,31,65,71
676,63,23,60,18,42,8,2,52,68,30,16,20,61,48,39,21,35,12,33,50,22,27,34,17,14,6,41,5,19,44,36,45,10,62,57,43,9,7,59,71,72,29,3,54,64,46,49
677,43,27,4,36,70,24,17,19,22,67,45,25,57,53,26,16,42,23,9,3,55,66,10,30,50,34,54,32,61,8,12,31,38,1,46,68,72,21,13,71,33,63,5,62,56,64,59
678,39,31,71,13,4,44,38,3,12,33,56,37,16,72,55,69,66,5,29,63,18,27,41,14,6,22,54,20,43,17,60,10,61,52,34,28,26,67,35,46,68,51,48,47,40,25,32
679,22,28,42,51,46,68,71,56,36,23,20,27,17,1,60,29,55,39,65,19,49,10,4,48,14,54,38,64,53,44,58,41,24,25,6,37,18,34,7,15,2,57,47,63,72,31,11
680,13,55,56,60,12,69,46,43,66,34,37,16,70,64,4,20,38,30,29,26,42,39,63,50,48,49,15,10,3,62,11,1,47,32,51,40,71,21,31,44,17,22,14,27,6,25,57
681,59,19,40,23,61,50,26,72,60,12,39,52,22,34,38,8,36,63,71,32,29,25,55,41,42,51,4,20,43,13,10,35,58,54,16,31,48,67,2,24,47,68,11,56,65,27,64
682,41,54,42,48,39,66,8,35,57,44,5,24,31,68,6,72,60,62,11,67,55,37,69,46,4,33,25,58,53,23,22,52,1,18,9,63,34,17,65,40,30,2,50,59,36,10,70
683,29,52,42,61,65,3,46,37,39,67,66,55,1,70,18,15,30,7,51,40,16,60,8,47,24,57,33,31,28,69,19,12,45,11,58,13,64,44,9,71,72,17,4,34,49,2,22
684,33,59,26,56,64,22,60,20,27,58,23,13,24,9,19,66,32,12,8,68,10,5,67,40,65,34,61,7,47,44,36,51,35,17,11,39,72,21,71,46,53,43,70,30,49,41,6
685,44,13,6,45,9,51,25,40,64,33,20,48,11,17,10,41,69,34,29,2,47,38,23,67,70,55,56,8,53,65,39,5,32,61,35,37,18,42,49,21,3,43,24,71,52,50,54
686,68,50,52,14,59,36,7,38,29,58,12,28,71,63,11,8,43,66,46,16,6,47,57,26,65,3,22,40,49,18,56,5,39,37,30,67,32,33,51,15,60,44,53,4,72,31,45
687,61,70,40,43,16,8,14,51,54,34,55,38,45,18,37,15,69,59,49,52,42,71,39,12,44,26,32,57,35,63,27,20,47,9,58,17,66,4,22,25,7,33,31,10,5,21,64
688,37,14,22,39,57,55,65,49,16,32,30,42,35,1,12,68,52,5,44,56,64,71,48,18,15,33,66,4,7,59,11,43,3,61,31,53,72,28,54,26,58,24,62,29,45,23,69
689,45,32,2,15,66,33,49,63,70,64,69,19,34,59,12,62,71,27,55,6,25,61,13,1,47,8,38,5,56,37,48,20,57,51,65,41,7,4,29,31,22,16,24,30,23,9,17
690,45,1,28,66,13,17,39,22,30,35,40,32,6,18,25,51,60,10,9,31,3,19,12,67,23,37,2,33,56,53,48,54,61,55,38,41,11,47,58,7,59,44,46,62,50,49,65
691,38,63,72,31,32,1,66,34,17,60,52,57,33,48,7,44,65,22,13,46,55,54,49,59,23,4,45,47,50,8,37,29,25,43,28,39,11,27,68,26,24,56,62,41,61,12,19
692,43,23,3,27,48,30,26,45,42,13,8,52,49,67,68,63,53,9,14,55,2,4,66,11,56,37,65,29,60,61,33,64,51,17,50,19,18,16,10,41,44,20,35,54,71,57,70
693,54,43,1,66,69,33,71,52,70,51,10,72,7,5,38,40,42,22,8,34,13,44,36,29,2,18,11,48,45,64,68,28,31,61,6,30,3,27,24,20,19,56,65,17,41,57,47
694,45,35,46,22,57,66,69,56,1,28,34,68,70,24,18,17,62,14,36,64,65,27,54,25,8,48,19,40,37,4,63,2,7,59,12,23,32,47,42,39,38,72,6,51,5,49,29
695,42,69,18,11,21,32,41,2,66,6,63,12,39,25,13,30,72,37,28,38,62,33,17,29,58,70,45,22,8,15,26,9,61,23,19,59,4,44,36,52,5,31,55,27,10,67,68
696,14,66,52,22,7,4,39,50,1,17,38,70,29,10,71,68,32,28,41,12,23,24,69,43,2,65,20,21,40,19,37,3,42,34,36,8,45,35,9,44,54,51,72,47,16,11,26
697,44,2,51,62,1,17,14,25,55,54,6,23,12,61,66,18,72,43,38,48,70,49,15,59,57,41,28,40,3,56,10,64,9,71,67,30,27,33,19,36,29,20,69,39,46,22,60
698,1,48,54,36,49,50,6,28,41,39,69,10,47,37,15,40,18,60,22,67,26,21,4,38,9,2,16,65,24,71,66,7,13,45,32,17,42,64,14,19,62,5,34,8,33,68,23
699,71,38,17,12,45,61,51,1,22,52,35,10,57,2,42,43,26,24,47,7,13,9,60,48,46,28,36,19,53,62,44,69,55,58,54,70,65,68,49,27,33,34,15,6,11,72,14
700,10,20,40,38,51,17,49,71,68,27,72,31,34,56,12,28,26,63,11,53,21,57,64,42,18,3,16,61,46,8,30,54,58,19,15,59,6,35,5,1,36,4,52,45,23,14,24
701,62,5,36,49,48,50,4,54,34,67,58,43,20,70,1,41,31,40,37,72,53,46,66,61,51,25,55,19,18,3,65,22,56,44,17,26,39,33,59,10,35,21,63,12,13,27,23
702,70,6,35,13,14,47,66,16,71,31,62,38,36,1,9,41,48,55,61,58,37,24,22,56,52,60,17,44,26,46,28,54,23,7,51,42,5,32,30,20,64,49,19,45,63,43,40
703,68,15,34,41,72,62,32,27,48,44,11,42,35,53,26,36,71,18,60,43,9,5,56,50,69,55,52,51,12,16,22,19,1,49,40,54,45,23,30,8,29,63,14,13,47,4,25
704,71,23,28,22,64,14,63,29,31,65,36,67,49,2,27,47,11,62,55,32,26,43,10,9,24,58,20,61,59,53,39,46,52,72,41,30,44,45,35,5,17,69,68,18,40,51,48
705,32,11,71,60,43,1,45,49,17,51,28,35,22,63,68,9,7,20,54,48,40,39,53,14,19,12,61,6,5,57,4,36,52,70,8,21,50,26,46,29,58,16,67,37,41,69,31
706,20,16,57,7,37,46,40,23,30,51,43,35,11,1,9,38,4,47,44,61,68,32,24,10,64,36,53,8,56,54,15,58,52,28,5,17,63,70,65,39,29,21,67,71,6,62,19
707,18,38,11,20,58,28,69,1,63,30,26,40,17,52,47,56,72,42,15,29,7,50,57,71,27,41,8,68,32,5,67,54,34,39,49,46,4,19,25,35,53,45,33,9,16,13,6
708,31,39,72,30,13,53,67,34,60,3,25,42,65,33,62,12,10,16,17,56,9,11,29,32,45,52,8,37,70,14,27,7,47,15,41,63,36,58,19,1,49,28,44,51,55,35,64
709,35,38,18,19,69,54,4,29,64,53,24,42,11,28,21,34,72,61,31,40,60,52,67,55,41,33,9,48,50,16,6,71,44,70,51,49,10,22,47,63,39,26,13,8,17,57,20
710,9,7,20,27,10,56,45,39,46,28,30,34,33,67,40,60,41,32,64,16,17,38,5,63,31,52,53,4,69,24,22,25,8,62,50,72,19,23,6,54,48,11,49,70,35,58,26
711,25,20,32,3,13,65,5,54,45,30,53,43,33,66,56,27,6,70,8,17,46,51,38,69,67,39,9,62,34,47,48,57,59,63,28,18,41,49,36,10,52,60,21,26,11,16,29
712,43,1,7,38,47,34,36,41,35,23,2,61,45,57,62,19,59,65,28,39,50,54,17,44,51,13,22,25,4,15,49,27,31,48,14,33,56,72,40,26,60,3,63,24,53,29,5
713,57,8,31,36,49,11,20,4,27,66,56,48,55,7,5,50,40,46,24,22,58,70,71,44,19,21,18,13,17,54,15,1,47,60,14,51,6,2,38,43,12,32,65,45,68,16,39
714,56,15,65,67,19,2,10,14,32,16,50,28,8,69,53,21,27,58,52,34,66,9,22,25,60,68,33,31,20,24,38,30,40,61,13,62,36,11,63,3,59,71,6,57,35,1,72
715,65,7,36,9,43,56,11,61,28,37,55,50,30,41,13,17,42,51,22,25,62,64,59,72,58,47,8,35,63,18,3,32,14,70,19,44,33,48,27,60,4,6,46,10,15,53,1
716,17,32,15,11,43,45,64,34,10,13,63,62,52,61,2,56,70,3,12,16,37,55,35,48,59,24,69,29,41,44,39,1,19,18,49,68,33,38,46,28,51,9,8,23,26,47,42
717,49,23,46,29,14,34,18,67,68,54,16,5,17,35,50,47,32,44,25,69,31,59,13,71,10,38,62,20,36,2,19,66,43,11,42,9,60,65,30,33,4,51,15,3,24,64,7
718,52,51,41,3,64,24,45,50,6,18,13,42,61,2,49,37,22,27,58,47,68,39,35,14,8,56,21,63,62,33,40,48,34,57,12,46,9,23,1,54,26,71,19,29,72,69,67
719,59,42,7,35,70,28,60,39,26,40,5,47,52,20,51,10,34,33,15,19,8,66,49,63,24,56,1,9,4,18,53,38,6,17,54,37,65,16,67,72,12,48,29,57,55,32,64
720,17,13,15,2,44,65,31,21,12,9,37,51,66,22,29,27,39,19,57,8,48,62,52,25,32,38,53,59,67,60,16,33,71,61,4,43,5,24,45,69,46,72,11,41,36,68,1
721,51,47,38,34,13,61,65,23,52,20,40,36,44,8,25,71,43,60,53,17,68,1,5,54,55,64,62,70,32,49,18,26,24,57,66,56,63,11,29,59,10,3,14,33,45,30,7
722,11,37,46,42,38,35,4,65,53,5,64,55,26,25,9,16,44,24,7,67,70,39,17,30,43,47,29,2,6,61,8,45,54,3,12,57,58,40,41,20,48,18,51,72,33,28,10
723,1,24,64,52,49,42,51,59,22,4,14,5,12,20,16,65,2,36,53,26,6,35,46,44,9,66,17,32,56,15,41,10,57,28,25,60,11,68,54,39,61,70,71,8,31,63,29
724,62,46,7,42,18,49,2,4,9,50,25,57,40,35,23,24,65,13,28,27,5,10,15,19,63,41,56,26,67,3,64,60,55,14,8,69,11,72,52,33,45,43,17,47,31,66,68
725,53,54,21,35,11,38,20,60,16,66,13,48,42,36,28,55,58,37,25,5,70,23,65,39,12,33,62,46,4,31,50,8,22,52,1,15,34,57,47,30,40,68,26,43,3,32,67
726,38,46,25,49,52,40,72,26,1,20,13,34,70,12,10,32,11,6,58,22,36,71,66,53,35,33,54,24,23,45,37,28,31,41,57,42,60,64,27,30,59,51,18,21,69,63,15
727,40,55,13,43,57,71,22,32,67,8,23,42,64,20,59,41,39,50,15,61,49,2,12,62,53,30,38,70,10,7,4,1,17,28,58,60,29,18,3,9,45,11,63,56,21,25,6
728,21,36,67,24,5,11,56,52,68,65,37,64,27,60,33,14,10,16,42,72,53,20,2,1,44,54,19,57,17,66,41,62,69,32,12,63,13,8,15,3,31,6,59,50,30,4,7
729,16,61,22,46,59,50,1,3,25,8,71,35,11,4,23,7,43,33,44,54,31,10,26,48,13,57,60,28,19,27,12,32,72,53,21,65,2,62,18,17,6,55,56,29,42,37,5
730,22,59,35,39,38,55,15,23,62,18,31,4,52,42,61,60,69,56,3,43,27,50,70,49,29,46,7,36,47,33,6,14,45,20,66,2,19,10,64,11,40,13,1,44,53,16,37
731,35,62,32,7,24,33,51,31,69,49,66,60,55,39,54,34,27,57,58,2,65,10,43,28,17,1,36,41,46,22,42,71,6,15,56,38,37,9,44,30,4,52,70,11,19,5,26
732,9,26,23,50,45,66,71,51,11,24,72,56,55,32,37,10,46,3,13,29,41,8,57,58,62,5,48,19,6,64,16,14,44,17,27,60,4,36,31,21,35,47,61,2,54,7,65
733,41,2,37,1,43,14,28,35,49,67,44,48,36,61,65,42,32,50,45,5,39,33,34,16,15,27,12,51,24,21,64,29,66,47,68,53,22,59,69,60,57,70,63,25,11,55,54
734,24,39,67,55,19,22,14,45,57,16,64,41,52,20,23,34,50,59,71,63,38,3,13,46,26,9,5,44,32,37,42,68,25,33,4,47,35,53,70,48,51,7,60,49,1,69,54
735,49,3,48,18,62,64,58,10,36,25,35,71,59,12,42,15,66,54,68,60,23,55,4,31,6,1,63,44,30,7,41,2,39,65,52,33,21,37,57,69,53,28,14,34,40,38,19
736,39,38,29,27,33,15,57,58,28,44,72,10,45,19,56,34,12,59,54,37,43,14,7,61,6,68,24,31,17,52,5,21,26,9,47,55,13,35,32,70,11,23,22,2,60,64,41
737,70,34,13,37,42,38,30,5,44,27,1,55,21,15,33,59,12,56,67,8,71,20,68,16,63,10,26,49,35,45,9,24,11,40,60,54,18,64,22,32,39,6,43,19,28,66,62
738,19,11,57,22,60,72,53,47,40,9,2,59,16,70,4,58,29,25,51,64,68,10,49,66,21,6,20,32,26,52,17,55,50,7,39,56,28,63,15,18,45,36,41,34,27,38,48
739,37,42,69,58,28,1,67,30,12,8,56,45,49,6,47,61,43,4,33,32,25,55,5,60,13,18,15,57,52,31,70,20,62,71,19,68,29,46,35,44,59,63,14,34,3,48,39
740,71,25,42,7,45,37,13,44,16,51,8,38,58,43,40,67,72,61,22,30,65,19,54,46,69,68,10,4,20,55,29,48,24,66,59,23,35,2,5,27,52,39,62,60,15,14,11
741,24,34,30,1,19,32,11,28,64,3,49,53,50,17,18,48,59,8,38,43,25,69,54,67,68,72,56,61,37,23,60,70,55,22,45,13,71,40,51,58,52,20,7,63,26,57,16
742,51,30,7,41,26,12,42,14,16,5,56,64,21,37,32,35,61,59,3,72,36,58,53,65,27,11,23,22,46,2,34,39,71,15,40,29,45,18,67,49,25,33,48,9,19,28,60
743,61,56,1,24,64,19,67,5,44,68,52,6,2,66,35,49,31,26,3,39,69,29,41,72,71,9,43,58,10,33,47,11,7,46,40,50,54,17,37,4,12,55,59,23,28,36,25
744,26,20,71,28,65,16,63,47,5,3,4,70,44,46,13,51,31,22,45,59,50,23,11,54,7,68,1,18,27,67,6,30,69,32,10,25,58,53,8,52,41,56,61,21,14,43,60
745,32,19,35,37,11,21,46,52,12,70,47,62,13,67,16,56,39,17,23,15,65,40,71,64,53,57,38,61,20,27,30,43,42,55,51,60,44,24,6,29,66,1,28,58,33,63,18
746,58,51,52,14,11,38,37,36,12,21,59,20,48,1,8,4,32,7,64,70,44,28,15,26,6,30,33,31,41,43,72,49,17,27,35,24,42,61,54,57,66,25,23,65,46,5,39
747,2,23,44,15,46,72,59,67,35,47,49,18,32,52,11,34,38,56,6,7,29,65,30,3,28,42,20,33,17,16,55,27,39,66,63,41,19,22,57,26,13,61,21,9,36,48,71
748,65,17,15,51,4,33,57,10,30,71,18,54,41,35,55,26,16,63,38,31,8,52,12,11,9,64,34,13,45,21,60,20,72,5,32,39,14,50,59,69,24,19,27,25,61,28,29
749,21,26,13,6,67,19,2,65,32,61,54,16,57,17,45,37,50,14,62,41,68,71,58,10,25,56,20,8,66,48,28,22,9,36,70,38,69,15,43,46,42,34,7,72,35,1,39
750,46,15,36,22,4,50,37,63,59,71,26,44,32,40,31,13,28,17,72,61,43,29,9,48,42,57,56,58,21,67,24,49,11,10,16,2,18,51,65,41,62,14,70,69,34,3,55
751,41,28,24,39,1,30,71,70,44,9,6,55,12,11,57,49,54,4,35,63,64,14,56,60,23,38,7,5,31,20,51,34,62,42,17,2,29,25,50,52,18,69,72,46,65,53,59
752,60,27,1,24,38,25,49,26,51,42,48,45,69,47,72,18,19,67,62,22,31,43,54,36,4,12,41,37,29,7,39,15,21,6,68,66,57,11,63,32,71,17,59,65,2,23,33
753,61,44,31,58,13,1,70,14,38,56,67,25,41,53,72,65,47,19,71,39,45,6,17,2,55,22,29,43,27,34,15,42,21,11,23,57,46,5,24,35,66,9,50,36,60,26,28
754,71,18,65,12,8,7,38,52,68,10,70,67,41,32,14,6,61,30,57,9,40,47,56,31,63,15,25,48,72,17,29,46,28,69,1,50,21,42,36,49,39,43,35,34,62,16,5
755,21,26,52,53,68,70,3,58,55,5,49,19,66,2,57,15,41,45,18,65,10,31,1,48,63,6,7,37,51,39,23,11,12,38,20,50,71,8,72,28,22,47,46,56,9,27,40
756,49,8,17,60,28,44,36,22,5,63,21,11,29,13,56,16,43,9,66,39,24,64,51,37,41,50,47,54,38,30,2,34,57,20,19,12,6,58,45,15,4,71,23,31,59,40,14
757,38,58,67,23,10,24,44,15,50,56,34,6,63,9,40,42,3,52,62,25,28,61,53,70,5,27,14,72,4,11,68,54,1,48,31,71,59,29,57,19,39,33,36,55,12,51,37
758,22,65,71,69,11,29,32,10,67,43,34,57,44,45,12,48,17,27,4,64,30,9,13,19,14,51,52,26,50,6,8,66,68,49,37,47,16,62,39,70,20,72,24,1,55,53,31
759,15,66,27,67,54,34,59,35,33,60,42,32,4,37,36,64,25,16,19,5,10,38,31,39,9,21,30,6,8,23,47,70,56,69,62,12,43,46,52,44,45,13,72,53,14,1,26
760,10,70,12,49,9,59,56,31,47,11,35,64,8,68,27,21,23,1,66,19,54,61,22,14,32,63,34,53,36,46,65,52,17,62,16,43,13,15,50,51,26,69,55,58,67,40,5
761,60,4,61,47,28,39,13,9,27,18,31,20,26,35,16,3,41,56,58,1,45,43,23,44,71,21,32,5,62,15,57,2,14,67,65,64,17,12,42,53,7,10,29,72,22,40,70
762,6,28,19,41,53,31,32,50,44,21,13,8,18,42,67,1,68,12,48,30,59,54,57,4,47,63,40,3,20,5,14,22,15,62,7,34,49,43,65,52,9,55,36,29,72,25,58
763,11,22,71,30,61,44,40,31,32,14,15,21,6,65,16,7,72,9,8,58,20,43,60,67,38,64,17,23,1,41,55,70,48,50,51,39,57,56,66,69,5,53,18,10,42,35,63
764,53,48,54,39,37,4,14,62,3,45,35,31,71,33,8,52,67,30,15,17,34,27,12,20,7,25,18,21,10,13,42,57,55,28,26,46,68,1,58,43,24,64,69,70,65,23,5
765,8,9,27,2,17,28,69,65,41,51,32,52,23,4,18,7,55,66,13,45,63,58,57,19,29,56,21,26,70,1,62,50,48,67,61,60,64,42,47,53,37,49,36,35,30,12,5
766,60,19,54,23,45,67,68,39,64,16,25,13,11,28,20,72,32,22,49,36,50,56,46,17,24,14,29,43,21,34,40,10,9,69,38,18,30,52,71,70,6,41,7,61,62,55,2
767,15,21,14,41,26,2,68,36,53,57,70,62,56,50,54,10,3,71,52,48,33,6,59,18,38,28,17,20,31,61,27,67,32,9,49,43,44,58,16,37,22,8,72,42,25,45,64
768,10,19,46,17,61,20,6,71,16,33,22,28,25,49,34,44,1,31,51,7,29,37,36,45,12,69,41,3,8,38,68,24,63,54,67,57,30,59,47,27,40,42,18,52,55,58,11
769,45,50,20,9,42,54,29,60,70,53,4,58,1,13,5,35,23,44,68,22,15,56,25,16,63,17,55,37,12,6,52,34,41,46,48,26,8,36,11,66,65,27,67,47,51,71,69
770,5,15,4,49,62,65,26,72,54,14,45,70,17,21,67,37,41,33,66,57,6,16,69,39,43,2,35,23,44,53,3,20,9,30,63,32,22,59,8,7,25,46,24,56,40,51,71
771,42,11,41,35,22,60,14,7,27,52,59,71,47,8,43,21,31,49,16,58,3,24,36,15,53,18,1,26,50,61,32,34,29,33,4,9,51,66,30,57,46,25,17,54,62,56,13
772,13,37,35,68,3,24,12,39,8,69,41,58,10,25,55,54,5,61,14,70,30,71,48,65,7,64,2,28,72,40,34,62,19,45,18,53,49,52,17,29,23,33,21,31,6,4,26
773,37,10,71,38,23,72,61,44,5,65,30,67,2,66,69,6,16,25,43,3,42,32,64,19,15,14,27,55,57,52,8,1,35,60,4,45,68,58,9,20,49,51,40,34,22,53,54
774,69,14,58,26,3,11,20,32,35,71,62,70,52,42,15,40,60,65,4,5,13,41,59,29,61,17,67,2,53,1,10,30,49,18,25,39,72,64,68,46,19,9,44,66,8,7,33
775,9,14,65,8,23,72,66,19,49,12,6,42,69,36,55,52,62,27,24,29,56,7,39,37,13,61,26,10,18,28,45,22,68,58,30,57,63,41,20,47,54,60,25,50,15,64,32
776,18,14,71,62,9,63,50,65,35,72,54,5,15,32,29,38,12,23,45,21,40,68,43,25,8,55,11,13,56,51,24,48,16,58,20,42,67,60,19,1,31,10,3,39,52,69,37
777,40,47,44,72,1,4,20,34,48,60,10,27,59,71,38,49,16,26,56,3,55,35,57,15,54,51,11,64,8,22,32,58,68,19,43,66,41,21,28,65,9,50,67,31,29,7,17
778,42,35,11,68,67,44,48,43,37,60,7,38,20,16,6,56,39,33,47,58,61,24,41,64,8,31,40,54,29,26,15,17,34,50,65,46,3,69,13,70,63,59,23,12,28,62,53
779,47,67,20,11,69,49,52,43,12,10,1,6,29,44,9,4,35,58,50,65,38,59,70,61,5,25,16,51,33,2,31,32,28,66,8,34,72,23,57,55,15,42,54,30,45,7,53
780,10,18,24,69,17,13,2,60,15,8,50,52,14,72,53,47,1,21,31,71,19,33,45,49,51,40,58,46,4,43,57,11,20,64,25,54,68,48,59,61,23,70,37,38,29,26,28
781,19,5,58,14,10,67,70,4,34,7,56,48,50,40,3,63,62,60,18,36,15,35,69,23,38,2,49,8,52,1,61,33,55,37,29,22,12,45,68,54,32,64,71,43,13,65,47
782,42,2,30,41,61,13,57,49,39,25,12,65,40,4,38,23,56,47,10,32,21,9,50,70,69,43,51,37,66,60,55,1,22,59,20,27,26,34,17,16,6,58,46,7,11,67,53
783,71,48,44,3,65,46,68,70,26,7,16,50,39,22,12,54,40,49,42,38,15,53,33,20,56,58,63,5,55,11,36,8,59,72,18,41,24,37,19,27,32,57,62,21,67,30,52
784,62,6,19,11,59,43,15,54,63,7,4,68,26,58,38,44,46,24,25,36,49,70,72,13,48,31,20,33,65,41,57,64,8,60,42,71,66,3,5,67,29,61,12,56,47,16,21
785,23,65,42,33,58,45,27,44,30,47,41,18,29,35,54,34,8,46,60,31,68,2,64,5,16,52,48,71,69,70,62,56,28,24,19,55,36,37,63,57,38,17,9,49,25,26,51
786,68,65,23,48,61,3,53,35,16,1,17,56,4,62,54,5,57,11,40,71,31,22,69,39,55,20,30,70,46,34,36,42,51,32,18,38,15,7,44,41,49,67,45,29,66,2,14
787,38,8,7,43,50,4,29,10,45,2,69,64,18,61,13,21,9,25,27,3,54,62,46,6,57,65,35,17,37,30,48,52,16,47,72,15,5,33,24,56,70,14,36,41,26,66,67
788,15,39,7,11,40,26,56,25,72,27,63,24,70,37,68,31,47,9,21,50,8,36,3,20,52,42,14,53,2,55,12,17,48,43,29,46,30,67,61,49,35,51,18,38,57,16,71
789,54,38,58,67,8,60,61,39,31,20,30,37,63,55,32,23,5,1,10,71,14,42,29,70,59,17,24,25,18,72,13,26,21,52,53,41,69,64,15,50,19,46,56,62,47,7,48
790,46,70,2,51,6,35,31,52,42,39,36,38,40,61,69,16,24,49,66,57,12,56,33,55,18,63,44,29,54,5,45,7,58,43,37,62,9,22,17,21,13,71,1,47,3,48,19
791,49,39,20,7,57,9,44,16,33,8,5,36,38,51,63,15,52,58,37,6,60,21,65,34,14,4,50,3,2,70,46,43,54,26,27,53,72,18,71,56,67,61,13,45,23,24,62
792,26,49,61,2,29,35,18,9,67,34,12,68,7,48,44,3,13,28,57,14,30,52,41,1,27,15,59,71,62,54,32,10,63,47,69,39,43,53,70,33,6,24,45,5,38,22,25
793,11,46,58,12,59,5,1,55,64,29,42,7,10,36,72,24,37,23,31,47,8,33,14,9,71,16,4,35,67,60,20,49,70,40,38,3,51,30,45,50,43,26,6,54,57,22,2
794,48,68,56,59,57,26,13,34,27,67,29,41,3,38,71,33,30,49,69,72,39,23,21,6,17,24,11,45,7,18,66,64,63,46,12,53,40,15,25,19,28,36,43,2,9,58,35
795,57,66,32,23,17,62,21,36,20,46,68,65,12,51,25,31,4,61,13,1,39,52,48,9,10,33,8,41,5,7,58,67,38,42,30,19,28,60,45,53,54,22,59,47,43,55,16
796,64,67,18,1,29,3,61,28,59,16,72,25,20,68,41,56,65,54,24,2,34,51,11,33,58,39,47,66,44,43,48,45,22,40,21,60,71,5,27,23,63,46,37,52,10,38,57
797,33,2,62,60,47,4,65,61,63,18,8,72,17,57,45,36,7,64,69,66,42,23,41,14,44,22,24,10,15,13,32,1,29,70,53,19,34,56,28,26,40,46,71,38,68,12,43
798,11,51,50,61,72,47,71,57,46,34,62,67,7,53,33,63,3,19,13,39,27,43,70,55,1,26,52,9,25,69,16,18,23,10,28,64,66,32,15,4,29,17,5,60,24,49,42
799,35,40,20,14,30,60,21,25,61,10,38,6,59,26,3,7,42,16,68,43,64,22,5,33,51,41,46,53,24,8,50,58,48,31,63,34,18,44,37,39,57,4,65,9,45,47,27
800,57,40,13,56,71,7,31,72,22,35,47,63,26,23,67,33,61,20,66,70,28,50,41,32,27,34,25,15,51,8,42,17,55,4,36,64,21,48,6,44,60,30,53,54,18,29,1
801,38,32,55,21,61,3,70,50,58,29,14,25,65,42,20,37,72,36,13,49,5,24,71,31,28,11,69,51,7,45,47,64,17,54,40,10,60,56,52,46,44,57,43,1,33,23,19
802,36,12,49,17,34,22,27,63,40,64,15,14,10,26,33,3,56,59,70,61,48,57,69,45,65,47,54,60,8,55,2,19,43,37,68,35,24,30,58,31,9,7,39,13,5,28,4
803,39,38,60,44,65,62,23,32,4,8,33,56,66,45,63,29,13,43,64,14,55,26,70,12,53,6,25,72,5,11,28,71,24,1,69,10,47,31,35,67,68,42,17,52,41,9,7
804,50,26,10,61,52,63,13,58,42,15,8,57,35,39,22,65,1,47,37,28,33,27,14,66,19,51,17,53,68,25,23,30,34,5,11,69,55,38,21,18,64,71,41,45,48,36,6
805,24,41,4,36,10,52,45,31,30,14,17,50,70,57,32,55,11,8,68,54,29,42,48,13,60,51,19,53,12,27,9,63,43,49,40,3,69,5,47,25,21,71,35,33,59,58,26
806,47,5,71,13,25,54,60,28,59,29,55,64,68,38,12,41,31,44,21,46,33,39,67,7,62,24,49,3,42,50,19,36,63,66,53,16,51,69,30,23,18,61,11,15,43,17,37
807,18,20,26,45,53,35,67,34,28,3,57,10,44,9,37,50,65,64,40,58,59,24,25,66,39,42,19,60,21,12,6,7,46,13,11,33,1,56,47,55,2,8,61,16,14,31,68
808,8,31,52,45,59,24,15,3,33,46,17,22,7,64,13,51,9,32,41,26,68,58,66,60,35,40,2,10,34,30,61,23,29,37,20,27,71,39,65,67,70,18,72,16,57,11,42
809,61,21,51,37,35,16,19,12,13,57,27,43,3,31,26,53,24,17,52,58,20,72,59,25,30,49,7,63,68,48,66,55,1,15,2,41,67,28,11,50,70,18,22,60,42,40,47
810,4,22,43,5,34,16,38,60,29,67,66,61,31,21,41,7,45,6,52,2,55,39,50,71,25,42,15,72,9,13,1,69,27,46,20,17,24,57,47,68,28,18,64,12,35,65,23
811,41,52,4,45,3,57,39,37,27,17,60,22,31,21,15,34,38,62,1,42,50,72,5,28,58,29,9,65,18,59,55,24,68,53,43,6,64,69,33,54,40,63,30,26,46,44,35
812,25,32,50,3,29,28,15,70,54,12,66,5,53,6,33,68,30,21,52,45,64,55,44,4,47,35,31,9,37,22,7,57,10,60,71,14,11,56,34,17,23,42,26,59,46,69,51
813,26,51,70,5,18,72,28,57,19,39,60,21,65,66,59,54,55,9,30,10,11,2,41,45,33,71,6,53,46,63,40,3,58,42,8,29,4,22,43,47,34,62,13,61,1,69,12
814,68,13,23,66,4,17,58,5,1,53,22,25,2,39,35,12,62,52,34,67,28,19,33,45,57,7,8,36,48,41,50,64,49,31,38,71,60,6,40,69,32,20,29,9,15,37,3
815,49,24,52,35,14,65,11,54,45,33,38,68,60,13,46,66,50,4,59,34,32,3,67,37,12,57,58,30,43,17,64,19,20,9,55,5,42,23,53,16,56,29,48,63,39,7,69
816,44,2,17,19,50,66,59,25,9,72,11,27,64,34,5,48,10,28,26,69,43,22,35,3,4,67,71,51,30,56,60,18,29,41,58,62,47,32,49,6,46,63,45,40,65,70,52
817,63,29,30,32,40,8,54,24,72,7,22,16,55,33,48,61,20,64,4,57,12,67,56,41,36,25,17,35,58,69,1,39,37,5,6,15,71,18,62,23,66,28,10,19,68,21,45
818,2,70,1,9,11,38,42,17,72,59,56,29,64,48,50,3,46,39,67,26,58,41,31,69,40,63,27,12,25,44,32,14,20,21,54,55,53,30,33,62,8,36,5,16,24,23,66
819,25,33,41,52,12,6,23,16,37,44,53,31,58,56,65,21,20,49,61,8,60,24,3,59,10,35,18,2,34,32,62,1,38,43,13,48,29,51,26,5,22,46,30,14,15,67,69
820,64,50,25,40,62,52,20,36,49,71,48,7,26,13,66,19,6,29,51,61,55,63,3,43,9,1,67,34,41,11,33,37,54,68,22,47,16,44,4,38,39,2,10,21,69,14,28
821,5,2,71,34,20,35,3,70,16,24,51,49,39,18,59,22,43,32,62,69,15,68,4,46,30,19,60,23,31,9,57,28,11,40,52,14,12,45,56,7,53,64,38,67,8,48,50
822,13,28,64,8,70,23,59,57,61,17,66,11,32,38,46,40,67,48,18,16,39,52,65,12,42,35,36,60,55,1,58,45,14,7,4,51,9,29,6,34,10,63,37,71,31,20,44
823,31,70,55,49,40,3,12,8,20,47,9,6,2,63,52,32,51,21,38,56,48,30,53,29,19,50,61,59,64,16,28,17,4,68,25,23,71,44,27,36,18,60,54,46,65,22,34
824,17,19,38,69,51,66,13,58,70,68,47,37,5,27,71,20,39,14,55,36,64,61,53,60,49,18,62,25,9,41,45,72,24,4,26,1,57,52,44,48,56,2,67,11,29,46,43
825,53,29,46,1,9,22,67,17,3,33,25,2,36,58,23,8,20,51,48,61,16,34,63,13,19,39,11,57,28,71,45,54,50,62,24,56,30,18,64,69,42,35,10,40,12,72,32
826,22,13,1,19,20,45,57,6,5,59,71,35,2,10,4,27,29,18,52,40,61,21,9,44,62,34,38,17,37,7,54,70,23,43,33,14,32,36,47,26,30,39,55,31,24,12,64
827,28,66,6,42,59,67,33,10,43,54,30,70,71,50,14,29,37,1,39,51,26,58,23,38,61,69,27,5,11,55,3,64,48,31,8,25,72,45,52,2,44,40,13,17,12,41,57
828,35,56,57,37,18,32,63,17,61,72,41,66,69,36,62,23,52,5,68,3,67,46,53,39,21,25,43,33,31,16,49,54,65,12,30,47,55,1,45,42,2,20,26,58,51,40,70
829,36,45,46,48,42,15,10,18,23,52,50,65,6,60,67,69,12,3,20,27,4,31,40,35,39,13,49,5,47,44,32,1,26,61,7,25,72,66,8,21,14,38,22,41,58,57,62
830,18,27,71,20,17,13,50,34,2,10,62,5,53,6,64,61,44,32,59,66,31,12,1,37,55,26,11,35,24,15,8,63,36,33,54,29,40,57,43,42,30,51,7,47,69,70,46
831,50,64,41,44,54,35,9,15,6,58,10,12,61,71,29,4,42,22,52,25,27,2,62,31,33,70,23,13,40,53,20,32,67,21,72,65,26,59,36,55,14,7,3,56,16,18,60
832,29,64,59,35,31,17,40,24,41,43,54,57,10,69,39,27,37,8,30,38,48,4,60,62,72,22,47,42,23,71,19,9,51,34,68,6,63,49,66,45,11,58,33,1,26,46,67
833,25,17,13,4,20,71,65,16,26,41,51,56,12,8,36,69,38,11,21,61,6,15,5,59,48,40,42,1,45,55,30,44,62,34,53,67,39,54,31,52,47,22,66,23,63,27,7
834,4,39,57,48,34,37,28,6,14,24,64,5,29,1,13,8,51,55,58,63,12,9,69,42,56,17,50,33,61,62,66,70,65,52,72,11,53,10,31,25,22,19,26,49,41,40,23
835,71,13,64,21,10,63,58,65,30,44,9,20,68,32,39,46,53,36,59,24,52,35,51,69,28,56,22,62,50,19,15,70,12,29,4,72,14,31,3,25,23,26,49,57,55,27,17
836,61,17,18,37,51,58,22,21,69,36,28,39,6,52,66,13,65,43,54,70,49,59,32,5,63,60,15,68,27,2,9,20,4,41,33,10,42,56,48,53,55,38,29,34,30,12,71
837,42,53,57,35,62,56,33,31,11,46,12,16,59,32,51,21,3,54,27,8,23,39,26,17,1,64,67,45,13,9,7,40,4,55,15,68,71,29,37,30,20,61,41,50,44,69,14
838,26,11,44,49,51,8,10,60,23,24,7,14,43,5,72,40,32,36,15,57,65,25,39,64,29,17,61,46,19,27,35,16,34,54,13,56,4,63,70,21,2,68,58,31,71,66,28
839,55,8,11,54,35,49,15,39,44,64,19,21,63,46,71,66,67,28,26,24,59,2,5,25,4,9,23,29,69,42,68,51,33,57,60,30,37,3,52,48,53,7,27,14,43,62,12
840,60,20,34,9,57,3,44,25,37,15,35,67,64,23,68,8,41,50,6,61,10,72,70,21,45,27,58,24,65,49,29,12,54,62,33,14,16,56,63,52,71,28,69,46,43,53,22
841,4,72,44,18,50,35,34,11,13,40,5,38,43,46,16,28,10,27,62,3,45,15,24,61,63,26,2,58,69,68,64,57,52,25,42,49,20,39,8,6,9,66,30,19,53,47,17
842,62,24,55,5,71,14,36,23,26,2,6,49,7,39,63,29,68,28,34,25,33,54,20,43,64,31,8,45,66,70,41,11,58,47,22,50,72,53,16,46,18,38,27,37,52,51,4
843,62,18,72,64,12,25,2,4,26,31,32,33,22,50,28,37,40,67,21,60,42,66,45,9,39,52,44,71,27,8,1,53,51,63,6,3,11,57,5,58,7,15,46,10,47,41,13
844,42,47,6,52,62,54,53,25,2,49,58,40,20,60,72,23,43,29,37,7,41,39,59,11,19,64,55,30,67,18,31,45,10,16,44,4,24,61,5,26,70,28,33,21,35,22,1
845,46,11,66,33,17,22,13,56,71,5,6,3,64,34,37,57,25,26,1,31,23,39,48,59,53,41,45,49,58,38,12,69,28,14,44,47,55,65,63,30,15,43,52,4,61,60,2
846,7,51,60,28,35,64,71,42,53,13,20,56,11,8,21,33,16,30,2,50,32,40,19,72,22,24,54,46,61,14,29,10,67,1,12,41,39,43,62,68,63,65,5,6,55,37,44
847,13,22,25,26,40,29,31,21,46,47,69,66,37,24,19,49,53,15,67,43,6,70,48,72,17,52,45,16,4,35,38,32,36,44,58,64,27,62,56,33,9,41,28,63,18,30,42
848,28,1,26,36,13,31,61,14,23,53,38,8,59,72,52,3,16,62,51,10,57,30,67,4,69,19,34,66,42,5,6,65,45,27,37,50,9,54,7,29,33,60,49,63,17,46,58
849,50,16,49,41,12,29,24,37,60,52,68,45,13,36,35,70,59,56,66,26,63,53,10,5,31,65,40,34,14,7,15,44,8,30,19,43,42,51,6,28,69,9,58,33,54,72,20
850,49,69,72,11,39,66,12,10,19,52,32,30,41,51,20,64,18,63,53,23,35,2,7,27,44,31,1,38,61,5,29,28,15,70,47,40,42,54,50,16,25,62,55,33,22,24,26
851,18,51,37,61,72,47,59,62,39,69,32,24,68,58,66,38,20,45,5,49,57,8,56,23,40,63,26,12,9,46,29,35,1,43,44,2,50,31,36,6,19,65,10,25,16,11,52
852,10,52,63,57,61,64,11,38,69,18,48,30,49,17,31,53,60,50,23,24,6,2,16,34,22,44,70,32,26,41,40,58,39,5,19,43,62,54,35,72,71,13,14,42,59,65,15
853,48,41,40,53,42,32,55,4,16,47,30,20,51,12,67,28,34,2,29,25,65,63,18,17,72,19,11,62,43,46,35,64,15,22,60,61,9,71,3,27,45,58,52,57,68,36,38
854,71,7,4,68,37,21,20,61,27,10,6,16,70,56,69,30,59,55,36,44,28,18,9,26,45,2,52,19,41,14,31,50,67,48,12,13,47,32,39,46,15,35,49,58,25,29,38
855,32,50,68,39,48,61,42,52,22,19,49,55,28,53,20,24,13,69,7,30,29,46,45,44,59,11,66,33,17,10,15,64,14,60,72,23,62,31,47,27,70,57,56,26,58,67,41
856,22,70,24,36,8,20,15,6,48,5,50,59,17,41,2,25,52,21,33,34,1,14,56,13,30,62,43,19,60,69,49,35,66,4,42,27,51,72,61,40,28,46,71,65,37,57,54
857,60,63,15,47,19,10,68,21,42,51,14,46,17,70,57,11,28,64,12,44,56,66,38,1,36,39,32,69,43,24,22,34,7,53,8,3,55,6,49,13,67,18,72,71,41,45,20
858,57,20,5,14,22,37,63,10,31,26,67,12,25,60,30,39,54,66,13,71,35,23,28,18,27,59,19,50,55,3,65,41,49,7,42,62,38,47,24,11,33,15,61,2,43,70,34
859,15,11,20,22,23,17,26,10,69,66,1,68,50,36,60,46,28,34,39,32,35,55,67,6,25,16,7,30,54,56,27,19,8,64,38,37,51,31,41,9,14,62,42,71,57,70,21
860,46,51,30,66,3,34,17,27,59,37,38,35,65,67,21,15,22,40,41,63,14,31,42,52,68,4,62,32,45,23,29,12,43,7,16,44,18,57,5,33,69,20,6,10,25,53,11
861,35,56,12,37,4,38,18,53,6,48,10,17,32,5,52,15,51,43,24,20,57,2,27,66,31,50,3,36,16,9,64,69,61,58,23,22,1,63,40,26,46,25,45,71,41,34,8
862,37,4,27,68,24,12,31,50,15,5,70,16,22,49,60,29,69,42,9,34,20,8,6,45,58,40,65,11,3,26,59,30,57,54,61,35,53,48,33,23,62,63,52,7,10,1,32
863,48,61,36,3,43,11,25,39,57,7,63,14,67,58,35,44,2,52,54,10,45,59,50,6,21,19,5,17,18,66,55,34,29,33,12,62,47,38,22,31,60,20,72,16,13,68,69
864,22,6,46,17,43,42,35,31,47,4,15,58,24,38,19,23,20,33,9,48,63,26,21,10,25,36,70,65,55,27,59,30,14,53,1,52,40,56,8,41,62,50,61,37,51,67,64
865,59,53,24,26,70,8,22,14,35,34,58,31,32,46,5,51,6,44,43,4,27,1,11,36,19,28,49,20,40,23,72,52,30,33,42,10,45,48,17,69,65,67,56,71,57,9,61
866,71,18,22,65,58,36,57,11,51,6,69,12,21,54,42,34,4,19,24,32,60,15,61,66,55,67,9,3,30,27,62,64,59,26,43,5,48,29,53,1,23,52,63,68,37,28,41
867,25,14,53,54,47,23,7,63,4,11,5,59,39,42,6,40,62,3,41,36,24,33,1,46,27,15,28,37,57,43,13,38,68,20,48,60,30,70,26,50,19,58,56,71,61,72,67
868,34,51,57,2,60,38,55,48,43,15,49,1,20,72,11,45,28,12,8,47,68,31,18,16,21,37,29,33,4,67,52,3,56,7,22,41,59,36,69,71,30,65,5,46,13,14,64
869,61,9,70,53,6,15,40,7,16,68,26,20,3,66,50,36,51,48,34,10,62,14,44,55,41,46,45,57,32,39,64,52,18,58,19,5,22,63,4,59,69,28,27,11,42,23,54
870,55,61,15,11,49,38,33,24,16,70,67,26,46,65,12,51,9,21,57,3,72,64,22,7,5,2,43,47,20,19,69,63,39,23,35,52,17,36,4,25,45,41,13,18,58,48,8
871,63,44,5,57,2,16,18,45,3,7,24,15,6,20,64,22,72,26,67,61,36,40,41,28,69,8,51,68,9,19,62,58,42,39,59,56,43,34,50,11,14,37,32,70,38,60,29
872,28,11,44,3,36,10,7,26,65,32,1,8,59,56,24,6,29,53,5,34,57,9,17,27,70,20,4,30,63,40,60,50,68,71,37,25,62,47,33,55,22,64,2,45,23,35,52
873,54,30,48,29,4,36,28,34,49,58,62,31,42,12,3,69,57,72,59,46,53,67,8,11,18,41,70,68,64,55,7,26,71,37,23,43,5,16,22,45,40,56,20,19,10,52,61
874,20,25,70,34,57,31,71,10,66,67,18,43,12,41,5,65,16,42,56,35,19,50,22,46,9,24,23,4,29,17,27,15,51,47,60,58,49,8,33,61,44,36,6,64,48,54,53
875,36,51,24,25,59,69,12,7,2,41,6,18,10,38,23,40,20,66,45,60,47,42,58,1,54,68,52,14,21,8,34,27,61,39,17,28,29,63,57,49,13,35,32,65,33,72,31
876,36,69,67,60,9,27,52,66,43,46,38,22,2,1,70,50,16,13,29,72,41,14,15,21,65,61,31,19,51,30,26,17,68,39,10,37,8,64,34,20,23,53,40,59,56,12,24
877,7,28,21,25,11,66,17,56,13,29,20,67,38,14,30,60,5,2,47,64,15,55,27,40,65,39,41,72,52,10,58,34,48,19,31,26,3,62,37,32,45,54,51,16,46,44,23
878,34,32,68,23,3,36,8,24,71,9,70,15,52,53,42,19,25,72,6,5,69,22,17,66,64,33,35,26,63,48,62,45,39,41,58,54,20,1,57,60,13,29,55,30,28,2,12
879,16,39,21,50,26,54,44,56,35,63,43,11,13,36,6,15,1,17,68,25,28,7,5,64,72,32,60,58,42,53,31,65,40,8,22,48,69,23,67,51,9,14,47,29,24,20,45
880,62,20,1,68,64,16,42,21,72,17,15,67,3,8,32,50,34,53,36,33,58,52,18,35,6,7,51,31,60,12,61,4,11,47,29,27,65,45,39,23,66,49,41,22,57,48,10
881,23,56,51,25,49,31,9,19,59,47,69,15,10,39,63,21,46,34,13,61,54,4,6,60,3,12,62,48,7,65,70,14,68,40,41,5,44,22,17,50,36,64,2,8,52,28,42
882,71,52,21,64,17,30,63,10,66,13,24,19,42,8,49,22,6,4,20,14,39,11,29,72,40,48,25,15,57,16,18,47,51,70,62,69,23,45,2,9,58,35,31,56,50,60,36
883,42,17,6,71,1,30,41,22,40,61,43,35,36,65,3,70,52,48,54,33,31,18,56,26,63,69,62,51,47,16,19,37,13,68,23,55,14,67,49,32,15,34,20,2,57,45,7
884,57,52,17,6,48,63,66,16,41,50,4,19,67,62,36,61,38,60,37,34,35,59,7,8,30,53,5,42,12,26,22,69,43,56,25,64,68,32,11,51,1,23,21,55,27,20,28
885,23,44,30,70,57,35,29,11,64,53,41,39,52,32,6,12,13,54,48,38,55,34,17,49,43,36,22,21,68,25,14,37,26,50,42,40,56,51,27,66,8,5,69,2,62,4,45
886,28,50,60,4,72,35,63,43,3,23,38,55,45,8,32,62,6,39,12,65,17,57,1,22,19,46,33,10,18,21,13,61,9,20,48,71,25,67,47,11,54,27,53,66,64,44,26
887,55,25,64,37,32,44,51,8,4,59,10,41,13,9,22,62,56,53,57,15,16,11,12,17,26,27,29,6,69,49,63,39,47,31,35,58,70,1,71,48,18,40,45,38,7,60,42
888,70,5,29,25,43,26,18,15,30,27,4,24,37,55,56,22,38,50,47,8,36,40,21,52,39,45,2,42,69,68,6,23,28,33,12,53,72,7,19,65,17,64,31,71,61,41,66
889,69,44,45,40,50,10,24,28,64,3,6,36,27,5,38,52,42,68,55,2,16,65,8,37,63,25,54,61,22,34,33,66,9,11,23,31,30,12,32,46,58,14,59,56,71,72,57
890,28,33,37,54,11,63,14,53,58,50,67,16,38,2,12,4,59,20,34,40,60,61,51,7,22,52,71,47,43,17,66,46,1,8,65,62,24,39,31,3,70,42,72,27,32,36,19
891,32,44,21,63,15,11,46,19,39,24,29,69,7,64,48,68,9,14,58,45,13,56,26,59,55,3,43,71,49,42,37,72,22,4,60,62,20,41,28,6,38,66,40,27,51,25,34
892,36,28,8,29,4,32,59,18,31,33,7,48,70,19,72,14,47,64,23,15,54,49,5,52,6,45,13,24,66,40,38,25,71,56,34,62,58,63,3,51,10,60,30,46,35,61,41
893,30,68,38,6,31,9,47,58,40,51,16,53,29,50,42,4,1,67,48,17,49,13,39,25,66,37,8,20,26,65,64,14,56,43,69,3,34,2,33,44,61,27,71,23,59,54,52
894,72,52,8,22,23,20,21,55,30,69,4,44,38,13,16,64,45,54,42,32,41,60,17,70,27,57,53,43,15,35,24,63,19,25,39,12,37,67,34,40,7,6,58,48,5,14,47
895,72,56,66,24,39,67,11,17,54,25,70,2,53,19,60,21,1,27,46,55,4,28,49,15,13,63,68,34,61,35,45,14,10,42,12,7,32,33,71,16,26,30,52,29,18,20,5
896,39,34,63,25,44,2,16,9,29,37,17,32,48,46,11,3,33,15,20,35,68,7,58,54,71,66,42,61,50,22,51,38,27,59,24,69,49,1,14,4,18,36,55,28,47,26,10
897,61,33,53,71,44,43,45,56,68,3,5,41,46,65,22,17,35,4,38,1,47,67,6,59,32,13,58,31,34,52,36,12,28,39,14,64,7,66,10,49,72,25,48,50,63,26,16
898,64,45,32,35,22,25,62,60,30,8,71,46,55,48,53,15,17,57,61,21,24,44,26,58,33,10,23,56,51,40,36,65,16,29,63,13,68,27,37,19,4,69,14,67,52,49,12
899,9,6,42,27,69,36,57,3,28,29,50,33,4,19,59,32,48,68,63,37,72,18,66,49,70,34,23,62,31,26,35,39,14,64,7,53,15,11,40,47,71,51,56,24,65,21,13
900,10,23,21,36,27,39,54,35,11,8,34,51,40,25,65,26,37,68,72,69,16,28,14,29,30,50,6,24,53,48,60,1,15,55,66,45,43,47,56,38,70,62,46,12,7,2,31
901,2,6,26,43,31,46,29,58,18,8,37,45,64,42,48,11,30,49,3,32,59,33,68,23,44,16,51,17,40,20,1,70,22,25,13,69,7,15,61,5,63,50,14,66,36,28,62
902,17,47,27,5,60,29,68,52,15,49,34,10,16,2,57,43,46,20,69,64,12,44,39,67,31,8,21,9,56,70,35,63,32,24,59,30,25,66,3,22,19,50,45,1,40,14,26
903,38,20,45,21,40,2,36,16,17,7,46,55,69,66,56,5,9,48,49,47,13,31,34,62,35,11,10,71,3,8,44,53,61,14,33,52,30,68,51,22,24,29,23,28,43,63,4
904,17,60,58,48,4,37,43,9,22,2,62,25,30,40,61,23,35,21,44,32,55,38,16,29,53,66,42,49,14,50,36,31,52,72,34,69,59,65,13,6,46,67,12,64,47,8,5
905,37,58,53,9,56,72,29,26,34,5,12,68,39,21,22,3,65,27,13,64,18,60,19,23,63,16,55,10,71,66,20,40,7,59,25,36,44,28,57,4,1,45,38,61,14,47,41
906,72,48,12,34,1,41,20,57,46,43,52,44,27,26,42,14,37,22,17,65,2,63,53,59,24,18,50,56,30,16,21,60,45,40,7,64,10,51,3,69,29,33,35,36,67,4,8
907,68,41,5,13,10,35,15,50,60,26,55,19,29,9,44,65,6,57,61,48,38,58,36,52,56,8,47,45,14,66,64,40,25,51,28,49,7,42,69,46,53,11,67,31,22,59,30
908,30,48,27,54,67,63,8,1,60,33,17,36,4,22,31,42,70,38,58,13,68,37,55,25,9,71,56,2,11,28,62,32,18,69,40,59,21,57,12,51,7,23,65,45,44,49,10
909,14,37,66,68,3,69,19,67,31,34,57,7,29,26,44,61,23,63,30,43,58,36,52,20,17,24,16,27,53,6,33,59,38,47,18,72,40,2,15,45,46,49,25,42,12,28,1
910,58,18,12,4,49,20,34,47,6,50,21,69,52,45,11,1,30,65,19,40,27,9,35,33,62,28,15,54,66,26,68,42,64,41,48,32,10,13,63,22,38,37,8,31,56,16,43
911,58,29,31,33,18,45,72,9,59,42,11,47,46,26,10,24,53,34,37,19,6,65,54,23,20,48,50,14,57,17,64,41,66,15,12,39,35,71,36,2,69,68,16,60,7,32,44
912,25,48,30,43,32,13,55,42,69,44,51,72,68,33,65,67,62,14,29,58,56,16,59,5,28,15,50,21,11,45,53,52,20,23,26,17,1,8,63,54,70,35,6,37,4,40,60
913,21,18,7,66,14,72,11,44,59,43,12,13,53,54,3,40,28,46,22,58,61,39,31,15,23,1,55,16,70,60,45,24,5,26,9,41,17,48,35,10,50,69,8,68,33,34,30
914,47,16,21,3,36,45,10,19,12,17,9,14,42,31,71,61,2,49,29,53,40,65,8,66,13,18,15,55,34,68,22,44,11,54,67,27,58,57,38,25,41,72,69,20,24,5,56
915,4,72,62,35,53,1,37,58,26,2,21,7,48,31,24,42,52,70,10,68,39,14,54,49,65,59,56,57,32,64,22,44,34,38,9,55,29,46,50,27,67,47,60,30,28,6,19
916,10,23,42,52,59,61,24,38,18,28,65,33,64,30,25,63,26,35,7,1,44,21,47,5,41,56,2,49,50,29,32,11,45,20,69,15,31,3,66,4,40,55,57,62,48,46,9
917,66,22,19,27,43,16,29,49,31,50,62,61,53,11,54,58,69,63,42,45,30,8,70,18,15,51,57,5,72,60,17,1,25,34,46,7,10,65,56,47,59,35,2,21,41,9,37
918,61,22,41,69,65,1,31,34,33,18,40,6,28,12,50,29,21,58,59,68,10,52,13,9,44,19,23,43,15,63,39,17,56,53,4,16,35,54,36,70,27,67,25,8,37,71,26
919,57,48,46,52,1,45,44,17,6,8,33,53,28,7,16,62,13,12,63,10,25,30,67,72,31,23,35,29,58,68,66,19,50,26,38,21,24,55,37,71,39,59,18,36,54,49,56
920,19,13,25,29,5,20,11,56,54,23,58,65,50,41,48,61,40,60,8,28,36,43,71,3,69,45,68,9,18,62,52,46,7,55,35,17,27,24,49,66,47,10,1,63,2,22,72
921,64,29,2,72,17,62,30,38,18,19,32,12,50,66,51,3,40,48,71,14,44,7,37,27,20,41,24,69,13,49,60,36,33,45,68,52,54,35,58,25,28,22,6,11,55,8,5
922,10,65,51,3,19,54,32,27,23,15,59,67,5,35,36,44,50,21,28,47,37,55,64,22,58,63,45,52,30,7,12,20,26,43,60,4,57,33,17,2,38,68,70,72,71,6,24
923,34,60,61,47,40,65,26,14,18,43,17,36,13,23,20,55,1,12,4,15,9,46,66,16,30,25,10,70,62,69,29,27,5,19,42,48,59,41,35,33,6,31,57,44,24,50,39
924,62,63,29,70,25,51,34,32,10,39,13,33,50,46,5,18,14,4,19,31,64,17,65,53,49,47,69,57,54,58,68,72,22,55,67,36,12,24,8,6,28,66,21,61,41,7,45
925,7,45,66,61,49,56,58,32,57,60,19,34,46,62,44,68,15,18,67,38,9,4,33,17,1,54,20,41,16,43,6,40,48,51,63,22,64,35,21,25,2,29,52,55,26,71,13
926,66,48,22,18,65,9,20,67,64,17,55,53,62,35,6,4,51,8,50,13,19,44,23,43,32,12,34,26,45,41,7,16,57,46,58,59,28,42,25,70,21,40,5,30,56,3,71
927,47,34,28,48,44,62,10,11,39,55,63,38,43,58,15,25,57,65,31,59,3,42,7,22,70,9,17,66,69,13,60,4,41,21,54,6,26,40,45,18,32,46,52,67,1,30,24
928,38,68,36,39,69,64,9,11,22,6,57,72,67,23,1,59,61,13,19,15,62,51,30,31,66,10,43,34,7,56,63,53,29,58,8,16,26,12,17,33,54,2,24,52,37,5,50
929,33,42,67,28,4,10,20,22,37,2,70,23,34,53,19,26,69,24,68,39,48,64,44,7,62,17,11,27,25,59,6,38,50,56,71,14,63,32,57,30,60,1,9,13,45,55,15
930,21,4,58,50,67,30,8,3,19,61,16,18,20,42,59,45,38,2,10,1,14,56,15,46,9,47,13,62,11,39,57,63,7,5,22,24,52,27,36,53,17,32,72,65,70,31,33
931,15,2,48,7,19,40,70,46,42,41,1,13,22,56,12,30,5,66,3,69,25,18,39,51,10,23,45,29,31,62,50,60,33,20,16,44,63,28,57,11,24,72,27,52,55,38,6
932,72,5,63,65,50,54,48,12,53,4,49,67,39,19,32,17,45,18,55,56,36,34,23,28,24,42,31,9,46,30,25,6,14,71,57,35,33,22,8,3,60,38,1,64,2,20,11
933,70,66,15,39,13,51,46,35,57,42,33,24,8,62,9,69,23,36,17,43,60,37,2,1,54,45,16,11,12,65,25,63,71,40,58,56,38,67,55,68,3,53,6,14,32,59,44
934,43,11,14,13,51,49,30,70,16,25,54,67,20,27,37,52,62,53,63,38,24,36,2,10,46,55,9,7,21,68,35,71,44,65,64,69,60,23,22,66,39,41,17,47,34,12,26
935,29,67,57,32,21,42,5,38,36,15,50,11,26,35,23,6,12,22,54,17,53,63,41,65,49,24,71,18,46,66,19,56,39,4,59,28,20,2,25,60,47,13,8,58,45,52,30
936,23,10,68,65,71,3,50,54,42,62,61,49,72,52,8,69,18,17,24,1,39,70,9,67,28,19,56,33,15,2,51,47,45,48,12,31,59,22,26,37,16,58,57,64,14,40,60
937,52,61,19,1,63,17,22,44,48,37,29,51,38,21,42,26,66,62,35,69,3,53,55,16,8,68,67,31,6,27,56,2,11,32,24,59,46,33,57,39,40,58,12,36,4,13,30
938,65,17,13,37,57,46,66,32,6,10,24,43,36,50,54,5,48,11,63,58,67,29,68,18,39,31,41,20,8,71,44,26,23,12,22,7,21,15,56,45,55,38,64,49,52,69,14
939,52,16,44,18,14,55,48,34,28,54,41,63,38,30,15,57,21,70,2,35,27,69,10,47,62,29,50,13,23,60,11,24,8,37,67,61,1,5,4,31,46,66,59,36,58,33,51
940,15,24,63,44,35,69,8,57,59,9,36,20,7,4,1,34,46,22,30,10,61,29,54,11,67,13,28,47,23,32,2,6,56,12,70,40,42,43,72,3,62,58,18,66,27,37,60
941,17,18,50,10,13,72,1,37,66,31,32,45,39,16,61,47,41,59,54,5,53,3,11,9,36,71,65,23,6,69,40,35,28,42,51,55,67,34,19,52,21,24,22,48,46,30,12
942,27,22,29,13,33,31,6,48,5,40,7,59,61,2,45,67,66,49,20,15,41,30,10,17,34,54,1,58,65,62,46,18,39,25,14,70,50,36,44,23,52,35,19,68,32,56,12
943,47,51,2,66,31,52,11,38,4,49,6,68,1,16,25,17,27,54,32,22,42,45,18,61,5,20,13,63,62,30,7,23,37,60,65,43,35,28,69,24,26,36,46,15,59,67,40
944,52,66,4,39,58,46,15,49,72,10,11,57,6,60,7,65,8,27,47,19,23,5,33,37,26,21,40,64,3,20,12,24,30,34,29,42,62,55,32,54,69,48,43,68,63,71,35
945,46,62,13,54,61,18,42,10,14,37,30,72,47,51,49,59,6,15,11,45,48,69,33,25,63,52,31,3,57,44,7,4,64,22,27,34,9,38,58,21,5,65,39,16,67,66,43
946,25,15,18,70,66,17,11,60,12,55,53,26,7,3,59,2,33,47,20,51,14,61,57,31,8,48,54,72,22,62,28,21,19,41,50,10,67,52,43,65,64,38,29,24,23,6,69
947,32,23,19,42,27,67,52,62,24,58,36,31,38,56,44,68,25,65,53,13,50,10,26,12,57,63,35,7,21,30,70,18,46,15,60,34,16,61,22,72,4,1,6,69,45,43,2
948,15,12,48,60,49,29,41,4,47,8,71,26,35,32,52,24,16,27,5,55,59,25,3,45,72,70,37,58,53,23,14,66,64,51,65,13,56,44,30,50,20,2,43,9,38,6,54
949,13,20,17,67,27,68,61,47,31,53,10,15,46,52,62,41,57,72,66,3,71,42,2,54,32,24,56,34,36,58,5,63,19,21,7,55,18,37,22,45,65,6,28,33,69,12,8
950,62,39,41,57,63,15,19,21,43,32,58,23,11,10,24,1,54,14,61,33,40,52,13,4,35,71,30,70,67,6,59,31,72,37,26,53,17,51,66,28,29,38,65,44,55,68,47
951,42,22,68,32,40,23,29,41,55,58,64,30,15,19,49,44,57,47,16,18,13,27,24,62,51,5,60,50,25,52,6,67,7,46,59,43,12,65,39,26,1,38,36,31,37,53,34
952,31,32,57,49,21,5,59,6,51,62,38,45,72,64,47,44,53,8,69,2,3,36,25,61,27,4,30,10,24,48,37,20,1,46,12,68,15,34,50,14,60,22,67,35,19,70,33
953,22,65,50,31,27,69,9,38,18,66,10,26,14,23,57,68,60,47,19,56,20,40,30,16,28,33,42,24,44,63,13,1,48,15,51,70,2,61,35,34,67,39,6,59,72,4,62
954,68,14,46,27,38,62,66,52,7,70,55,28,23,1,37,60,22,71,17,65,34,30,43,67,25,63,36,53,5,48,15,21,64,50,3,32,26,29,9,54,69,58,13,49,19,16,10
955,64,26,66,18,59,37,47,52,20,27,6,70,13,44,40,34,48,33,46,65,55,30,56,1,5,50,31,3,24,67,2,43,7,61,19,11,60,58,25,8,22,35,72,28,15,29,36
956,25,33,5,32,38,50,20,55,37,70,41,60,68,15,14,7,35,66,47,72,29,10,42,71,40,28,56,22,9,11,48,6,59,57,54,18,69,34,2,44,64,67,39,16,23,21,49
957,21,6,27,69,65,38,12,22,39,25,53,45,18,57,68,14,16,43,34,64,50,60,63,40,8,17,67,15,49,19,55,28,42,48,47,1,41,4,33,71,61,54,20,44,11,10,62
958,42,21,27,68,63,52,18,10,70,51,16,12,1,31,69,40,26,72,15,8,44,59,20,5,46,22,64,43,4,55,56,47,61,62,11,35,33,25,41,58,32,65,14,71,37,45,17
959,28,41,25,47,1,2,17,66,69,3,56,46,33,22,18,58,37,48,29,16,34,51,68,6,30,49,26,67,15,32,12,20,72,7,11,63,39,70,44,61,13,60,9,40,43,45,71
960,4,64,34,61,37,17,20,10,15,19,68,50,28,11,35,12,21,27,54,31,24,39,40,1,30,53,6,2,48,72,46,47,43,42,8,66,26,59,36,60,70,71,51,38,13,63,18
961,9,45,53,38,31,32,6,3,70,57,51,44,36,15,16,47,65,28,17,46,40,64,14,52,11,23,35,60,29,41,20,5,48,2,39,68,72,37,8,27,34,21,58,30,61,62,42
962,17,23,15,41,5,22,36,55,63,33,57,21,40,54,71,47,34,48,13,44,26,18,32,52,11,61,43,29,70,49,56,8,24,68,58,50,31,28,45,6,64,27,46,20,30,69,65
963,13,23,6,5,3,57,27,35,55,30,33,1,15,17,12,59,48,20,45,68,29,36,7,67,53,21,24,2,42,31,10,41,38,49,61,72,39,66,65,44,54,63,58,19,32,4,70
964,71,9,49,65,44,32,10,42,46,3,34,72,67,33,58,57,31,66,35,62,36,28,7,64,70,8,59,48,18,26,60,13,37,61,47,69,22,15,29,39,2,51,24,17,12,1,40
965,23,18,41,4,68,57,25,30,32,61,8,42,9,19,7,33,40,34,63,44,62,59,27,47,12,49,53,70,58,51,55,31,54,26,21,71,15,37,35,10,29,11,17,16,20,46,14
966,52,2,27,45,67,13,4,17,33,25,70,30,49,42,18,26,60,21,39,58,68,55,36,14,37,61,38,46,64,31,29,11,1,59,47,69,71,8,32,44,3,40,6,50,43,62,24
967,42,24,57,6,11,34,56,5,31,19,13,1,16,67,46,71,41,55,50,18,69,28,61,12,2,30,59,44,37,27,45,52,38,70,26,29,23,9,14,65,25,47,39,48,72,4,36
968,38,65,69,21,57,42,39,8,36,60,33,62,55,3,35,17,66,13,26,12,23,1,64,63,54,28,47,20,7,45,31,25,50,72,61,56,41,32,11,53,10,29,58,18,15,19,24
969,21,47,7,42,25,6,14,16,60,35,20,23,9,52,43,29,17,72,64,56,39,41,32,48,33,15,18,30,44,3,71,36,70,19,5,4,8,54,24,11,65,51,37,58,12,57,59
970,49,50,5,14,61,6,26,33,48,62,53,54,70,17,45,25,46,19,35,64,38,52,20,72,10,55,3,51,16,47,28,37,57,24,56,21,44,36,42,34,12,8,43,11,40,71,13
971,62,12,16,18,1,54,65,9,13,40,61,50,27,25,56,42,36,52,11,24,15,47,63,22,46,19,55,34,3,48,32,38,31,66,6,28,41,59,37,21,60,4,43,7,68,2,33
972,9,11,5,44,61,14,65,52,34,15,56,59,69,25,40,27,29,36,32,38,18,48,46,4,6,8,13,22,30,28,21,53,19,12,37,16,42,71,31,23,49,3,51,60,41,43,47
973,31,30,69,18,11,25,45,43,56,32,55,27,37,12,8,26,29,52,47,65,19,2,58,35,9,22,1,61,72,59,3,34,64,14,68,13,51,49,50,71,23,63,15,41,21,16,17
974,48,67,38,10,60,28,34,61,45,70,35,56,23,66,33,51,44,6,55,31,72,65,27,40,18,4,54,11,24,68,29,63,2,19,5,26,47,36,14,22,57,8,71,9,58,50,13
975,66,55,27,31,16,57,49,34,23,72,21,2,60,7,47,22,46,14,13,43,63,54,1,25,33,4,68,44,70,9,62,42,65,15,53,8,32,67,19,56,17,5,30,45,11,64,61
976,42,4,9,47,10,21,71,59,50,61,64,6,57,41,40,26,16,29,56,18,67,58,37,31,24,36,66,33,22,55,72,54,30,1,17,7,45,39,60,34,68,46,8,44,3,14,5
977,58,3,71,72,15,44,61,14,19,49,31,38,55,48,24,53,43,47,63,25,36,28,56,59,16,32,45,13,18,37,50,46,67,5,39,11,29,22,4,57,21,65,1,52,23,6,64
978,13,42,53,52,4,12,29,25,61,14,32,47,5,20,37,33,64,56,63,1,46,23,71,35,60,15,21,26,44,59,67,27,3,51,34,48,62,68,50,58,66,69,7,17,10,16,72
979,45,55,25,22,12,23,67,29,65,57,72,41,20,32,21,36,47,27,28,18,52,38,6,48,60,50,16,26,39,62,10,7,11,69,43,59,42,5,51,19,70,14,4,49,31,3,34
980,12,56,7,40,35,53,5,43,67,19,57,22,42,26,36,29,34,69,8,47,44,71,64,33,23,66,18,59,46,63,37,20,13,11,10,27,30,6,38,3,28,25,49,1,15,61,21
981,43,39,52,12,27,64,15,24,70,26,37,71,1,3,14,16,29,5,63,32,17,44,22,60,48,36,54,35,23,25,69,51,67,30,62,4,19,11,38,49,72,6,53,57,40,55,34
982,57,52,24,16,43,14,11,27,56,1,13,10,71,70,49,42,29,36,54,51,4,21,12,2,37,22,19,20,67,68,6,33,23,60,15,47,30,46,31,34,69,18,45,44,5,61,41
983,67,32,40,44,9,69,16,12,25,64,63,36,23,20,59,21,14,11,28,26,33,35,61,60,18,51,62,3,41,58,30,53,17,8,38,1,31,13,39,68,43,2,56,24,34,66,22
984,41,31,60,24,51,45,40,5,23,64,65,49,20,68,25,2,21,16,19,42,4,9,53,1,15,11,70,37,30,67,59,17,27,13,10,38,58,57,3,36,28,56,26,71,14,52,29
985,45,1,29,34,33,4,8,7,3,61,59,60,13,56,14,31,9,22,49,70,19,39,26,2,46,21,54,62,27,53,48,69,41,35,25,28,24,11,32,64,5,40,50,43,38,71,72
986,44,67,6,28,15,55,10,54,33,45,32,37,2,65,59,3,26,8,62,53,51,72,12,29,31,43,5,52,70,11,63,68,16,39,19,25,69,41,40,66,38,21,18,42,24,48,49
987,1,65,51,15,5,17,23,3,44,49,70,32,37,26,13,19,8,39,55,56,2,9,57,64,69,20,38,60,46,27,7,29,33,31,43,22,18,12,71,30,36,72,59,14,67,58,62
988,51,10,31,23,62,1,6,32,18,33,20,42,7,67,59,44,40,72,25,22,68,63,41,5,35,49,9,69,37,56,8,34,28,26,15,2,13,16,46,65,43,52,30,19,57,53,4
989,23,9,17,15,12,47,22,5,43,25,35,37,33,46,3,39,8,63,36,65,40,26,10,24,72,38,58,4,56,69,2,32,30,18,28,55,54,57,41,59,20,31,44,1,34,27,29
990,36,5,2,51,21,26,65,41,42,4,23,48,6,18,54,24,30,63,40,58,29,45,68,12,38,28,60,22,62,17,1,70,55,20,44,3,35,39,33,31,59,67,46,49,14,52,27
991,71,49,47,5,65,22,18,15,21,29,48,36,42,34,66,2,62,57,60,64,11,50,8,53,25,72,61,40,55,23,3,56,30,12,7,28,26,24,59,54,39,33,13,37,70,4,1
992,5,51,28,48,69,35,20,9,6,40,39,8,17,23,45,32,36,67,42,52,29,3,64,31,7,47,68,15,60,70,65,16,27,30,62,54,38,11,1,26,59,19,25,61,12,33,49
993,21,17,55,7,3,28,65,9,54,16,48,1,56,18,33,53,38,62,24,14,42,4,57,59,51,2,29,64,67,12,66,72,31,30,13,49,52,45,71,61,39,26,69,10,37,47,6
994,32,23,3,61,40,41,25,2,16,18,39,34,4,36,54,64,62,65,68,8,44,47,14,45,30,21,51,5,63,57,60,49,11,38,52,6,50,26,17,43,35,37,29,31,66,13,42
995,35,71,2,25,15,10,32,41,60,44,59,13,5,70,21,17,40,28,4,33,6,1,26,29,8,66,30,3,63,9,36,45,47,48,42,68,22,69,53,16,52,51,67,50,46,31,27
996,18,32,63,38,22,29,56,13,53,48,2,5,70,24,39,7,40,46,43,6,54,20,23,62,25,60,21,66,69,12,11,68,1,49,50,3,10,61,27,58,26,36,34,31,59,67,4
997,49,71,37,5,67,38,72,28,56,34,20,48,6,24,36,64,2,55,47,42,61,26,69,63,70,35,14,46,18,39,60,3,44,17,40,15,19,1,27,11,23,16,13,53,32,33,66
998,56,30,34,21,7,50,22,71,67,37,53,3,29,18,35,58,48,64,38,55,33,70,10,46,51,41,57,12,20,16,11,39,4,69,43,13,47,40,17,6,23,45,2,26,68,72,44
999,37,33,48,9,20,46,47,49,38,8,43,23,21,57,1,14,63,51,35,7,15,34,26,16,12,11,61,29,13,18,62,31,10,45,60,68,30,56,19,59,50,69,6,2,4,42,22
1000,58,33,64,26,15,8,2,37,24,16,6,18,23,40,46,31,42,49,45,35,11,65,29,48,1,12,3,57,32,38,43,4,9,59,66,36,25,19,69,14,70,62,39,56,17,27,5
1001,4,15,62,46,17,40,52,22,50,72,11,12,68,35,54,30,65,33,39,56,71,3,29,49,61,28,31,64,53,2,34,36,57,5,8,48,51,42,6,60,21,23,26,66,70,1,20
1002,60,3,54,47,29,53,21,33,1,10,6,63,43,31,71,72,45,48,24,8,35,17,7,15,22,56,65,27,4,55,61,66,58,30,52,69,32,39,25,70,68,57,42,16,14,20,5
1003,36,32,16,1,19,66,38,44,37,2,48,46,69,22,68,50,17,34,27,58,59,26,55,30,51,18,71,23,39,29,70,8,25,13,60,45,7,31,65,61,35,42,64,5,43,52,72
1004,10,57,50,6,71,55,65,25,40,58,36,31,11,68,37,23,44,30,8,16,14,18,4,29,46,32,52,39,26,54,9,33,66,7,2,64,41,51,70,45,5,43,20,56,42,69,13
1005,34,39,30,16,10,66,71,15,9,58,22,13,63,25,42,44,54,55,19,26,20,68,1,21,12,56,38,45,2,50,35,72,36,43,53,33,31,23,62,47,6,27,70,48,5,52,14
1006,57,52,67,68,23,18,2,19,53,43,64,46,17,10,72,40,37,71,44,60,66,13,51,26,58,21,69,56,55,39,65,8,34,14,20,62,7,31,9,27,50,59,5,35,29,36,48
1007,16,34,1,30,51,65,41,44,7,21,60,50,49,14,3,15,20,48,69,36,35,61,54,2,17,26,57,42,29,6,31,72,5,4,71,25,43,63,39,68,28,67,38,18,52,32,53
1008,45,64,15,8,27,59,24,2,25,12,56,30,33,71,9,60,48,10,66,61,40,69,54,36,17,11,1,65,19,28,50,3,26,57,5,4,67,46,7,13,14,35,49,62,38,23,53
1009,1,61,36,56,12,44,17,42,67,30,40,26,71,4,35,18,47,38,31,46,65,62,7,45,68,70,48,49,28,50,19,66,3,55,14,13,16,51,37,5,53,63,25,41,52,43,11
1010,18,72,4,45,10,39,25,55,61,5,57,64,41,69,70,3,46,40,28,50,19,34,13,68,15,11,54,38,22,16,59,26,36,20,14,29,7,67,48,66,17,12,47,58,31,33,35
1011,16,27,46,59,32,34,23,43,8,61,5,40,11,71,30,65,64,19,58,12,29,24,2,60,70,67,14,49,41,18,69,53,45,7,50,36,66,56,62,51,20,33,55,35,68,48,21
1012,7,18,37,21,56,38,22,46,4,67,59,70,33,26,65,11,16,35,6,12,43,60,57,68,3,42,36,27,5,39,71,53,72,55,34,31,8,51,47,58,50,52,48,41,49,9,63
1013,62,39,32,31,49,11,48,29,40,68,41,35,51,70,52,50,64,26,3,5,56,4,36,15,18,33,14,23,24,12,27,60,2,61,37,25,67,44,30,71,46,66,38,54,20,63,34
1014,66,41,52,57,64,63,38,19,49,48,46,13,61,1,12,37,6,67,3,39,55,29,11,14,68,24,70,34,8,50,47,59,16,26,4,9,27,60,69,51,5,10,40,54,71,2,18
1015,15,5,54,56,20,58,40,14,26,43,22,1,61,41,63,9,50,66,39,27,48,2,34,11,64,17,33,8,10,65,29,13,62,49,59,70,47,12,16,36,52,46,6,69,44,30,23
1016,39,68,69,62,15,31,12,34,42,3,2,48,23,32,47,44,43,38,37,26,11,5,56,29,50,25,40,52,64,30,60,10,51,67,54,1,8,27,33,45,65,14,71,17,55,61,53
1017,17,69,32,37,39,7,59,24,21,1,18,53,12,48,25,60,67,19,47,58,70,29,44,71,52,28,54,10,5,65,46,38,49,66,36,68,50,2,13,40,41,20,35,55,14,64,26
1018,43,58,50,47,17,39,48,4,1,70,8,27,44,51,2,54,10,65,66,19,35,18,25,49,23,38,29,21,60,6,14,63,69,11,34,41,13,33,30,37,64,71,53,42,16,32,59
1019,56,41,3,64,2,57,24,71,23,70,44,22,16,25,45,34,31,1,60,68,36,48,63,66,15,69,30,53,13,10,62,29,5,4,52,6,8,28,50,26,35,37,20,58,33,9,17
1020,29,40,16,15,3,67,12,38,48,27,25,9,61,42,5,28,19,63,59,4,43,26,71,47,2,69,64,23,17,60,45,36,50,53,72,10,57,22,70,18,62,32,13,65,6,21,54
1021,44,16,60,23,72,36,57,15,71,68,4,30,35,38,40,46,42,12,41,66,31,33,64,24,26,32,43,61,18,54,10,11,70,47,25,59,50,6,39,53,51,37,17,13,65,28,49
1022,6,45,21,38,10,12,48,65,30,2,9,49,13,33,67,34,36,27,64,39,72,55,60,7,69,15,8,3,54,32,40,50,43,52,20,71,24,41,61,18,66,19,68,57,42,31,63
1023,62,55,63,25,61,33,36,35,47,8,64,40,31,68,50,22,3,12,69,58,67,56,2,32,29,49,70,59,13,52,1,37,71,39,18,9,21,17,45,44,16,46,57,30,53,23,41
1024,54,53,20,28,22,72,9,8,19,56,57,45,37,17,14,67,34,2,66,59,27,4,64,48,61,50,13,23,58,47,6,36,46,43,16,24,7,3,15,18,70,25,63,32,44,60,49
1025,22,24,4,13,48,51,68,59,46,39,58,40,23,67,57,17,41,42,43,19,25,20,2,69,3,1,70,36,55,12,60,37,61,11,29,9,34,71,21,28,10,56,6,65,18,33,8
1026,26,64,71,48,19,40,46,55,7,20,56,35,36,43,49,33,1,12,6,54,30,34,72,53,50,21,22,24,63,60,28,44,51,8,38,52,39,11,58,69,23,45,18,13,47,14,31
1027,11,10,5,64,68,56,72,15,19,16,62,4,32,71,44,46,33,60,65,25,41,18,6,24,70,39,36,9,52,67,40,37,2,8,12,49,58,30,3,35,14,26,17,34,42,69,47
1028,21,63,10,23,20,60,58,44,39,8,59,50,71,7,70,9,40,22,61,68,67,56,32,16,55,2,15,42,72,41,46,38,62,34,33,24,43,1,19,5,48,3,18,65,66,49,47
1029,13,16,4,14,53,58,2,35,11,5,64,23,54,30,3,26,32,34,22,66,62,71,37,44,60,49,42,1,24,27,56,72,18,61,70,29,43,67,63,47,51,8,69,45,65,20,10
1030,29,46,39,49,6,4,25,22,70,15,58,41,61,18,34,55,24,63,69,68,65,13,54,51,52,17,36,45,50,44,20,40,23,56,12,67,72,19,16,14,48,62,57,53,43,32,60
1031,70,5,40,18,67,16,22,56,15,31,2,38,23,49,26,46,9,29,32,37,63,13,41,7,34,20,60,62,25,42,72,21,4,59,17,1,14,55,51,57,47,35,27,44,45,36,54
1032,6,38,54,33,29,30,23,10,63,56,37,36,58,13,34,57,62,16,9,35,64,15,2,72,65,70,45,52,53,18,12,42,59,22,44,20,39,43,28,71,7,17,5,14,19,25,1
1033,24,37,65,67,18,14,13,4,31,52,35,55,29,9,41,63,48,6,36,26,16,46,57,7,42,64,56,53,1,60,70,8,59,28,58,20,21,30,19,68,69,51,72,17,40,2,47
1034,45,12,65,13,4,10,54,7,68,23,11,21,25,38,37,66,57,39,44,50,22,64,16,48,31,53,26,29,33,71,5,1,9,36,49,3,58,72,19,67,51,46,14,2,41,60,70
1035,68,72,9,32,39,38,5,53,56,18,67,61,10,14,60,11,27,33,58,23,19,54,8,7,66,2,65,30,51,31,46,69,70,34,40,6,35,22,42,59,45,62,64,28,37,71,50
1036,3,53,13,68,15,63,61,45,20,14,56,62,65,27,19,58,28,54,70,29,21,32,39,49,10,38,51,44,1,5,40,2,71,18,43,8,34,37,57,47,23,6,4,30,7,67,22
1037,55,17,68,13,46,30,20,36,47,34,27,15,41,53,35,22,39,50,56,5,10,18,54,26,28,12,6,59,72,33,42,16,29,31,61,7,57,25,37,32,70,2,65,60,14,63,62
1038,9,51,37,22,49,14,48,3,1,43,7,64,60,63,10,34,17,54,70,67,35,69,55,24,29,57,42,4,46,41,39,56,15,62,68,52,25,19,27,30,40,66,72,11,5,32,6
1039,43,70,13,5,45,25,57,10,8,37,60,27,22,46,51,38,44,11,55,50,2,65,40,21,63,61,68,31,69,36,16,39,67,59,48,6,14,54,29,12,15,56,7,32,58,17,30
1040,36,17,8,31,16,48,53,5,19,26,55,29,51,25,63,24,11,42,52,32,46,56,13,15,60,62,35,9,50,1,28,47,41,68,2,3,38,10,22,44,43,21,27,33,40,70,6
1041,23,34,17,59,48,24,66,25,42,65,39,38,57,18,56,31,53,13,28,71,10,69,1,49,19,5,37,45,46,26,3,11,32,67,55,52,2,7,15,47,36,70,16,40,20,29,44
1042,63,60,34,12,14,23,29,45,40,69,35,59,67,24,13,48,16,39,53,68,58,17,11,71,4,44,51,31,33,42,27,21,46,15,2,49,22,37,20,18,5,65,38,6,61,70,36
1043,35,3,42,15,18,58,71,7,4,13,69,66,1,17,45,28,22,20,16,12,8,64,50,29,19,2,57,59,53,38,43,44,24,70,47,11,14,67,9,48,5,23,34,30,46,39,65
1044,28,10,9,2,30,47,61,17,69,66,21,41,45,27,44,22,7,60,37,35,12,6,70,26,3,49,25,62,15,40,5,68,19,36,50,14,52,16,38,63,11,29,67,32,31,33,53
1045,36,8,16,6,57,29,17,59,28,10,4,5,27,13,33,40,71,42,14,58,15,54,31,39,32,24,49,37,41,61,35,56,12,34,9,23,18,65,47,45,62,22,43,60,50,21,53
1046,61,39,28,27,62,50,20,44,18,25,47,42,48,26,21,11,68,41,3,60,67,31,34,9,22,54,55,23,58,12,24,40,59,43,46,70,30,5,57,1,13,10,15,53,51,52,71
1047,24,60,11,44,71,23,62,17,48,7,21,29,19,37,38,68,14,46,49,42,5,51,40,41,8,18,43,34,30,16,2,72,9,10,25,36,39,53,69,12,66,61,52,63,50,6,3
1048,13,30,59,3,32,66,5,25,57,46,38,42,60,58,12,65,24,55,54,72,50,18,28,23,33,2,15,40,11,64,26,51,29,1,22,9,36,45,27,39,20,44,68,69,70,37,7
1049,17,67,48,39,36,40,24,14,54,57,3,19,52,45,7,25,35,10,61,23,37,46,51,29,56,58,69,64,50,31,12,47,30,59,9,6,33,44,16,27,38,72,60,5,13,20,34
1050,48,6,11,9,66,27,54,45,64,65,37,1,19,25,60,29,12,34,32,10,56,44,49,14,22,17,13,42,63,69,36,55,15,8,24,40,33,52,30,53,46,26,20,31,35,70,72
1051,36,14,61,45,16,27,7,40,66,67,44,15,54,70,29,42,34,1,37,49,26,53,21,69,30,71,38,57,17,32,28,22,31,11,59,48,24,64,55,50,65,20,3,68,13,56,2
1052,5,7,68,49,9,30,27,28,44,8,24,65,22,26,39,59,58,11,23,3,70,64,18,50,41,52,61,19,62,57,21,43,14,46,36,12,2,40,17,38,35,56,72,66,55,33,34
1053,18,71,65,51,11,45,15,36,17,16,39,9,7,6,3,19,68,55,37,22,58,62,66,28,20,27,57,21,43,72,41,67,35,60,52,29,12,64,5,26,46,53,23,70,42,44,69
1054,20,61,9,60,4,62,69,55,11,18,46,44,26,31,45,12,3,58,19,33,34,47,65,30,41,49,27,43,68,7,23,66,59,32,67,1,37,36,5,48,22,8,53,42,57,14,28
1055,63,18,72,68,36,23,70,2,41,51,59,64,66,15,10,61,7,22,19,6,69,46,56,32,11,34,33,31,55,20,38,3,4,62,53,12,14,26,43,35,29,9,39,30,17,54,47
1056,58,2,69,39,68,24,46,34,35,44,10,60,4,52,37,38,20,33,15,29,9,7,14,41,40,25,11,42,13,55,57,17,18,3,1,71,50,47,66,12,56,65,53,45,43,5,28
1057,6,23,27,22,9,15,41,21,36,12,2,55,60,48,51,69,42,64,58,37,25,34,50,4,31,39,35,72,44,16,29,26,5,46,61,49,14,59,67,38,53,30,10,65,47,43,13
1058,69,21,44,2,52,14,54,15,17,9,24,46,40,63,36,23,58,53,72,19,3,28,11,57,66,29,37,4,26,6,50,71,16,61,1,18,13,8,12,25,60,70,42,55,34,39,27
1059,8,25,54,44,72,10,64,15,36,29,22,18,41,49,33,17,31,45,60,24,34,52,50,6,3,57,69,26,37,21,48,66,62,13,1,38,28,51,55,11,19,56,42,53,7,68,16
1060,38,5,57,4,45,44,20,71,23,50,56,7,13,61,53,63,49,46,36,54,17,68,24,12,69,6,70,41,55,72,26,52,33,37,39,35,21,40,22,25,34,32,48,51,47,43,11
1061,48,39,30,61,55,56,6,46,20,33,32,24,63,37,16,60,7,59,72,31,2,52,22,1,21,3,64,62,8,9,28,50,12,34,40,29,17,65,10,71,19,45,47,49,11,70,53
1062,59,72,28,11,49,22,31,44,35,53,55,1,16,57,8,24,58,20,41,5,18,66,64,7,6,25,54,46,2,62,48,10,13,60,65,36,69,56,32,29,34,17,9,43,50,63,23
1063,50,32,37,38,13,17,35,10,56,22,52,25,26,72,14,7,67,27,55,69,28,46,6,29,34,59,15,20,21,54,19,33,9,71,3,63,41,62,11,43,5,44,49,45,48,47,58
1064,47,68,70,45,60,36,27,63,24,7,69,35,48,43,66,10,19,34,32,5,14,58,15,20,61,59,13,67,3,18,30,37,39,21,57,26,2,44,42,53,64,51,55,41,29,4,33
1065,23,11,54,27,8,32,50,43,16,58,3,65,49,1,57,35,6,66,45,26,44,72,48,30,28,25,38,29,53,4,21,42,70,67,33,61,47,39,59,15,40,5,60,2,41,12,64
1066,2,9,7,6,64,16,61,10,42,18,63,25,40,26,52,27,20,53,54,71,14,28,44,23,37,4,47,11,58,36,33,41,51,13,8,38,30,1,39,70,69,5,55,62,24,72,60
1067,33,53,7,72,37,38,50,23,62,4,8,51,5,10,34,48,26,55,15,16,9,47,49,43,17,3,45,21,63,67,20,60,11,6,36,39,30,69,66,70,41,2,19,61,46,13,65
1068,52,25,71,32,18,47,31,14,54,16,60,51,4,22,13,8,40,2,68,19,70,20,7,29,67,36,50,65,9,5,49,21,27,24,64,42,72,57,44,41,15,38,43,33,46,63,6
1069,62,40,27,37,19,26,41,67,30,20,8,42,29,6,60,69,45,11,43,66,22,15,72,7,10,55,56,13,1,9,31,36,63,71,12,35,65,32,38,58,14,16,59,23,4,48,24
1070,22,24,31,48,65,46,47,5,45,12,63,8,61,35,58,2,20,32,68,55,72,9,43,36,59,49,11,28,53,41,19,23,25,66,40,17,56,18,71,7,39,64,27,42,52,44,16
1071,72,68,60,70,29,32,58,3,26,57,10,43,69,22,18,17,42,21,7,56,38,71,37,12,48,65,13,59,9,66,19,46,50,52,11,34,41,27,39,55,62,25,15,1,33,30,20
1072,37,29,36,4,25,10,53,24,44,23,16,59,13,1,47,58,48,65,42,15,9,67,26,52,20,50,54,6,40,69,34,61,21,51,11,31,7,17,22,33,2,27,63,30,35,39,12
1073,27,29,49,65,36,62,4,71,24,61,11,17,32,50,57,25,2,16,38,43,12,22,5,3,37,35,63,70,7,46,52,15,56,31,59,26,40,51,18,8,54,64,68,69,19,67,9
1074,52,62,54,31,10,71,8,40,45,59,49,12,64,21,57,60,19,13,38,70,37,4,25,33,16,41,30,53,11,68,14,9,29,24,67,6,20,35,66,23,42,36,18,55,7,34,48
1075,15,21,25,49,66,45,61,6,52,27,7,28,8,54,56,69,23,35,1,19,57,32,37,31,65,72,67,40,60,44,3,26,16,68,48,10,24,62,41,55,38,42,22,33,59,70,17
1076,72,65,16,42,31,64,50,8,55,18,37,38,11,1,52,28,32,12,43,67,14,68,15,10,34,69,23,71,19,51,56,30,7,54,39,13,44,61,62,59,3,5,33,41,4,17,40
1077,72,50,7,17,49,24,32,26,71,27,37,1,18,38,6,25,30,70,44,48,55,19,64,39,59,68,51,31,52,60,56,5,40,3,53,45,20,65,41,35,23,42,69,29,43,46,36
1078,28,29,4,15,10,20,16,31,51,30,36,53,34,19,61,63,41,64,11,50,9,35,48,68,1,49,54,23,3,71,56,17,46,45,59,37,26,6,33,44,2,58,38,52,27,39,22
1079,36,44,45,50,62,25,46,35,23,9,63,10,52,64,16,18,1,27,29,55,3,40,60,31,20,66,2,33,22,53,34,54,67,43,41,59,14,71,19,42,47,38,21,12,24,61,51
1080,53,12,38,30,8,5,39,58,33,60,59,43,69,26,72,22,20,7,32,29,10,41,19,17,15,24,67,68,16,71,55,47,2,9,65,66,40,4,57,50,21,37,14,51,13,28,62
1081,39,61,31,70,42,67,15,64,16,21,32,44,34,7,18,63,43,48,45,53,69,6,71,56,72,51,1,59,12,24,65,27,10,11,30,29,9,68,57,13,62,25,17,19,46,60,66
1082,17,24,64,36,51,46,3,56,23,48,47,16,62,20,72,10,43,44,28,42,58,11,21,32,30,9,19,71,67,55,34,50,69,14,70,39,45,8,31,7,6,61,40,57,22,1,18
1083,42,47,3,27,63,37,40,45,20,72,16,57,25,4,50,35,10,6,71,59,49,30,24,34,8,51,21,32,14,28,48,44,2,60,66,17,15,70,18,38,41,11,33,55,1,53,13
1084,29,6,5,57,39,55,18,27,53,22,11,37,70,69,35,62,36,56,20,1,40,51,25,42,7,19,14,4,66,41,60,38,43,9,45,23,33,17,58,72,2,16,34,52,8,46,30
1085,13,53,64,3,49,41,37,57,19,11,68,29,67,52,33,47,18,34,45,39,55,28,72,62,22,70,27,25,20,48,59,7,69,35,60,38,4,32,44,1,8,10,31,43,71,17,50
1086,47,18,45,50,71,24,54,32,55,28,38,51,3,10,64,57,26,36,46,23,43,52,44,29,4,30,62,67,60,33,59,70,2,49,48,66,7,42,69,72,12,35,58,16,40,8,9
1087,44,45,24,61,8,9,68,17,58,1,20,36,67,38,70,64,29,7,18,63,42,15,48,65,47,21,57,60,6,50,69,13,30,37,14,11,54,72,40,3,5,52,23,26,62,55,43
1088,54,12,22,61,5,30,13,8,51,50,72,37,3,21,17,47,68,71,6,28,14,65,33,52,23,1,70,44,4,56,15,40,9,60,19,41,62,31,58,36,69,43,39,45,49,18,11
1089,23,44,2,8,68,46,25,42,30,67,71,49,9,3,58,63,12,28,39,60,54,38,50,47,24,69,48,36,11,65,61,56,29,22,6,41,53,7,10,21,32,19,51,34,37,14,1
1090,38,61,41,19,9,36,12,6,32,24,16,34,28,11,56,13,20,29,42,25,66,23,54,63,45,59,70,1,37,21,72,47,69,18,35,5,51,26,52,49,68,14,3,15,44,60,10
1091,2,69,61,23,52,28,36,45,62,41,5,42,40,26,50,53,9,11,6,38,27,51,54,34,63,39,35,12,19,21,48,31,66,43,70,8,59,14,20,15,22,4,44,33,24,1,57
1092,65,66,28,27,48,25,15,50,21,57,37,71,18,4,67,69,32,45,63,9,26,55,59,41,31,6,8,7,35,56,38,2,33,29,60,17,64,10,5,43,19,58,12,14,54,13,61
1093,51,46,26,72,12,52,19,59,50,42,41,14,23,16,32,70,61,53,34,8,63,29,67,44,66,13,27,37,69,57,47,38,24,17,71,68,4,36,48,5,58,31,21,28,39,65,54
1094,23,46,34,6,53,38,9,52,40,3,55,32,56,66,68,15,51,49,12,45,37,42,67,43,11,25,4,21,19,20,18,8,14,65,10,59,16,27,30,62,63,41,44,26,71,22,36
1095,34,66,38,3,17,70,61,23,48,52,58,68,64,5,71,12,14,67,20,32,11,7,21,44,15,37,40,33,41,39,35,50,24,28,27,30,47,65,60,55,62,69,45,72,57,63,19
1096,38,22,61,29,52,50,42,19,2,10,30,1,28,69,47,20,13,67,27,70,24,55,25,3,23,32,63,53,17,48,15,46,68,36,16,5,71,56,33,37,39,12,60,54,34,14,43
1097,65,24,30,58,27,28,45,49,19,9,42,53,64,34,48,2,71,37,70,14,66,23,40,46,31,35,29,50,10,18,4,36,20,43,56,25,3,11,55,16,8,5,7,39,15,22,72
1098,44,21,59,20,1,7,36,65,9,13,17,54,49,3,55,69,31,15,41,22,24,37,18,16,34,30,48,62,8,57,32,60,38,28,47,61,12,23,39,43,5,53,11,70,51,27,63
1099,61,46,2,64,69,7,53,62,55,63,26,23,39,45,8,1,21,36,16,29,48,67,33,50,31,44,40,12,60,11,27,24,32,51,56,28,71,19,3,38,15,17,5,41,25,13,47
1100,35,18,8,69,40,12,16,51,23,63,46,65,60,2,55,57,20,47,34,33,3,4,7,26,61,50,14,6,64,56,53,1,54,71,37,59,70,21,15,39,25,48,36,31,11,13,66
1101,11,68,12,30,71,9,59,27,25,51,69,17,52,4,24,38,61,57,16,65,10,36,5,45,56,18,39,33,55,20,35,53,40,43,21,1,13,22,47,50,15,31,72,26,41,34,64
1102,32,22,55,50,44,56,66,35,34,4,45,13,29,7,6,64,62,72,65,3,69,46,54,58,71,30,36,68,63,52,19,70,5,40,24,38,47,23,27,61,2,14,15,48,11,57,41
1103,38,47,3,54,36,21,63,14,9,7,64,58,49,66,20,67,56,27,39,53,59,29,33,68,1,4,17,41,18,6,48,30,19,69,23,24,28,40,43,44,13,2,72,65,70,12,52
1104,45,68,31,2,14,59,46,12,1,65,40,69,19,20,42,3,51,13,43,10,54,17,63,23,11,27,30,52,58,39,6,60,5,25,34,38,28,55,47,18,53,57,61,56,9,50,71
1105,10,36,16,2,9,28,39,47,72,22,40,71,4,18,57,1,67,65,15,70,45,46,52,34,25,8,50,56,44,64,23,42,41,53,60,20,11,58,29,38,5,49,26,51,33,13,30
1106,70,65,46,51,24,35,20,47,44,69,1,53,13,71,43,6,56,32,33,27,38,28,64,16,67,36,22,10,29,52,8,54,12,31,26,59,2,9,25,55,39,11,17,48,72,68,19
1107,39,24,8,34,27,26,37,66,31,9,13,17,6,57,51,62,33,22,55,47,38,42,28,68,19,20,59,12,45,18,35,63,21,5,56,16,11,44,69,61,10,14,65,54,23,43,3
1108,2,10,29,17,3,31,49,71,58,5,27,53,59,52,6,21,46,14,36,69,54,20,9,30,56,16,66,4,11,68,24,8,48,43,67,35,50,44,28,26,7,32,12,23,45,25,18
1109,33,18,43,11,70,12,25,57,5,71,42,37,58,35,48,47,61,22,27,54,39,32,63,10,66,1,34,23,72,65,36,69,67,64,8,15,44,52,7,21,53,51,20,30,62,41,6
1110,7,6,68,69,24,16,12,46,48,29,42,61,51,64,33,30,31,40,39,45,26,54,72,1,17,10,67,62,53,21,23,66,2,8,36,18,9,22,19,25,28,63,52,20,56,15,57
1111,11,65,52,31,53,4,21,32,7,51,40,72,25,13,1,69,8,3,64,16,2,62,48,39,54,14,56,36,19,9,71,44,27,41,6,29,37,63,42,24,15,67,38,22,58,28,45
1112,8,66,16,19,63,4,44,2,69,11,28,13,49,60,38,71,29,65,53,9,22,33,48,31,56,21,24,23,36,58,18,40,25,27,35,50,5,59,14,70,7,46,12,32,30,68,64
1113,40,31,13,20,68,46,59,63,69,37,30,36,67,51,55,70,54,25,47,60,64,2,19,65,42,34,6,23,45,49,8,28,27,17,44,62,9,33,29,35,50,53,32,38,56,43,57
1114,60,7,54,16,40,8,20,62,72,14,43,11,2,64,37,9,67,48,58,12,6,41,68,27,66,36,53,55,19,1,33,52,31,5,39,47,56,38,25,18,17,34,46,49,51,21,4
1115,6,16,57,50,64,20,65,31,72,26,44,56,15,62,10,13,36,47,70,2,32,30,42,8,39,24,17,19,14,51,29,71,59,33,1,63,9,18,11,43,53,41,34,55,5,35,40
1116,40,38,61,60,17,66,54,37,28,27,36,49,41,2,30,33,15,47,55,53,18,50,52,1,20,29,59,58,43,22,63,68,8,21,62,31,32,3,57,51,69,16,48,6,70,56,34
1117,31,33,21,34,9,5,56,39,38,60,62,32,14,24,42,13,65,61,27,46,37,17,7,70,15,6,48,23,57,69,49,18,19,4,40,2,35,50,12,26,1,66,44,68,63,55,43
1118,32,26,63,64,37,62,22,71,39,57,42,55,45,51,46,34,27,67,44,10,53,14,21,43,4,70,6,29,54,40,68,3,72,23,11,38,52,41,18,61,36,16,58,69,25,1,60
1119,8,24,57,23,3,53,33,38,65,30,62,4,31,11,52,54,1,34,29,9,21,37,7,46,5,2,28,36,59,51,41,19,61,64,16,17,69,32,27,70,68,58,18,6,45,71,63
1120,16,33,56,62,67,23,32,42,61,11,2,72,37,18,3,17,58,19,50,20,52,47,49,38,21,53,70,34,4,69,7,64,63,8,5,13,15,22,54,71,68,39,36,26,27,28,25
1121,13,24,18,19,6,14,64,21,7,33,71,68,10,22,58,4,59,51,69,65,38,37,70,56,26,32,30,3,20,44,48,49,67,23,62,5,52,47,61,42,36,16,9,39,35,12,15
1122,58,55,24,56,47,71,14,12,41,36,67,60,65,7,21,16,10,29,64,23,44,8,63,70,1,49,40,22,32,26,18,54,15,72,53,25,2,20,57,45,48,30,69,4,6,5,38
1123,28,22,32,18,24,40,23,50,27,9,25,38,4,67,54,56,34,52,8,15,19,57,43,51,66,70,14,69,37,44,35,26,11,60,58,17,62,68,39,30,53,46,33,49,61,72,13
1124,67,4,40,27,64,53,41,9,33,66,38,51,63,55,19,59,23,17,69,12,29,15,54,42,60,65,11,28,31,72,21,2,56,49,36,10,58,32,71,45,35,14,43,62,13,20,70
1125,44,63,67,50,61,4,38,7,47,55,8,35,34,13,14,27,68,58,37,66,70,11,52,64,31,42,6,30,22,65,17,51,62,49,32,29,5,45,56,41,2,43,18,19,54,36,46
1126,72,19,57,44,22,33,47,39,58,12,10,49,14,63,59,37,3,21,42,56,53,15,35,32,8,70,68,60,71,31,6,41,9,28,5,1,27,48,7,62,50,16,52,61,17,51,38
1127,57,61,10,7,67,25,58,35,2,47,11,26,71,55,1,21,49,64,33,31,30,50,14,68,6,9,4,3,63,56,32,42,53,13,43,17,15,36,48,40,16,51,5,60,8,39,34
1128,22,17,4,37,28,50,49,23,19,46,2,32,41,48,12,18,63,30,14,58,35,53,68,65,38,29,66,8,36,57,43,21,15,39,59,40,42,52,71,27,60,64,45,16,1,70,67
1129,14,51,60,12,72,68,58,1,15,30,22,26,63,67,16,70,7,46,3,64,52,21,45,71,17,19,29,53,10,38,24,25,55,28,44,35,42,18,69,37,54,31,34,65,4,66,39
1130,61,18,39,52,65,69,34,28,68,49,60,17,21,45,59,46,38,13,44,71,43,24,55,54,41,70,57,10,53,5,4,9,42,50,2,36,29,25,14,48,66,67,32,7,35,20,3
1131,50,47,45,62,48,64,31,63,70,35,61,1,8,19,25,52,57,10,20,54,71,46,41,43,15,53,11,16,2,28,32,66,65,69,49,33,3,44,9,55,56,36,38,13,23,40,42
1132,53,35,20,64,70,14,27,17,40,66,61,30,16,56,45,33,15,21,67,6,68,58,48,11,3,54,4,32,65,57,36,31,39,28,1,69,62,29,34,10,25,71,60,24,26,51,43
1133,34,60,4,69,53,68,43,6,15,64,62,52,3,21,67,50,18,38,71,17,26,16,31,37,72,10,22,48,54,70,32,25,33,39,19,24,5,51,59,14,63,13,28,45,35,2,12
1134,8,42,12,4,20,44,2,46,53,41,7,48,52,25,68,24,63,38,64,58,14,9,3,57,13,39,1,72,22,51,70,69,30,19,23,49,61,67,5,15,45,34,65,32,37,66,28
1135,58,36,62,39,59,56,24,5,27,45,1,60,3,44,67,11,16,30,47,26,18,35,20,57,17,6,19,49,25,68,52,51,46,66,31,55,50,9,70,8,2,13,53,42,7,4,28
1136,15,61,14,39,66,43,69,23,33,49,4,55,60,38,36,3,6,42,52,51,53,29,10,7,68,50,40,67,56,32,22,5,48,34,44,37,19,41,8,31,18,11,9,59,64,65,16
1137,25,11,35,26,7,59,21,14,58,8,69,12,43,31,32,48,65,2,61,27,71,55,49,24,60,54,57,38,5,33,15,6,72,42,66,3,64,29,68,70,20,37,13,9,39,1,30
1138,66,49,11,65,37,7,48,14,23,71,42,16,44,68,17,52,67,57,35,51,13,61,43,58,38,3,1,5,53,64,46,25,18,59,69,54,40,63,56,22,27,55,47,8,30,50,29
1139,45,52,38,27,3,50,31,67,37,19,47,6,36,70,34,46,43,25,59,22,62,39,66,40,9,21,51,7,65,5,30,10,41,18,58,49,1,2,55,64,14,69,11,48,44,54,60
1140,44,35,30,2,46,59,34,38,56,17,48,3,41,65,37,53,11,13,24,31,40,25,39,57,45,21,6,63,32,52,62,68,70,9,18,28,4,12,64,14,10,72,23,58,22,27,29
1141,52,65,26,37,24,42,43,41,51,48,69,8,4,19,9,21,62,56,20,23,67,47,12,31,38,34,55,18,5,14,3,33,22,46,40,6,27,25,68,28,61,44,2,29,30,50,7
1142,34,39,33,13,7,55,52,26,25,5,37,40,49,20,17,61,9,19,32,41,46,65,67,10,47,36,44,62,3,38,23,11,57,28,6,45,43,12,31,8,60,58,2,35,50,66,69
1143,59,55,2,23,48,44,31,21,72,25,16,36,35,42,61,24,64,37,4,9,52,30,19,58,10,14,68,38,71,65,27,47,1,20,50,49,46,26,60,40,29,34,69,15,3,39,11
1144,46,29,65,62,52,35,1,12,11,25,31,16,43,49,20,68,32,19,21,45,40,67,44,59,34,6,14,13,72,61,38,17,23,39,4,70,9,58,53,42,64,69,60,50,55,57,63
1145,42,15,36,26,11,18,24,4,57,51,59,8,33,12,2,45,61,20,23,9,72,47,38,31,63,1,28,13,64,22,21,25,10,5,14,3,37,48,53,69,32,71,52,35,58,6,62
1146,49,15,3,50,39,61,63,48,55,41,71,42,16,9,31,28,66,72,18,35,36,70,10,62,32,56,37,67,11,19,25,13,8,7,52,14,46,53,68,12,60,69,45,29,57,23,17
1147,7,59,17,42,10,61,64,38,45,6,47,62,22,29,1,31,44,23,19,48,68,35,52,70,30,32,21,54,46,37,43,28,8,33,56,57,67,39,69,11,16,71,2,65,66,51,55
1148,18,38,69,32,64,46,7,26,50,40,33,27,8,47,23,68,37,61,58,56,44,35,52,22,42,63,11,13,21,62,10,20,1,30,39,3,24,59,67,29,4,65,49,60,55,34,6
1149,38,22,14,11,30,65,33,34,57,42,69,64,48,23,37,8,3,10,19,68,62,18,31,45,16,13,63,54,32,72,46,51,47,41,58,71,20,26,27,70,67,6,28,29,56,5,39
1150,36,34,17,71,70,10,44,43,66,38,7,21,19,51,3,42,16,39,4,23,57,64,30,14,47,9,6,11,8,56,55,37,5,18,63,20,2,69,50,72,32,41,27,59,62,68,53
1151,19,33,14,53,62,15,41,4,45,35,36,55,2,24,58,56,65,59,67,29,31,49,39,3,23,11,8,7,21,26,25,64,34,1,44,38,50,52,20,18,13,17,37,47,48,43,28
1152,5,16,52,14,68,47,29,58,20,37,2,35,25,70,23,36,66,62,11,63,61,1,67,18,41,48,30,57,38,54,44,46,56,6,22,60,43,53,10,3,27,28,31,33,4,7,71
1153,17,51,28,8,45,57,65,41,38,34,20,35,2,47,50,64,23,18,44,27,43,10,3,7,16,31,69,36,21,19,5,71,30,49,26,9,63,42,61,67,33,72,60,53,62,37,11
1154,9,20,31,70,4,6,28,7,3,37,19,15,8,29,34,44,71,16,67,10,51,42,59,22,45,30,57,40,32,38,65,46,66,12,49,39,41,33,18,55,48,43,62,21,50,13,60
1155,48,25,18,9,43,6,44,46,5,38,70,71,12,26,22,20,50,29,52,37,16,36,72,7,23,42,21,49,8,39,57,3,31,53,41,35,59,45,65,15,47,56,28,30,33,69,40
1156,52,45,16,11,12,17,62,57,7,27,40,44,34,37,55,60,9,68,29,22,36,47,32,67,46,19,50,33,5,4,10,42,43,48,21,31,14,61,49,2,53,39,66,20,25,13,71
1157,32,2,50,19,18,7,11,57,27,68,65,20,66,9,64,37,13,17,25,59,16,49,67,70,3,46,29,54,58,39,12,8,22,34,24,63,30,15,31,40,33,23,10,51,42,45,55
1158,46,49,60,37,39,69,14,45,15,32,3,62,47,57,9,31,21,11,44,65,43,70,71,8,67,6,55,41,66,48,72,26,10,24,42,35,25,33,18,13,68,2,54,23,12,59,36
1159,44,18,66,71,54,25,1,8,40,61,4,21,16,45,2,17,12,15,47,37,11,29,65,35,49,26,43,5,34,68,67,23,3,13,19,63,42,31,62,41,69,10,39,14,38,36,57
1160,20,54,66,6,52,53,16,40,17,10,30,51,70,50,47,49,3,44,1,34,25,8,46,56,36,19,29,61,31,64,69,39,45,55,28,22,11,37,27,13,35,41,58,65,5,63,59
1161,37,17,50,1,70,7,44,25,27,69,48,63,24,21,62,5,30,58,52,22,31,56,46,15,59,8,40,36,41,54,32,38,67,28,61,71,68,10,60,4,43,20,64,19,53,3,11
1162,26,52,11,18,34,57,14,70,8,46,45,27,6,28,54,48,29,38,53,12,31,71,2,58,1,44,37,35,65,36,21,20,15,7,62,64,23,25,5,61,4,39,22,3,10,68,56
1163,32,37,62,5,67,33,51,63,27,14,38,23,12,45,11,29,13,50,8,70,19,64,21,41,72,17,39,35,57,26,10,28,16,61,66,54,48,25,55,56,7,69,53,71,15,36,44
1164,33,31,14,51,28,68,69,60,17,36,46,21,67,72,9,52,20,41,8,6,1,23,4,64,22,44,32,35,40,54,16,34,2,65,70,12,18,15,45,29,63,42,24,57,7,59,30
1165,31,50,10,60,51,58,61,70,4,32,62,48,43,28,66,71,27,7,68,65,34,12,39,24,56,17,13,21,37,8,47,23,45,63,30,29,18,19,22,46,3,35,49,33,2,55,44
1166,38,58,2,6,1,42,71,35,12,61,65,5,4,33,55,26,62,40,16,36,37,20,17,50,66,14,3,21,46,41,51,28,13,43,31,29,32,48,25,54,68,15,39,7,70,18,11
1167,2,30,18,47,36,16,69,28,50,49,41,42,70,58,40,13,35,51,1,5,20,44,6,11,33,29,54,66,71,4,26,68,55,46,59,3,15,8,12,17,22,60,31,24,56,9,39
1168,6,57,8,29,31,19,26,16,27,11,5,36,2,48,51,46,69,70,12,23,34,10,45,4,24,55,58,9,54,33,44,37,63,50,15,1,7,56,43,71,65,17,20,22,66,14,40
1169,21,20,41,13,53,64,32,31,65,55,72,52,60,40,27,38,34,9,59,33,29,19,63,15,51,61,12,57,30,50,5,46,43,16,2,1,11,62,58,23,10,17,54,35,42,39,56
1170,22,54,56,35,20,41,30,8,59,6,47,67,43,62,9,38,33,53,24,10,36,37,63,21,49,71,15,52,42,72,1,60,50,57,26,48,46,14,65,32,11,66,64,28,23,7,5
1171,60,61,30,71,56,53,5,33,21,69,3,59,49,19,55,6,70,43,65,14,54,24,72,68,29,38,27,17,7,57,31,67,32,11,15,62,47,8,66,64,18,16,50,10,45,1,40
1172,17,19,11,71,9,69,55,16,3,8,24,35,40,15,39,32,51,28,2,30,26,18,34,49,36,68,25,42,52,65,7,48,62,64,50,20,66,13,22,5,23,53,70,27,60,67,72
1173,66,51,38,13,50,14,23,39,24,64,11,55,49,10,63,37,40,42,27,69,1,57,17,6,9,34,20,12,31,61,52,18,67,45,68,47,41,44,15,72,59,70,54,32,22,62,43
1174,71,15,66,49,69,9,59,70,27,13,41,42,3,31,20,43,12,45,55,21,33,19,52,2,8,58,34,50,56,28,7,24,61,44,29,57,68,39,1,48,16,10,40,18,47,4,54
1175,58,35,18,14,11,27,37,43,48,2,5,47,1,55,60,23,28,61,32,3,56,62,9,50,39,34,68,21,46,67,63,6,51,45,33,16,64,24,41,29,40,8,49,38,22,17,12
1176,18,7,57,29,2,55,65,16,12,61,45,13,69,71,36,24,15,22,44,6,9,41,8,53,67,37,38,56,52,43,47,3,54,21,39,30,35,60,66,49,40,23,5,46,11,33,4
1177,49,32,33,68,42,23,3,9,4,60,38,69,7,39,31,72,51,10,5,19,47,41,53,40,18,64,67,34,66,26,30,52,59,44,12,1,65,15,36,43,62,21,35,11,13,16,6
1178,6,12,40,53,21,58,43,49,36,26,56,23,20,64,31,67,59,16,22,34,13,47,63,10,30,70,55,41,33,52,57,60,46,51,2,32,42,28,25,66,37,62,38,54,15,8,39
1179,15,60,68,56,37,21,39,52,36,12,31,67,59,27,19,29,66,33,61,40,43,70,25,63,65,44,72,69,48,47,38,71,14,35,2,6,32,50,5,17,23,1,20,4,13,9,58
1180,38,30,5,46,28,49,48,72,64,24,65,47,32,11,22,25,17,59,7,31,14,45,56,29,12,18,53,23,70,8,4,71,40,63,26,9,10,6,66,35,33,44,15,52,54,3,34
1181,65,50,36,13,35,20,55,7,1,6,3,57,26,61,27,19,58,4,62,70,56,10,43,60,42,51,29,52,45,40,9,69,39,5,48,72,68,54,12,49,28,63,44,32,23,30,24
1182,8,2,10,4,29,37,36,38,60,62,54,31,13,17,44,71,27,43,52,11,5,50,30,16,48,14,22,69,61,46,9,68,47,55,1,53,49,28,35,32,42,51,21,56,59,34,72
1183,62,10,32,42,21,5,49,1,25,67,47,60,69,41,48,11,26,52,36,4,70,27,3,15,24,19,68,22,9,54,66,7,64,58,31,61,12,39,71,72,65,44,59,56,8,57,17
1184,4,25,48,6,7,50,26,56,1,31,37,20,63,62,34,70,54,69,13,45,28,32,35,65,29,8,49,55,51,68,52,58,33,57,66,44,67,36,27,21,47,10,12,59,24,19,72
1185,67,53,55,27,8,18,3,47,24,45,46,19,35,29,21,48,13,42,58,4,1,49,39,41,31,7,54,50,10,36,63,32,60,51,66,43,33,6,14,23,64,59,20,52,69,5,16
1186,51,13,43,34,15,50,40,26,60,38,27,57,1,31,63,42,66,2,9,56,67,29,70,44,32,19,41,71,39,20,25,7,23,46,4,47,6,55,65,33,37,45,5,12,48,72,11
1187,39,6,4,42,40,25,48,65,68,69,54,27,1,60,72,37,67,44,33,45,16,23,46,14,17,55,30,61,21,28,58,31,63,50,18,70,29,26,24,3,35,8,12,52,36,57,59
1188,71,21,49,60,10,45,19,59,2,54,33,37,13,70,61,65,55,68,16,26,52,17,56,40,35,53,23,5,57,14,46,3,6,66,72,24,58,12,32,48,39,20,67,62,51,15,43
1189,13,46,32,23,54,44,52,58,67,43,19,16,24,60,66,9,42,2,37,72,15,11,4,1,57,34,36,21,41,7,65,48,59,56,62,55,27,18,28,68,31,20,64,25,47,29,51
1190,58,61,60,24,11,71,52,46,57,53,23,64,49,36,43,48,34,41,15,38,5,19,2,59,28,17,68,47,29,39,32,22,40,26,45,55,44,37,13,4,35,54,25,63,31,14,21
1191,32,33,72,55,20,52,65,47,49,42,61,26,48,6,57,71,64,50,39,69,16,54,8,56,25,35,30,17,12,60,66,21,13,11,2,68,15,36,28,18,24,34,70,4,27,63,5
1192,13,26,27,47,49,71,64,37,15,18,56,58,55,24,39,54,32,29,57,50,53,16,20,19,4,30,9,40,38,31,22,8,66,33,44,72,12,5,17,67,70,62,34,2,25,48,43
1193,30,66,34,45,1,70,35,54,31,46,52,55,51,10,64,42,14,36,5,22,15,3,25,71,37,47,4,18,32,7,67,9,16,59,49,53,41,62,13,28,24,2,58,40,63,27,57
1194,25,22,26,32,2,36,3,61,38,40,51,37,34,69,45,12,10,8,48,58,72,23,67,41,33,16,11,47,39,54,19,24,44,50,6,18,4,9,5,1,57,28,60,62,42,20,68
1195,66,14,63,53,31,19,57,37,20,67,50,36,15,21,5,8,47,45,22,26,25,51,24,2,6,29,59,38,3,9,33,43,49,64,69,46,62,32,39,40,70,72,27,54,17,23,7
1196,7,57,35,37,10,69,44,24,53,61,36,4,49,64,22,13,32,51,29,17,55,5,1,56,47,60,67,9,6,45,39,48,11,38,62,14,12,43,54,68,41,58,33,50,21,40,70
1197,9,30,32,67,39,3,4,62,36,27,34,21,15,17,71,51,38,22,59,5,49,63,24,8,55,18,1,11,65,66,45,2,57,50,69,29,7,68,56,33,46,23,70,26,16,54,25
1198,16,41,17,53,63,36,6,42,25,70,24,21,1,28,55,43,44,5,47,69,31,22,3,27,39,10,2,48,40,12,7,66,50,8,52,64,57,60,20,62,72,13,9,46,18,68,67
1199,59,15,64,21,20,1,51,42,25,56,16,44,65,40,30,55,63,3,26,19,39,10,5,50,60,28,49,24,29,36,69,58,6,2,43,45,46,66,9,17,68,27,23,72,35,13,41
1200,39,67,1,22,20,36,42,7,43,9,10,15,54,61,18,26,29,23,11,49,40,16,21,57,27,72,65,41,12,3,58,50,33,46,19,64,63,69,35,52,30,48,5,71,25,6,44
1201,31,44,36,29,30,25,14,60,33,61,11,8,24,52,48,19,50,69,54,40,42,34,57,18,10,6,38,67,4,59,1,53,23,9,15,49,28,20,72,5,66,65,2,51,70,43,39
1202,44,39,12,5,66,22,28,33,48,4,49,70,58,47,68,38,16,46,50,19,36,20,27,13,21,8,11,65,52,57,56,45,30,51,14,32,62,42,31,25,55,71,15,41,17,40,9
1203,16,1,55,51,56,28,39,35,19,50,11,36,72,26,53,31,42,34,58,62,20,67,17,61,41,65,23,60,38,54,25,59,45,33,43,24,18,6,63,2,7,71,68,46,40,70,69
1204,64,37,52,67,12,68,20,8,57,4,55,35,65,50,22,21,45,11,30,41,28,39,51,16,14,66,3,25,48,6,10,34,59,72,44,36,13,17,63,69,61,70,7,2,47,1,18
1205,3,62,29,66,54,8,50,26,53,64,11,32,42,10,43,48,33,22,28,12,9,35,4,67,36,17,52,58,2,49,68,55,41,57,31,40,7,72,63,65,44,56,70,15,18,37,30
1206,26,20,69,62,37,66,55,9,58,24,5,34,28,70,2,25,60,33,51,6,61,50,1,27,71,45,64,17,12,44,41,18,8,54,56,67,32,3,57,52,22,40,53,48,13,65,38
1207,53,17,38,57,52,39,24,8,59,11,54,70,50,56,36,13,68,72,46,62,9,41,28,18,25,37,23,30,51,21,47,33,6,32,69,31,7,27,10,55,4,71,48,58,49,61,35
1208,22,38,55,61,15,51,43,59,21,6,9,39,50,65,42,68,8,44,64,27,24,3,32,36,56,31,37,60,26,70,13,33,10,67,29,23,72,11,47,17,14,34,41,35,19,57,48
1209,67,54,4,35,50,25,65,13,10,64,63,42,46,28,7,60,12,8,62,16,31,69,44,11,47,15,34,70,72,1,32,40,55,33,58,30,71,17,56,38,49,39,24,27,18,9,14
1210,42,8,5,11,40,72,18,53,34,60,31,61,23,65,52,7,64,38,43,15,36,69,63,48,21,35,17,45,47,41,12,14,1,62,59,55,46,30,49,16,39,67,29,68,3,9,2
1211,32,11,26,18,13,24,28,48,38,4,3,71,69,30,67,44,17,19,23,39,36,25,6,1,35,29,14,12,41,9,57,51,58,37,59,8,61,21,45,54,63,68,10,49,53,60,50
1212,22,10,51,64,66,50,70,5,41,2,35,61,59,49,43,24,12,23,26,11,25,30,7,60,53,31,33,39,37,62,72,65,48,6,40,71,17,57,44,18,1,21,9,36,4,56,8
1213,8,48,11,3,19,2,51,23,62,66,22,57,55,70,20,15,36,65,27,31,49,53,6,72,60,68,30,41,58,24,28,18,61,56,9,38,63,10,14,5,33,12,29,35,67,21,4
1214,42,15,18,56,13,10,41,28,9,52,11,3,40,32,31,49,67,38,5,29,39,24,57,22,36,55,6,54,65,23,46,45,1,64,21,47,16,44,27,33,51,70,7,20,12,30,68
1215,51,30,52,49,6,39,44,67,2,57,56,18,31,62,54,72,33,37,46,7,40,23,45,16,24,13,59,50,15,43,11,10,63,58,68,21,42,61,35,48,4,25,38,22,28,60,8
1216,47,71,37,5,70,69,31,64,28,7,19,13,39,66,3,44,72,33,41,62,59,4,24,9,15,57,34,32,61,38,65,40,50,6,48,60,67,14,1,10,51,26,46,63,68,45,2
1217,58,8,29,46,6,39,1,51,41,36,35,38,50,47,32,37,23,67,40,27,52,13,19,20,25,60,42,49,26,64,53,43,4,62,9,24,68,28,70,7,72,30,12,5,17,48,14
1218,12,39,69,26,62,1,59,43,47,70,41,48,37,40,4,22,7,24,36,71,10,13,11,45,3,28,56,15,6,61,32,51,42,8,52,14,66,23,72,17,55,19,68,46,54,27,49
1219,61,62,6,37,1,34,69,31,19,7,57,24,28,52,38,27,33,26,15,63,45,21,17,56,12,40,67,64,5,22,48,20,53,58,11,41,30,51,16,59,60,50,71,44,39,25,49
1220,43,49,40,1,72,64,27,38,10,39,17,8,42,19,71,18,3,29,47,41,30,53,60,28,55,68,34,61,48,54,2,69,62,65,37,36,26,45,63,35,52,21,31,51,70,25,32
1221,7,8,16,41,39,5,42,54,33,11,56,51,31,21,6,2,29,53,4,46,50,59,58,17,45,27,61,14,47,72,26,40,24,64,12,36,19,69,22,37,49,1,18,25,57,9,3
1222,26,11,49,12,57,21,63,2,66,29,59,60,16,42,18,64,69,36,31,47,52,13,1,7,24,70,54,5,55,17,4,40,9,3,34,61,72,15,23,27,44,46,8,48,22,19,67
1223,17,19,57,30,1,70,31,38,4,37,65,62,40,49,44,6,16,33,71,26,5,21,50,23,8,41,56,58,20,60,64,52,22,42,7,39,54,48,11,43,14,63,55,12,46,3,29
1224,72,41,52,62,22,49,64,5,71,58,32,3,70,26,46,29,53,2,27,37,43,15,17,30,6,34,1,51,47,66,16,35,67,42,11,45,12,57,50,44,48,28,40,56,8,31,25
1225,40,11,5,13,35,10,39,62,66,72,60,6,18,64,63,33,38,53,52,58,19,37,3,61,50,14,15,27,25,70,54,7,45,21,30,22,42,51,1,49,28,32,31,9,55,29,23
1226,46,31,62,27,24,58,6,18,47,44,54,19,41,50,8,72,25,56,16,29,2,12,1,5,37,26,55,35,22,14,57,21,39,45,68,32,11,71,23,3,28,48,10,4,66,7,17
1227,14,17,6,9,35,62,71,61,36,2,49,64,30,21,38,69,50,11,45,66,41,40,53,48,58,24,42,3,72,22,16,60,23,10,26,13,52,18,25,44,1,51,63,55,34,70,65
1228,57,55,44,16,18,48,5,26,22,12,59,58,50,40,63,35,7,46,61,45,31,66,47,32,51,56,11,17,72,70,68,23,13,34,65,67,9,10,24,60,38,33,37,20,64,3,52
1229,43,69,34,27,67,68,48,41,50,6,42,52,14,26,18,30,38,64,15,33,63,49,71,13,2,39,59,36,55,16,29,56,10,44,25,66,61,17,31,57,8,28,4,5,53,37,3
1230,55,36,44,65,26,7,63,50,3,39,10,25,4,13,32,52,71,72,12,42,24,66,23,45,40,6,49,47,33,17,56,54,43,20,64,19,53,2,15,57,48,61,5,35,60,46,21
1231,59,36,52,50,67,54,12,9,68,48,15,71,41,11,62,70,28,44,33,38,18,39,65,20,55,19,57,72,13,1,46,51,27,34,53,32,8,69,31,14,10,21,6,49,3,25,66
1232,53,21,49,37,4,29,43,19,48,32,3,46,12,20,42,35,65,72,8,68,71,2,58,54,39,6,51,59,10,27,26,1,38,15,24,67,9,61,45,52,41,16,55,60,17,33,13
1233,62,52,25,53,4,16,38,32,61,48,28,14,1,34,71,64,50,33,31,29,55,2,42,45,15,39,46,8,51,47,67,57,60,41,37,9,6,59,11,63,40,12,27,49,10,68,54
1234,39,68,19,62,36,45,7,33,51,40,12,43,21,30,71,27,55,57,38,4,29,69,70,53,32,24,72,42,64,66,5,23,41,47,31,16,14,9,25,48,56,18,22,49,13,35,46
1235,50,43,58,2,18,66,38,61,49,35,67,3,54,72,9,24,33,46,17,47,63,64,65,52,20,15,39,37,44,32,26,11,13,34,45,31,71,53,12,19,36,70,16,14,6,25,8
1236,71,68,5,7,4,64,22,50,25,46,56,37,30,28,32,52,3,18,35,42,70,19,20,2,33,39,44,48,66,8,59,49,16,31,69,27,47,38,61,63,57,65,10,54,40,60,13
1237,21,34,66,42,13,71,51,31,4,53,14,40,70,67,2,52,50,26,15,5,29,64,45,37,43,19,60,36,24,16,30,10,1,65,8,32,25,28,63,54,38,17,58,35,57,3,41
1238,20,65,27,47,1,11,55,52,14,37,63,70,39,34,46,18,12,3,10,44,60,68,9,5,22,42,69,50,29,53,41,49,28,24,17,64,66,33,26,36,32,45,56,21,59,40,51
1239,38,2,41,53,7,5,43,3,65,20,63,66,8,44,59,58,47,18,46,48,67,64,68,28,4,72,34,54,37,22,10,71,17,11,60,39,26,40,32,69,36,1,27,16,25,61,31
1240,71,15,54,34,52,65,10,60,21,55,6,69,11,1,32,72,28,18,16,47,5,4,35,49,58,36,14,20,51,45,39,70,40,12,63,22,50,7,61,3,66,24,17,48,31,46,26
1241,63,65,66,7,17,53,45,46,28,33,26,64,44,16,19,62,61,37,49,35,4,13,18,67,6,54,38,32,57,43,47,71,21,56,20,55,29,48,72,68,52,11,24,70,23,2,51
1242,10,38,11,52,33,29,64,30,19,63,26,24,4,45,56,50,66,40,35,25,27,69,42,41,54,49,61,70,57,62,53,22,58,28,6,47,13,31,12,18,3,21,5,2,23,34,9
1243,60,14,10,3,6,42,38,53,49,63,13,70,7,39,19,17,71,31,72,16,43,35,50,37,41,33,46,54,4,28,59,23,29,36,66,11,27,30,65,48,1,5,64,2,68,51,34
1244,17,68,13,47,41,12,27,67,69,33,53,70,39,8,25,66,42,34,31,28,16,59,18,50,61,3,14,1,43,55,15,64,6,60,63,65,7,40,71,58,57,62,5,20,36,49,35
1245,29,53,56,14,54,37,22,44,10,9,1,72,7,26,5,46,65,30,49,24,71,31,40,60,52,64,21,27,34,59,4,17,66,62,51,33,47,12,41,13,15,8,67,19,50,2,25
1246,63,40,17,38,60,13,37,58,55,23,15,6,46,14,8,29,72,42,9,21,59,45,25,39,65,16,64,57,66,52,19,3,61,22,20,33,48,69,56,53,67,50,28,12,26,43,32
1247,32,36,25,71,27,13,48,21,9,68,60,45,72,44,59,53,55,22,20,8,43,58,67,38,6,18,17,51,50,2,3,61,42,11,33,31,24,12,10,34,56,66,69,49,62,28,15
1248,48,67,17,66,55,53,69,12,40,23,14,71,36,5,6,34,18,62,38,35,56,10,37,19,63,57,68,2,30,54,59,49,64,46,50,58,13,8,60,21,61,9,39,65,31,27,72
1249,32,59,21,47,69,43,27,3,14,25,22,38,71,15,50,57,23,31,28,4,44,12,7,16,8,49,30,62,54,41,56,34,35,48,51,63,46,39,70,5,29,33,19,6,45,20,61
1250,6,4,51,35,44,67,53,33,28,70,23,47,34,72,13,5,43,39,10,71,38,63,7,40,14,12,50,18,20,22,30,41,58,65,55,56,62,60,49,29,3,1,32,27,45,15,2
1251,51,18,65,40,1,25,33,17,52,47,39,49,57,27,63,34,20,54,70,32,71,12,36,7,26,23,28,15,41,43,8,67,62,5,3,44,29,35,14,19,22,4,30,64,55,31,58
1252,58,47,42,48,51,24,22,43,12,30,6,29,7,11,1,23,62,9,8,21,39,72,10,28,16,63,25,70,52,37,14,61,19,32,27,31,44,69,66,36,40,68,35,5,55,46,64
1253,12,14,16,7,37,68,34,65,22,54,51,58,11,31,26,18,20,48,25,41,61,29,8,62,71,52,15,47,39,13,53,1,50,55,9,66,19,30,32,28,67,5,64,36,27,57,24
1254,33,70,58,64,52,29,24,71,32,59,45,7,42,6,61,56,37,72,17,62,54,43,30,14,48,11,25,49,57,31,27,50,46,15,19,40,5,12,53,44,13,39,20,34,26,3,55
1255,33,52,34,2,17,14,25,13,49,35,53,23,58,72,70,36,68,47,15,41,24,48,46,10,39,50,38,69,19,44,18,42,11,56,4,60,65,3,28,30,6,26,21,63,71,59,8
1256,15,69,58,48,11,46,23,54,28,12,59,72,33,45,30,9,7,13,38,34,31,64,62,43,8,50,52,29,41,67,14,10,27,47,17,44,39,56,61,2,24,32,22,40,42,18,25
1257,32,47,8,48,18,49,5,20,13,64,30,23,52,26,21,12,68,38,37,16,29,33,39,51,2,10,31,43,62,57,67,22,63,40,58,55,56,19,25,71,61,14,53,60,44,6,41
1258,16,69,59,60,40,27,68,65,72,46,26,55,37,15,45,29,58,23,50,9,25,13,2,63,44,1,18,14,62,70,32,33,39,66,10,57,42,4,12,28,51,22,71,56,5,43,30
1259,36,51,31,40,42,54,64,10,46,39,50,22,59,2,30,24,28,37,63,38,41,27,35,66,14,1,15,60,57,29,72,12,43,58,67,45,32,55,4,52,49,65,71,19,34,48,47
1260,29,25,10,15,39,9,27,19,32,41,65,72,68,42,34,45,30,31,46,69,43,49,20,36,59,48,51,62,35,24,52,7,44,70,11,18,1,2,60,26,37,61,3,8,16,40,14
1261,44,20,15,31,12,28,65,9,48,11,16,6,42,50,2,25,51,29,54,8,58,5,40,62,22,19,38,37,32,34,27,61,70,26,43,23,59,35,71,69,13,64,10,24,7,55,63
1262,46,26,37,71,32,67,6,69,23,44,45,8,52,28,34,24,13,54,35,33,5,14,55,62,51,12,38,60,10,64,18,42,27,53,68,41,50,2,9,56,59,1,61,16,65,40,7
1263,1,20,71,62,35,33,55,42,9,36,49,12,32,51,47,10,44,4,45,59,25,39,31,27,7,6,21,26,57,22,40,70,11,46,38,61,65,52,72,37,69,41,43,48,53,63,29
1264,43,39,59,47,56,32,72,1,49,16,31,20,57,2,9,52,5,6,26,33,18,10,15,37,14,40,3,8,12,54,55,50,44,29,4,42,25,71,53,24,41,60,51,69,46,36,70
1265,20,47,38,26,17,65,28,64,34,48,37,8,4,59,2,56,62,15,11,66,70,50,35,23,25,52,13,3,41,6,33,9,72,43,51,55,5,60,67,61,44,18,68,42,40,54,58
1266,69,42,3,2,33,58,60,70,44,55,13,10,22,28,18,48,8,64,15,4,7,31,40,35,5,45,29,37,43,56,41,26,30,67,47,11,51,27,19,54,16,36,9,25,49,14,65
1267,3,2,22,12,19,10,63,33,61,35,15,53,47,67,46,18,45,4,9,30,62,27,24,43,54,52,31,25,14,32,55,49,6,65,34,71,37,60,58,1,29,5,50,40,59,42,7
1268,20,64,59,13,68,65,48,4,70,61,58,8,26,36,37,32,41,54,10,51,34,52,43,11,33,55,42,3,22,57,72,66,21,16,60,38,24,5,9,40,18,29,30,47,56,49,63
1269,1,12,70,15,5,45,68,50,31,17,46,69,67,16,30,35,40,58,2,37,48,22,38,54,60,43,13,29,14,57,9,39,63,62,33,10,71,34,32,41,66,4,56,7,24,21,11
1270,47,71,40,44,16,38,27,67,8,53,28,72,18,48,31,63,24,54,3,50,45,9,20,22,58,26,61,6,56,7,25,69,34,33,59,12,4,55,37,42,17,49,32,13,21,2,64
1271,57,22,35,20,69,66,24,45,67,65,12,56,42,3,26,50,23,68,31,41,9,30,32,33,49,39,47,1,64,46,36,37,51,13,16,18,38,55,58,43,4,70,5,10,72,71,19
1272,22,18,1,27,20,9,64,57,12,41,66,33,37,50,7,11,55,39,21,48,31,38,13,46,36,3,5,61,6,2,68,59,26,16,56,70,45,28,23,34,62,52,14,40,10,54,44
1273,27,49,2,7,51,30,63,4,53,32,20,11,56,13,41,59,9,26,35,33,23,21,62,52,17,16,65,28,29,10,12,69,70,45,24,8,58,61,18,50,19,47,43,39,36,31,15
1274,13,51,52,38,8,66,33,40,9,59,61,43,21,62,48,12,24,68,28,64,44,34,15,36,20,22,3,25,11,46,54,55,71,16,60,18,6,4,1,67,69,5,58,49,31,23,26
1275,67,23,55,48,62,52,36,12,8,9,58,50,31,66,64,3,57,10,16,56,6,14,1,38,11,49,2,30,24,37,35,63,51,17,70,47,27,34,42,5,59,25,32,18,20,43,71
1276,42,61,51,48,45,5,21,1,22,71,27,60,3,37,33,57,32,63,15,34,50,54,44,14,17,11,9,59,69,55,18,20,64,40,19,66,13,38,35,39,46,25,12,4,24,43,2
1277,20,55,70,35,19,45,8,31,18,12,39,30,67,50,23,71,64,57,61,53,69,11,38,4,17,51,46,15,48,40,42,24,32,10,63,54,60,2,6,5,26,43,72,49,27,33,22
1278,53,60,55,18,4,43,33,7,37,9,11,28,58,63,21,19,46,25,59,26,3,29,51,42,38,57,52,69,54,6,39,17,12,56,70,67,14,8,16,5,2,66,49,44,48,1,71
1279,8,68,47,17,36,37,55,59,5,19,9,49,72,34,58,23,60,45,62,41,29,52,30,53,43,31,54,39,24,27,20,1,10,57,66,51,16,64,38,42,50,28,35,14,21,13,67
1280,12,17,72,49,66,22,55,9,10,69,35,67,38,6,52,50,65,8,20,54,39,16,29,27,58,13,15,25,63,21,24,51,43,23,30,64,14,36,1,2,18,41,53,62,61,48,34
1281,52,38,49,53,32,1,10,8,44,5,4,55,60,47,23,51,27,30,64,66,35,3,68,50,25,69,45,21,61,28,18,16,41,33,26,17,29,37,63,59,57,48,62,7,36,58,15
1282,72,58,68,10,42,47,65,26,22,60,71,18,69,32,4,63,52,59,5,25,43,19,61,70,64,35,41,29,56,2,38,14,39,46,30,3,48,67,17,66,37,36,21,49,34,50,13
1283,72,20,21,31,42,59,49,58,34,26,36,18,65,54,61,27,5,17,53,38,9,55,32,12,41,62,14,37,33,8,19,11,68,15,67,71,60,1,24,45,40,52,50,56,66,22,69
1284,2,1,5,32,9,55,3,68,50,65,18,12,57,46,53,23,58,10,16,22,15,21,38,40,34,29,27,52,7,28,39,30,71,51,70,42,48,64,69,37,43,13,47,36,66,62,26
1285,27,51,24,9,37,65,22,49,10,29,33,1,5,50,3,47,62,14,70,34,36,68,4,8,2,54,57,25,31,45,67,40,59,71,38,60,43,6,17,55,42,61,72,28,46,66,35
1286,61,26,35,67,44,9,14,41,20,15,58,5,54,34,28,66,36,37,70,72,68,21,43,60,6,25,8,1,71,38,56,24,2,59,49,47,40,4,46,18,51,53,55,13,17,12,29
1287,27,40,37,33,9,23,49,15,22,43,39,64,55,19,56,6,30,60,46,66,11,58,20,59,24,65,34,70,69,51,26,45,3,48,53,47,12,67,16,61,71,14,72,52,13,36,10
1288,5,12,23,62,51,22,6,35,58,68,44,38,16,55,19,50,65,41,17,43,3,11,72,9,32,45,34,28,13,67,37,24,15,30,25,57,46,42,63,21,31,53,59,14,71,36,39
1289,42,32,51,33,25,9,46,36,44,54,35,59,14,55,11,19,17,13,63,71,2,38,43,45,27,18,64,10,57,68,26,16,4,15,47,3,50,5,62,72,21,53,56,65,39,29,22
1290,66,62,9,36,69,55,51,57,22,32,28,26,19,60,71,29,15,4,68,12,11,10,3,52,7,1,38,61,41,63,53,16,25,44,67,14,23,45,39,21,2,31,34,8,70,17,47
1291,39,23,38,47,61,41,54,22,40,10,69,50,28,36,3,33,58,9,11,7,53,66,65,18,19,20,45,43,52,46,12,17,51,67,34,25,32,13,2,27,21,1,15,31,64,8,26
1292,12,15,21,61,39,64,41,59,11,18,72,32,20,36,2,29,31,63,69,7,37,27,53,19,6,28,25,48,54,1,4,50,9,17,10,33,42,16,49,24,38,13,51,62,65,43,66
1293,69,45,19,8,44,36,1,53,72,28,49,61,38,16,29,14,25,55,21,66,30,68,9,60,59,24,56,20,13,7,5,70,48,23,58,40,27,18,46,64,43,42,52,50,33,47,54
1294,9,38,15,44,39,4,65,66,52,47,35,30,22,69,56,26,18,45,24,31,54,70,63,23,3,7,59,64,51,2,55,71,20,58,13,14,41,5,49,19,60,10,46,43,25,61,11
1295,44,1,35,40,66,72,20,25,51,18,15,24,58,34,61,2,45,52,69,31,13,32,47,33,28,22,57,4,17,36,38,56,7,67,19,29,55,48,30,12,37,41,8,42,49,23,65
1296,1,38,68,21,64,19,70,37,63,62,49,9,31,7,2,34,65,20,4,42,29,27,58,30,25,32,28,24,66,44,14,46,59,71,15,41,23,50,5,17,26,22,36,45,35,67,56
1297,30,56,66,22,26,9,47,35,39,62,48,72,10,29,4,18,37,8,71,25,6,60,31,28,5,69,20,40,19,23,2,17,16,42,45,51,55,38,15,12,67,68,70,43,64,57,44
1298,44,32,67,65,36,31,37,58,5,48,66,11,14,64,13,52,2,3,51,24,20,17,29,26,72,55,12,50,10,19,38,28,6,56,71,39,41,45,4,43,69,57,42,49,1,18,54
1299,48,43,50,32,70,28,30,12,1,38,40,15,18,45,46,52,69,23,11,53,58,22,5,63,72,44,14,65,37,31,16,26,24,51,49,4,42,8,61,60,55,2,36,17,27,57,56
1300,39,64,68,14,49,60,57,65,41,45,59,6,53,13,5,67,46,30,50,29,24,15,52,31,33,8,7,17,23,56,22,4,32,48,37,54,44,25,55,3,26,72,16,42,51,9,66
1301,17,72,20,71,8,69,26,18,10,61,7,59,36,19,37,5,30,43,33,52,49,60,55,42,41,35,53,47,4,45,24,12,70,48,1,65,16,9,34,23,25,13,51,29,38,40,63
1302,71,51,21,6,5,3,25,18,22,54,32,57,26,9,48,42,39,37,29,65,28,64,68,4,7,14,44,56,59,27,52,43,24,23,70,45,17,72,19,50,1,60,62,33,49,34,15
1303,39,47,8,41,13,45,27,46,16,12,18,14,62,67,20,52,9,72,26,37,15,6,63,29,36,34,61,22,11,70,19,40,44,1,48,35,30,4,49,2,32,43,25,69,28,23,3
1304,34,26,31,12,39,8,38,52,28,13,18,4,33,57,21,48,19,63,22,36,62,72,71,37,40,25,42,2,43,32,47,49,7,64,16,27,17,44,6,30,59,50,58,66,29,65,55
1305,34,42,19,65,67,47,6,31,54,64,5,59,56,30,55,29,69,53,26,32,24,14,49,27,18,62,9,12,52,41,3,45,17,61,7,66,1,46,16,51,71,22,2,13,36,28,43
1306,33,24,49,61,4,37,68,15,26,32,25,66,52,44,70,39,1,54,40,46,6,17,3,43,13,56,9,12,47,7,29,34,20,21,51,8,65,2,14,42,53,36,59,30,11,67,60
1307,14,67,29,27,64,70,60,63,39,17,33,1,13,34,55,25,20,19,45,61,46,38,42,41,30,65,44,28,72,54,69,21,59,43,53,57,36,9,68,32,6,58,51,12,66,18,5
1308,41,50,15,13,7,16,48,2,1,54,64,3,65,23,62,44,14,66,43,36,45,42,27,38,37,26,28,69,5,19,46,70,4,49,72,34,33,10,6,53,51,12,24,9,39,21,20
1309,45,43,5,53,6,4,59,60,54,15,39,51,47,13,20,35,8,19,55,33,14,52,62,68,42,25,16,22,65,38,2,40,10,37,32,18,24,7,44,69,28,56,50,61,31,58,49
1310,33,48,30,34,24,56,50,71,36,3,72,40,51,64,16,53,37,18,6,43,11,67,39,25,21,20,4,57,28,15,44,61,26,31,54,5,69,42,29,63,32,27,55,66,38,14,23
1311,38,9,65,54,23,48,46,27,57,18,21,56,66,47,72,3,24,20,19,63,5,58,68,33,71,62,17,8,37,59,1,35,45,16,14,60,52,70,64,55,36,13,44,22,40,43,4
1312,35,10,4,11,15,20,16,18,38,31,67,47,7,30,57,27,60,55,25,2,72,3,21,40,1,54,66,37,62,8,24,36,44,56,39,29,26,64,34,58,14,49,32,70,12,69,6
1313,57,11,47,72,16,23,24,27,34,71,41,15,1,49,54,8,56,42,13,67,7,53,3,10,55,59,46,5,4,32,30,33,21,52,61,17,50,58,39,63,9,69,2,28,44,35,25
1314,4,66,35,10,64,8,59,5,72,42,12,26,51,22,62,52,67,29,25,36,46,39,1,57,31,9,30,24,45,37,56,23,27,49,13,32,33,47,3,70,44,34,50,17,68,40,43
1315,51,72,66,10,58,43,57,36,18,23,13,24,21,32,8,60,42,28,39,35,47,53,40,5,26,9,65,52,41,50,63,14,27,30,49,16,22,54,15,33,70,48,55,17,61,69,1
1316,52,13,53,14,37,4,66,59,64,44,29,39,61,41,57,48,71,15,67,70,51,30,2,36,21,7,68,56,23,34,49,46,26,28,1,40,25,11,31,58,45,54,17,43,16,9,50
1317,9,59,66,52,3,57,70,29,61,33,19,22,5,63,30,1,62,42,68,56,21,46,13,12,64,65,72,38,47,35,15,58,41,6,71,43,4,32,23,11,14,20,27,25,7,26,2
1318,58,57,61,16,60,33,12,39,27,5,46,3,19,38,15,45,47,55,17,53,11,14,50,69,4,29,49,26,13,71,56,41,68,6,72,63,37,51,7,21,43,28,2,40,36,67,1
1319,52,22,6,4,53,63,47,33,12,30,34,55,5,31,56,59,14,2,9,32,62,49,38,7,45,35,29,27,25,54,64,39,67,13,10,66,15,17,42,23,46,18,24,37,36,41,21
1320,52,30,38,51,19,32,45,50,39,71,70,66,22,47,28,14,35,12,9,60,1,56,23,3,41,46,31,33,18,67,20,24,40,65,34,8,13,2,26,27,11,68,4,44,54,69,43
1321,5,22,57,68,32,53,67,10,50,43,1,2,45,25,15,39,19,52,37,48,64,7,28,60,62,6,13,41,33,11,38,34,17,21,66,70,24,40,71,23,47,9,46,49,59,20,58
1322,64,29,45,34,63,9,14,57,11,41,21,32,65,3,12,23,72,35,4,38,50,26,33,51,46,36,44,62,5,17,19,49,25,69,70,58,7,39,18,47,71,48,2,61,59,66,42
1323,61,16,64,45,58,25,50,12,57,66,59,48,5,21,47,43,7,62,71,44,18,22,8,4,53,36,51,13,33,29,30,55,52,40,34,1,11,69,38,28,9,42,72,10,31,68,20
1324,2,18,66,63,21,53,52,43,71,68,5,45,4,17,62,51,41,65,56,19,35,42,70,40,23,32,7,15,3,28,44,58,29,26,1,33,54,31,69,12,46,39,64,48,27,37,20
1325,17,26,19,34,68,51,49,42,59,71,15,33,22,72,43,58,4,39,25,48,37,11,8,20,30,60,5,36,45,44,21,38,63,54,6,50,53,57,28,64,23,27,7,9,56,32,12
1326,24,15,34,21,50,51,62,58,14,29,12,5,28,16,71,1,61,68,3,27,6,7,8,17,64,36,4,39,49,43,56,46,23,30,33,63,53,40,48,37,45,60,25,2,59,26,31
1327,52,51,26,69,48,13,25,42,17,58,66,54,60,49,72,27,12,43,36,57,30,5,9,10,14,37,1,15,7,31,63,18,32,6,56,41,8,65,44,29,55,53,11,39,71,62,16
1328,49,55,11,9,29,5,14,46,35,28,66,20,16,71,36,37,33,42,39,56,68,4,67,50,60,58,23,64,22,17,34,47,25,8,59,27,6,45,43,69,18,54,10,65,12,52,3
1329,11,69,20,68,56,31,7,21,42,53,48,30,63,4,25,5,9,32,66,41,61,46,45,43,17,8,12,16,10,39,49,22,59,23,54,14,50,28,57,26,38,71,24,3,55,18,27
1330,37,66,21,62,30,16,2,69,57,71,39,44,48,58,14,31,43,61,40,59,29,12,17,52,34,24,8,18,67,47,50,15,56,28,19,3,51,11,4,41,20,10,55,6,33,7,26
1331,2,32,71,55,33,63,52,40,34,28,22,66,42,16,10,43,48,3,59,56,39,60,15,11,38,47,8,72,49,19,6,26,25,69,5,4,62,13,21,18,24,36,30,53,17,45,68
1332,60,22,65,32,67,24,34,8,4,46,43,57,18,52,63,13,36,11,44,2,25,10,58,26,66,37,39,23,1,12,27,29,51,50,49,47,35,70,28,21,40,31,6,48,38,20,41
1333,37,4,25,45,27,34,65,10,17,40,55,43,32,21,23,18,46,36,33,26,69,16,20,50,71,3,70,24,19,51,8,29,5,44,53,72,48,57,54,31,49,58,42,63,56,67,7
1334,59,12,44,62,67,32,8,10,34,14,7,45,57,28,46,24,22,2,27,9,5,71,65,58,11,43,20,60,66,38,37,30,41,26,17,54,15,29,51,33,63,69,1,47,42,35,68
1335,13,67,22,38,41,30,63,45,11,56,43,58,37,71,64,23,20,31,33,15,52,2,53,4,29,55,46,28,70,60,5,51,59,66,68,49,57,7,35,12,3,19,24,8,25,65,42
1336,45,33,66,60,15,24,4,23,64,22,13,6,42,56,18,1,5,58,16,29,8,27,37,39,62,32,31,69,63,35,72,17,48,38,20,3,9,61,36,68,59,7,52,50,25,14,28
1337,33,60,54,65,4,37,51,15,29,27,42,31,53,57,34,7,47,39,56,59,23,52,6,28,17,26,3,12,25,24,72,63,5,30,71,8,66,61,9,36,18,14,2,32,1,68,41
1338,52,68,49,11,8,66,67,71,36,24,33,54,16,37,51,29,65,44,64,62,4,38,21,14,58,10,57,41,23,12,19,56,7,69,70,72,25,20,35,34,1,31,32,42,9,47,2
1339,45,26,58,16,4,35,19,51,42,27,3,9,25,70,53,63,65,12,43,10,46,6,72,57,15,62,44,71,48,24,14,55,64,36,21,56,29,68,7,33,5,32,38,17,54,50,23
1340,59,49,32,45,67,47,44,7,3,66,12,31,19,42,25,18,2,14,26,11,36,65,33,41,4,63,29,16,57,48,55,53,27,37,56,21,24,72,61,43,62,46,68,1,38,35,28
1341,4,65,33,42,72,69,30,31,66,45,40,29,49,28,18,70,35,39,32,56,27,71,8,15,7,22,48,25,44,1,34,68,55,54,57,17,24,63,41,36,19,67,51,37,6,23,20
1342,70,71,64,50,23,9,54,4,30,2,36,34,32,7,8,20,29,56,14,18,60,59,24,40,13,26,42,68,27,21,33,67,51,19,25,15,1,31,16,46,41,58,57,6,61,72,12
1343,66,72,26,61,14,31,58,64,57,68,30,60,18,35,42,54,52,38,28,59,40,12,49,17,55,47,45,16,15,29,53,50,33,10,4,20,5,11,21,41,37,22,1,67,6,48,34
1344,5,51,65,23,59,36,49,9,31,10,41,24,71,69,15,60,3,20,38,21,58,68,46,16,66,1,57,7,47,39,27,14,22,26,25,61,54,32,12,40,29,44,4,33,52,28,13
1345,70,1,35,5,69,42,23,12,8,43,14,32,65,46,31,27,34,48,72,7,57,17,66,60,59,63,15,10,52,38,29,19,64,67,54,13,51,62,4,3,53,44,11,2,41,28,20
1346,7,9,69,14,34,62,2,48,45,26,23,38,47,6,60,50,64,1,4,28,8,31,3,70,44,33,15,59,46,24,11,19,55,41,10,63,43,53,40,37,72,61,49,13,39,58,71
1347,29,52,4,28,69,49,54,53,72,13,65,59,2,7,66,17,36,12,40,24,46,22,70,64,61,31,14,27,35,15,18,20,3,30,8,58,41,26,1,45,68,62,43,63,6,56,33
1348,59,52,22,6,40,24,34,2,18,16,57,21,49,8,48,47,70,64,30,10,19,68,69,5,46,53,15,67,66,51,41,54,26,20,4,28,33,1,55,35,44,37,50,31,38,62,7
1349,11,27,31,54,43,6,49,9,58,50,33,72,61,8,70,47,62,59,14,2,32,25,53,56,40,28,41,20,48,71,68,1,45,66,24,65,13,37,4,63,29,67,16,46,69,26,64
1350,52,7,2,69,66,39,10,53,67,43,57,65,68,36,45,18,1,20,58,24,15,48,3,72,42,47,54,50,19,32,22,5,40,11,12,41,60,59,25,16,8,71,27,23,31,6,46
1351,62,13,26,51,23,6,9,2,59,16,49,22,36,69,39,40,19,25,37,15,34,21,47,54,20,61,44,17,45,56,50,4,48,52,65,32,66,53,43,58,29,14,27,71,42,12,18
1352,29,37,55,39,57,72,27,69,52,48,5,22,8,33,3,36,63,47,53,15,56,32,16,50,28,67,1,40,65,20,4,41,18,49,54,9,23,59,2,70,26,7,25,12,61,45,62
1353,25,39,40,59,38,55,56,66,31,48,13,22,14,60,11,15,53,29,28,36,7,47,43,34,54,8,27,61,32,68,23,12,4,41,69,10,44,21,19,64,50,58,51,26,62,16,3
1354,68,72,26,21,64,48,20,5,53,15,9,25,62,39,40,42,41,6,71,45,54,59,30,43,44,13,32,52,67,35,2,18,11,58,60,31,36,34,51,1,37,47,3,27,49,65,57
1355,7,63,2,65,46,28,32,59,20,11,14,30,37,70,43,6,45,36,4,23,72,10,62,13,68,53,67,47,38,50,61,49,9,17,34,15,33,57,64,29,27,55,19,54,1,18,8
1356,24,38,69,48,39,8,62,54,68,19,23,44,61,50,1,4,33,3,56,70,64,49,52,12,35,34,42,9,72,45,59,25,51,15,58,22,41,28,2,67,10,20,71,57,29,36,16
1357,13,42,5,23,11,30,67,71,72,57,32,60,33,59,49,2,18,47,56,6,28,53,14,62,40,17,25,12,36,65,27,8,41,52,3,48,64,7,55,34,51,35,21,16,66,37,54
1358,57,37,47,64,18,9,67,14,17,35,45,8,13,16,36,10,30,51,50,61,48,72,33,25,11,65,63,39,32,7,19,41,55,53,70,6,12,42,4,2,46,34,1,56,38,54,31
1359,12,48,63,47,28,19,15,40,4,18,36,34,29,8,9,52,70,26,69,66,71,54,39,38,1,37,46,21,50,10,7,59,22,2,24,65,31,43,53,23,16,68,3,61,49,35,14
1360,51,67,43,65,26,16,40,9,5,11,55,12,23,20,44,36,18,63,15,21,71,32,14,25,24,17,47,29,35,49,68,56,7,31,69,61,37,59,54,19,2,33,22,48,70,53,42
1361,65,31,18,49,46,24,40,63,11,5,32,2,3,16,26,29,44,57,58,17,22,68,71,42,4,41,43,53,6,52,72,62,25,69,51,15,59,54,19,9,55,14,70,66,33,64,50
1362,40,53,45,38,30,55,23,4,66,5,48,13,16,28,3,34,10,35,60,65,51,50,67,20,6,52,24,58,56,18,37,39,69,25,27,41,47,26,11,33,1,29,32,17,19,31,8
1363,15,47,41,57,33,44,55,40,10,5,13,9,3,39,30,16,14,62,6,11,51,53,4,12,67,71,46,42,31,61,22,68,8,60,59,28,52,26,54,66,25,56,36,49,48,64,37
1364,57,14,45,69,26,65,61,40,72,1,60,51,31,47,22,58,41,70,4,63,46,64,11,13,19,25,50,12,48,68,15,62,54,30,6,36,59,7,20,2,38,27,9,56,55,8,23
1365,31,72,70,42,28,69,35,11,58,47,8,26,3,60,33,4,19,20,68,7,27,64,37,44,43,6,71,22,56,49,63,30,2,62,24,40,14,46,1,41,15,51,29,67,25,48,45
1366,11,10,60,58,40,31,34,66,28,25,61,19,55,36,23,6,64,62,39,37,16,14,2,22,18,71,8,44,5,1,17,27,59,4,46,56,49,26,68,29,42,51,35,43,30,63,69
1367,13,60,67,15,33,35,52,19,51,53,69,46,48,29,28,14,9,6,61,72,30,34,2,62,65,39,50,36,63,71,31,1,12,44,58,11,59,45,42,40,8,64,43,22,23,66,37
1368,42,36,58,38,24,8,22,54,33,21,67,43,48,49,63,15,17,61,1,28,72,66,16,32,11,44,20,53,31,39,41,3,71,47,34,37,59,4,45,29,26,6,5,60,56,13,40
1369,31,5,58,48,14,32,4,41,6,12,53,70,2,11,71,39,7,1,62,13,19,16,18,27,52,72,15,42,29,26,22,46,47,40,67,3,51,34,44,49,64,54,25,30,24,55,61
1370,17,40,35,12,70,9,3,60,22,27,25,4,34,68,18,14,8,69,71,53,31,13,37,24,42,16,20,72,48,32,2,36,52,58,64,10,39,62,49,54,38,1,63,21,26,19,66
1371,69,42,37,2,71,54,25,30,43,70,57,52,29,31,34,58,11,56,63,62,44,61,64,1,9,45,23,36,46,7,35,22,66,49,40,17,48,24,20,21,3,72,4,38,59,33,15
1372,63,70,55,30,66,56,7,57,15,37,25,46,18,48,24,10,34,13,61,62,12,14,20,64,17,69,22,50,8,72,39,44,60,3,26,35,28,5,65,21,41,6,31,40,32,71,49
1373,15,27,32,43,40,66,18,26,52,11,8,16,23,47,34,5,63,50,54,64,1,56,69,41,9,33,19,61,29,48,35,39,67,59,21,24,37,53,49,58,71,45,17,44,14,38,20
1374,48,69,34,33,3,60,53,28,20,27,72,51,50,19,65,9,36,62,58,31,8,26,44,13,10,41,57,66,67,4,61,18,40,38,25,16,54,52,6,64,46,49,7,29,24,71,14
1375,22,69,39,54,41,58,71,67,17,56,28,6,2,43,8,64,31,25,36,9,34,32,63,55,11,45,21,16,3,33,62,7,12,65,60,30,47,20,10,51,23,24,19,29,14,66,70
1376,55,19,46,28,58,35,66,41,62,44,30,64,36,38,3,67,17,56,51,68,42,49,48,5,14,11,52,32,16,61,57,7,4,21,69,6,10,53,60,1,54,70,24,34,9,18,43
1377,5,35,22,19,25,33,66,3,32,9,36,69,27,28,1,10,6,31,61,48,12,38,40,67,72,42,63,55,56,20,2,21,65,54,17,59,68,64,49,23,41,8,52,51,14,13,15
1378,32,24,41,47,68,4,44,45,39,27,66,20,46,40,15,31,17,60,10,55,26,43,52,11,72,6,21,56,28,5,22,42,70,71,38,7,48,65,2,53,49,50,30,16,61,33,54
1379,23,5,24,37,31,7,18,13,47,59,55,30,27,17,56,38,64,53,3,39,33,9,6,43,41,28,4,60,61,40,15,72,36,49,35,22,63,19,16,25,10,48,62,54,12,46,21
1380,37,49,16,9,70,35,33,17,52,30,64,6,8,56,42,51,18,22,69,29,1,34,38,48,65,66,7,11,53,61,21,41,23,4,26,62,19,39,67,54,71,40,31,2,36,50,3
1381,8,16,31,61,64,12,15,70,1,48,42,41,4,11,44,46,60,33,2,62,65,30,35,49,26,25,38,66,45,51,52,23,63,47,7,36,58,43,53,56,27,57,29,13,69,54,14
1382,48,71,72,33,13,7,4,2,24,67,54,66,12,10,45,60,37,27,29,53,8,21,64,65,3,31,44,38,41,61,43,62,40,58,68,46,36,69,32,59,14,55,5,22,19,1,16
1383,15,16,60,46,71,67,58,57,47,19,53,11,10,42,33,8,39,32,31,69,22,24,12,64,17,45,61,50,63,6,49,29,18,41,40,56,59,7,34,51,25,72,62,52,55,70,14
1384,17,5,31,10,48,22,11,55,42,69,49,29,8,50,9,21,23,27,12,1,70,44,53,37,60,65,16,7,40,24,33,18,67,51,63,43,64,32,46,26,41,14,45,20,38,58,59
1385,44,57,70,69,7,72,46,33,37,64,34,59,42,38,28,21,43,13,36,6,54,17,3,19,65,4,30,62,32,58,45,66,11,50,51,35,39,14,47,31,12,5,55,8,53,68,52
1386,26,34,1,29,48,24,63,54,65,66,27,70,42,51,36,72,44,47,35,14,3,21,19,56,32,15,4,23,33,17,7,58,61,46,68,6,39,59,67,28,18,11,50,52,16,71,57
1387,40,59,63,19,60,1,66,44,30,55,61,35,6,72,70,62,15,17,29,50,45,8,13,65,16,20,41,21,56,51,4,28,14,9,68,64,10,49,11,26,71,2,22,7,12,24,54
1388,64,30,13,8,69,29,35,68,46,24,15,1,71,23,25,9,33,66,43,62,12,32,20,44,42,36,57,6,39,51,5,54,67,2,21,18,47,52,37,65,7,59,19,10,50,28,27
1389,42,18,15,9,66,70,53,31,48,65,25,67,34,26,59,24,8,64,71,27,38,63,51,56,50,40,30,45,52,60,43,22,4,47,61,62,19,10,69,57,68,23,33,7,20,12,39
1390,43,23,5,13,67,24,26,69,25,7,19,42,14,44,33,41,45,31,3,4,54,55,50,18,38,2,22,49,17,53,28,68,61,39,27,15,30,70,57,37,11,35,56,6,62,10,21
1391,41,46,40,68,6,16,51,66,13,60,69,30,56,3,18,17,28,22,2,63,21,72,7,14,25,31,47,35,29,15,52,37,53,27,20,8,4,65,5,54,70,48,64,44,12,1,62
1392,55,26,72,40,65,56,63,16,71,48,22,1,35,17,3,58,7,18,57,31,64,50,9,46,33,6,25,47,53,14,45,49,29,30,12,68,67,52,4,24,59,5,38,62,28,2,42
1393,2,26,35,69,16,30,9,70,42,10,44,43,48,67,37,58,15,27,51,11,7,63,56,66,47,20,8,49,40,29,6,61,50,31,62,60,52,54,46,39,14,72,23,4,59,12,64
1394,69,72,24,67,9,49,31,48,56,4,71,63,55,33,29,62,39,51,61,41,64,68,6,21,60,22,26,42,66,32,30,40,10,35,17,28,16,43,11,20,19,47,12,44,27,46,52
1395,62,65,68,22,7,59,46,57,27,43,10,3,12,72,5,34,17,16,15,66,42,13,61,19,23,60,41,44,70,31,54,24,14,35,29,63,56,4,36,21,67,20,1,28,39,45,64
1396,65,66,8,37,7,16,14,47,55,12,13,31,61,62,1,33,21,36,34,51,39,25,48,35,60,6,50,40,54,2,70,28,58,56,46,45,43,20,9,57,19,64,24,41,26,29,5
1397,65,69,4,42,64,58,61,21,71,50,36,59,47,27,2,52,17,43,49,5,7,10,51,40,48,41,19,11,32,20,35,67,70,30,60,66,1,24,6,31,3,56,37,45,46,54,22
1398,47,55,29,22,17,56,57,19,32,58,26,14,31,4,7,2,51,28,49,11,40,54,64,15,24,35,50,71,21,36,38,72,20,70,33,5,10,59,12,13,30,1,18,60,48,27,62
1399,31,16,55,60,53,3,30,40,24,68,4,27,13,69,59,67,35,38,12,52,28,34,22,65,26,50,49,61,43,2,1,8,71,64,29,19,5,57,45,41,63,48,39,36,20,70,7
1400,52,21,41,32,54,51,64,56,27,48,43,25,57,16,12,18,2,20,46,14,26,30,39,3,69,4,17,19,7,68,1,34,11,10,35,66,40,49,70,31,58,28,45,36,23,65,62
1401,18,70,16,50,6,2,28,26,49,66,29,17,32,42,9,54,11,4,48,62,25,64,57,43,8,58,40,44,19,52,38,10,24,60,23,5,20,39,61,46,47,53,34,21,67,7,56
1402,35,10,70,20,43,27,3,57,54,23,18,47,71,16,12,32,29,13,49,1,68,25,31,41,50,40,15,51,5,24,2,63,69,8,36,52,30,53,42,61,67,14,48,37,45,17,28
1403,60,43,14,19,4,54,34,27,24,51,48,22,12,65,70,42,63,56,3,64,20,15,44,67,72,69,47,21,25,55,9,31,45,1,6,39,38,52,53,5,13,17,71,32,49,36,57
1404,15,11,13,47,8,69,29,5,68,70,17,51,56,61,60,7,2,38,28,24,52,6,22,40,59,37,72,3,53,43,39,42,25,63,46,20,23,32,54,44,18,30,31,21,14,35,62
1405,3,8,26,25,68,45,9,18,36,1,71,37,21,6,12,57,51,44,49,14,60,13,31,47,43,15,34,7,24,23,53,32,22,19,28,5,70,27,42,4,16,46,63,10,61,38,33
1406,15,54,17,29,53,49,59,25,40,39,70,42,60,47,63,45,32,57,16,20,2,3,4,18,12,52,23,11,19,7,27,14,36,34,72,30,21,1,61,50,62,69,35,9,68,66,37
1407,37,51,24,70,11,45,50,23,52,61,39,54,2,25,34,64,40,26,57,13,18,6,43,59,9,65,32,72,48,31,53,1,49,68,33,38,55,16,21,30,17,4,22,8,28,42,12
1408,68,54,32,52,37,48,27,44,51,23,31,10,53,24,57,25,59,2,46,33,18,40,26,34,29,3,58,66,21,30,20,39,56,50,12,22,7,6,71,55,64,35,17,63,36,49,28
1409,14,39,47,21,60,64,52,45,67,22,10,41,42,58,37,59,27,49,3,2,5,31,62,15,54,69,53,6,16,55,1,12,46,61,17,36,57,20,50,43,63,51,71,32,9,34,23
1410,14,45,48,5,15,30,6,25,21,16,29,41,34,1,24,58,20,9,62,17,59,52,72,37,61,31,64,7,40,43,10,2,13,55,32,28,63,39,60,26,44,33,35,18,50,46,42
1411,4,34,59,32,30,68,35,27,64,57,33,48,45,11,58,43,22,23,38,37,21,47,60,42,41,31,39,26,8,7,29,28,3,13,9,71,61,46,50,55,10,1,12,40,44,2,6
1412,39,52,6,9,20,57,43,13,44,60,30,48,62,1,7,14,65,10,50,12,53,16,66,26,70,34,24,2,71,27,4,15,35,49,31,58,40,72,59,33,8,21,29,11,5,47,19
1413,49,48,36,3,4,42,47,71,33,44,31,5,61,35,60,58,43,16,69,29,2,62,18,23,11,26,34,52,53,25,39,57,67,68,32,41,45,24,28,64,10,70,22,38,17,1,14
1414,60,42,11,26,46,36,48,8,55,14,28,7,38,49,66,31,29,1,37,17,32,13,3,58,23,18,41,63,30,51,54,56,40,4,12,45,35,39,2,50,15,68,27,16,43,20,52
1415,60,40,18,71,61,6,52,11,68,38,9,24,25,54,5,32,47,23,65,49,28,17,43,34,46,13,1,4,51,62,44,7,35,41,72,26,42,27,12,19,57,55,31,53,50,15,21
1416,72,30,59,36,70,35,33,15,8,42,6,51,40,63,68,18,56,53,3,12,57,39,67,7,48,27,61,2,32,29,52,25,22,38,31,23,9,14,5,49,55,45,66,1,44,60,65
1417,11,68,71,16,26,62,43,38,63,69,3,6,19,29,30,24,70,40,56,1,57,34,61,8,25,23,72,54,37,7,9,39,47,41,33,66,42,32,5,64,53,67,49,55,12,4,31
1418,61,65,72,29,27,1,3,70,69,28,46,43,30,18,6,25,31,19,52,36,71,4,64,26,8,60,20,59,42,2,24,10,38,51,55,63,62,54,32,5,48,15,22,41,44,66,58
1419,12,17,18,25,49,27,26,70,24,1,66,11,9,31,36,34,3,44,20,23,13,19,22,54,29,5,41,38,60,47,68,43,51,2,6,58,61,72,56,59,45,7,42,21,48,32,33
1420,19,48,11,33,2,13,57,3,34,9,51,43,68,53,67,52,30,23,62,24,35,5,70,21,18,71,6,69,42,12,26,25,32,20,63,59,37,4,49,44,10,46,17,66,60,8,36
1421,71,72,68,37,54,64,70,10,61,9,30,11,69,6,39,56,47,27,36,45,48,5,2,62,3,42,41,35,8,20,29,55,59,24,65,32,49,40,17,57,58,63,67,34,53,23,7
1422,21,30,39,4,33,53,56,44,24,43,64,48,67,57,8,18,54,2,51,41,7,29,32,31,59,45,35,60,9,58,16,40,13,28,1,34,19,37,72,12,46,62,71,17,63,26,49
1423,49,29,16,22,52,33,53,69,60,5,50,24,3,46,45,25,7,56,11,20,27,34,64,70,37,59,17,35,63,19,44,58,12,72,6,1,9,55,21,71,14,57,68,23,47,48,38
1424,23,11,33,21,69,51,4,68,60,24,27,26,37,66,61,20,43,5,15,64,28,16,49,17,31,7,65,35,57,50,25,46,18,52,48,2,72,12,58,13,70,45,41,54,56,55,32
1425,53,47,15,46,26,63,71,58,65,43,2,8,55,14,6,1,32,69,48,67,20,5,28,51,61,24,45,35,17,57,50,64,44,68,42,18,30,25,31,19,72,12,66,38,7,4,13
1426,67,28,44,34,12,1,19,69,9,27,45,20,70,71,35,54,47,30,37,11,64,14,72,51,42,58,53,4,7,2,48,66,56,15,46,50,10,60,25,41,26,24,22,8,65,36,3
1427,33,36,69,24,44,34,67,30,16,50,32,17,18,22,38,53,64,11,5,31,63,21,62,42,47,46,19,59,52,15,54,2,9,35,56,45,6,39,13,41,26,28,37,29,14,8,3
1428,22,14,49,33,38,58,71,11,31,27,12,25,21,39,26,4,7,17,35,16,1,46,66,10,29,42,34,20,50,13,18,65,36,3,19,24,44,41,45,56,15,59,70,55,64,28,32
1429,22,48,61,42,63,14,41,69,11,45,49,32,67,40,17,6,37,4,13,72,28,64,26,31,12,24,29,33,34,1,62,23,52,66,71,55,46,18,20,57,51,3,70,53,38,35,43
1430,39,17,57,13,41,61,11,46,50,20,43,33,34,25,27,66,28,72,49,37,69,19,53,2,23,58,31,15,65,26,24,68,60,10,12,9,16,67,32,42,35,6,64,71,1,8,51
1431,21,59,52,41,1,33,22,16,42,58,19,57,28,43,38,45,29,39,4,6,61,26,13,27,65,18,10,64,37,25,8,5,69,67,56,48,66,14,55,70,3,23,60,32,51,71,12
1432,54,6,48,3,31,71,37,47,14,61,21,46,32,58,38,5,27,40,59,35,41,65,57,44,10,23,19,63,60,56,49,17,51,62,8,72,18,33,69,28,20,36,43,66,13,70,24
1433,34,71,33,35,12,17,47,60,66,1,13,56,38,26,29,59,53,58,24,31,43,27,48,41,10,32,25,70,39,45,8,69,50,40,6,30,57,49,68,67,65,7,62,18,44,61,14
1434,47,16,9,56,33,69,46,1,20,72,65,24,3,58,70,10,6,23,11,30,15,18,19,54,38,49,44,68,2,12,35,55,59,13,4,53,52,39,36,43,14,48,21,71,60,34,25
1435,51,61,22,25,41,43,16,64,50,14,72,20,48,30,5,27,42,9,62,54,31,55,39,3,66,49,12,17,56,46,47,45,35,68,63,52,69,13,37,10,59,23,7,6,34,71,44
1436,49,37,13,46,57,19,16,62,70,61,40,41,56,67,30,15,52,4,12,32,60,36,44,31,35,42,43,3,24,45,20,18,66,39,50,10,72,27,58,33,54,71,63,26,68,47,14
1437,14,1,52,36,43,35,23,19,68,66,67,59,4,10,40,55,70,60,12,3,29,56,2,11,51,49,17,37,22,13,32,16,38,27,46,26,44,25,7,63,54,47,15,69,5,57,28
1438,29,69,21,71,19,27,7,70,63,2,72,25,68,65,61,35,51,33,6,10,31,59,4,53,44,60,32,30,17,34,40,12,5,56,18,14,16,67,54,28,42,66,9,64,55,52,47
1439,4,6,60,71,15,72,9,44,22,47,66,34,1,42,16,21,30,25,37,12,70,59,39,7,18,14,43,51,38,49,5,55,26,24,68,50,64,27,69,48,63,8,29,40,28,36,11
1440,69,62,11,34,15,38,28,45,33,30,21,24,67,64,20,49,43,65,29,19,6,41,53,71,42,37,12,18,59,9,23,66,14,13,2,58,44,22,51,31,3,50,36,52,72,48,8
1441,65,16,19,32,37,45,9,10,18,4,28,59,27,70,63,3,72,1,26,64,42,51,40,56,34,54,2,7,62,13,47,50,24,21,17,38,58,44,46,48,49,68,15,6,20,5,55
1442,50,1,9,3,66,58,29,8,32,65,17,6,40,46,62,27,45,61,19,41,31,71,52,37,63,4,33,20,22,56,30,10,64,14,16,13,69,55,53,35,2,26,11,34,12,24,23
1443,44,62,2,3,21,47,38,52,66,36,25,15,6,32,60,72,35,40,41,53,48,8,26,42,29,10,64,63,51,9,1,43,30,69,20,68,33,34,65,22,11,50,12,55,13,16,61
1444,37,17,35,39,25,67,38,55,48,62,41,32,6,24,5,23,30,44,12,71,4,57,21,42,19,2,20,40,61,13,52,22,53,9,70,14,11,1,47,8,54,10,27,3,7,46,51
1445,51,18,40,58,35,62,53,64,32,47,12,7,46,57,2,50,10,49,8,25,22,21,69,67,63,68,27,15,23,13,54,3,37,48,24,31,72,71,30,70,19,38,34,41,29,59,20
1446,5,37,67,56,24,42,48,1,50,16,46,3,6,33,34,45,15,35,49,47,8,69,40,58,57,2,30,41,54,52,68,25,14,43,64,72,10,11,29,66,59,60,7,65,71,17,22
1447,66,61,35,12,36,68,27,25,9,24,48,3,47,13,52,10,18,40,38,54,19,60,56,42,29,17,44,6,28,43,63,20,2,33,39,45,41,34,51,23,1,72,30,53,59,58,11
1448,52,34,57,14,58,12,22,19,60,9,72,36,56,30,68,3,8,20,37,64,42,21,69,38,54,59,65,46,18,45,11,41,44,33,25,6,49,67,39,13,2,51,71,43,47,55,7
1449,8,17,43,21,37,16,51,34,12,10,61,52,3,59,32,31,13,14,47,71,58,42,29,72,5,1,45,35,7,65,44,22,56,15,26,19,33,50,68,54,70,20,57,49,2,25,39
1450,62,1,36,4,44,40,32,56,25,18,33,67,51,55,12,53,68,3,46,50,14,58,16,10,69,61,43,72,39,54,38,11,47,57,2,71,5,8,64,15,70,34,13,6,7,65,23
1451,53,12,19,45,5,71,26,56,55,58,61,30,42,14,51,49,6,35,47,28,39,66,4,23,34,3,46,31,48,7,60,13,8,54,2,20,50,63,70,16,57,9,52,41,27,67,69
1452,70,55,36,35,41,54,50,38,27,28,37,43,39,32,51,16,68,71,4,23,31,57,40,56,63,33,69,49,29,67,24,60,59,47,2,52,17,64,15,44,48,1,13,30,7,5,18
1453,64,9,37,57,34,48,11,55,62,15,53,35,1,26,70,19,69,29,17,39,21,2,46,28,23,59,50,52,14,47,67,58,31,18,56,40,8,38,7,25,71,3,20,66,13,42,61
1454,4,28,26,44,3,39,2,57,72,41,29,18,55,24,30,59,27,13,70,5,23,56,64,45,42,9,62,16,40,33,14,21,20,53,67,10,38,58,15,47,46,37,48,12,43,50,25
1455,18,6,33,28,10,42,45,34,2,38,13,48,68,37,72,27,56,1,63,51,14,26,58,8,71,52,4,7,24,43,54,67,46,61,39,20,16,12,57,62,50,23,59,19,22,36,21
1456,42,12,18,40,53,39,68,41,58,46,36,32,26,15,33,23,24,38,51,37,5,70,28,14,4,61,31,35,30,16,48,49,1,66,55,56,71,57,6,27,47,45,64,22,72,7,54
1457,52,22,70,20,26,15,43,4,1,64,67,71,57,5,55,72,51,35,63,54,60,62,36,9,42,10,14,21,66,48,44,3,65,12,2,27,41,69,24,17,31,19,40,8,34,25,7
1458,63,21,16,27,47,40,2,54,60,69,64,7,32,56,37,4,42,11,12,59,53,17,51,1,41,20,8,66,34,72,22,24,15,36,68,46,30,43,23,5,26,38,45,6,28,19,25
1459,12,54,15,13,65,38,37,7,57,70,5,27,61,6,42,50,25,53,44,48,58,43,1,24,23,14,34,52,3,49,66,56,28,41,35,4,8,69,11,45,10,62,19,47,68,31,63
1460,5,69,42,30,51,60,33,20,35,57,29,22,39,24,4,7,28,2,37,71,13,15,58,40,53,67,43,45,56,65,72,12,26,47,8,64,14,23,61,46,9,44,70,21,50,52,41
1461,57,70,21,8,50,17,65,58,51,43,16,6,34,56,37,12,35,60,4,68,1,66,33,3,31,9,29,45,69,28,20,27,14,52,46,30,42,53,19,41,23,38,7,10,22,47,61
1462,37,8,66,63,7,27,46,17,24,51,28,25,36,50,45,29,40,18,69,71,59,16,38,47,13,44,57,65,22,43,6,31,68,42,60,14,52,3,10,20,21,4,9,70,54,61,33
1463,21,6,34,41,52,27,48,45,18,51,30,56,39,58,2,38,46,17,60,55,32,8,4,63,24,54,57,22,72,13,9,43,23,71,5,16,37,25,10,53,33,26,36,69,44,20,3
1464,38,26,8,20,23,5,28,25,4,13,58,59,32,37,47,6,46,53,54,70,15,10,16,24,43,40,63,14,72,35,67,48,51,65,17,2,22,1,39,50,18,42,3,21,33,60,61
1465,46,34,25,41,67,63,1,21,44,66,72,10,33,4,43,6,50,31,45,19,26,5,59,55,39,49,17,12,11,35,71,58,2,65,62,28,3,61,20,60,54,36,64,15,57,29,22
1466,60,35,54,64,61,25,46,8,2,42,45,21,15,20,5,31,52,48,1,34,11,70,67,47,37,40,66,9,53,38,10,13,18,16,26,17,23,27,22,29,36,3,6,33,68,63,51
1467,4,60,65,12,24,23,1,50,53,70,55,46,69,52,63,43,40,7,37,64,9,38,58,45,22,30,67,27,18,51,54,62,71,17,42,59,26,15,39,13,5,32,20,56,6,14,66
1468,6,49,4,55,15,19,66,2,60,30,46,56,72,44,48,33,1,31,62,14,7,51,21,45,9,50,27,25,41,69,40,16,12,39,65,28,61,71,70,23,29,59,11,38,58,8,43
1469,56,6,21,15,12,26,46,30,16,59,49,51,7,40,53,24,38,67,3,32,64,13,18,54,41,17,9,23,72,27,22,29,11,10,71,58,68,52,44,8,57,36,4,31,25,5,20
1470,52,61,56,70,9,16,6,8,37,43,62,47,63,68,12,25,34,4,65,44,1,60,32,40,30,2,14,27,54,36,66,22,49,19,53,67,72,29,28,48,42,10,57,50,71,17,58
1471,28,43,10,22,65,16,19,67,21,70,26,72,71,64,45,39,40,34,46,18,9,4,59,27,11,8,42,13,47,66,57,32,63,44,17,52,54,58,49,2,30,51,61,68,12,55,35
1472,9,20,25,29,13,14,69,62,48,17,63,68,34,7,56,22,72,51,65,39,45,24,16,71,46,35,41,11,47,52,32,6,70,21,4,15,58,38,44,19,60,66,33,26,1,31,59
1473,51,62,4,68,26,57,50,64,35,31,49,9,47,39,60,54,17,45,8,58,66,24,36,59,16,27,7,37,1,18,46,32,29,53,28,44,6,69,33,11,65,67,23,41,61,19,13
1474,68,70,56,65,7,69,15,26,28,44,30,42,34,66,20,51,32,12,13,3,11,19,61,24,4,50,63,2,60,5,71,18,45,43,14,37,49,62,67,55,10,58,8,47,64,72,35
1475,45,20,33,50,23,9,5,54,63,53,14,61,17,10,26,2,65,34,56,28,25,21,22,58,3,67,18,71,42,46,51,11,39,44,13,40,35,27,1,68,19,41,6,8,15,16,62
1476,56,42,1,27,23,55,14,59,43,45,46,39,19,9,69,70,40,16,71,12,41,53,60,35,31,4,25,66,63,22,44,51,5,29,15,17,49,2,38,52,11,10,68,47,13,20,72
1477,37,46,63,69,6,55,28,41,39,38,48,42,4,67,43,36,45,21,40,19,11,59,26,54,30,58,7,20,5,44,18,51,33,10,47,31,29,23,32,66,53,56,35,9,70,16,8
1478,40,50,44,14,37,67,4,28,48,2,8,3,55,58,27,53,20,71,46,49,23,62,18,72,33,60,31,38,52,1,47,22,42,17,12,39,10,63,24,15,30,43,9,5,69,6,11
1479,49,41,34,53,10,4,15,33,47,50,36,46,31,40,21,35,23,65,61,12,54,72,55,67,16,6,3,19,66,2,29,58,60,63,5,14,62,39,52,13,48,24,1,17,59,9,42
1480,54,13,48,28,29,37,36,1,31,42,56,38,26,69,45,61,6,47,57,44,71,30,23,50,35,19,58,63,72,66,16,11,8,22,14,21,40,43,25,64,52,4,12,55,7,2,5
1481,48,37,10,25,6,12,15,60,2,64,26,70,41,55,56,9,24,46,3,22,53,38,40,31,39,62,5,27,67,1,50,47,4,32,33,71,51,43,61,72,23,16,69,7,20,58,57
1482,42,13,10,50,55,63,39,46,57,59,69,51,71,3,16,17,56,36,18,25,7,32,30,27,33,31,40,26,6,61,22,70,41,49,4,11,72,21,8,64,12,66,14,43,34,37,5
1483,34,2,36,11,44,41,31,61,30,4,25,15,29,27,26,17,22,8,51,46,53,6,50,67,59,9,38,43,56,18,23,42,24,66,7,70,35,37,14,12,52,64,48,54,60,72,45
1484,31,59,64,36,67,45,65,50,57,63,21,22,44,72,46,3,26,29,20,2,54,40,14,7,28,18,19,10,42,47,9,12,39,15,49,34,43,71,25,55,1,68,56,60,51,69,58
1485,22,63,62,20,49,5,65,46,52,23,44,42,8,27,6,50,30,32,36,9,3,59,29,57,19,16,51,69,33,60,1,31,24,43,70,2,58,53,28,13,26,34,14,41,64,4,67
1486,29,43,46,14,52,3,24,67,40,18,38,63,42,2,25,7,33,44,66,58,71,72,53,59,10,41,50,51,70,39,17,6,55,48,37,61,47,69,57,13,11,9,60,30,27,45,34
1487,36,23,8,34,30,60,57,4,71,32,15,43,22,29,18,40,1,51,24,63,48,44,64,58,69,42,3,20,9,28,26,62,39,65,70,11,21,16,52,61,66,49,19,12,6,45,47
1488,11,15,66,40,34,22,69,7,24,17,14,61,58,62,70,47,29,55,28,39,19,51,49,33,63,42,31,59,4,8,9,26,13,23,20,35,54,37,30,52,65,32,53,16,2,68,45
1489,11,65,56,33,23,43,40,28,2,5,54,26,42,41,59,67,19,14,15,25,7,70,55,20,3,22,10,45,36,38,35,58,21,27,52,34,51,9,48,72,30,18,8,50,69,61,1
1490,47,54,61,10,55,21,35,64,60,69,26,5,41,70,37,19,67,43,34,4,8,56,12,9,33,63,46,71,38,15,36,57,66,65,44,20,27,49,39,32,3,16,45,11,40,29,50
1491,44,57,42,26,8,65,11,15,27,43,36,41,6,67,28,62,45,4,39,30,56,37,72,51,7,47,1,21,24,59,18,70,60,13,32,9,25,53,23,61,29,16,52,54,22,66,48
1492,12,64,37,52,56,70,10,34,18,5,72,2,53,24,66,36,48,7,20,35,30,25,67,40,68,28,3,17,54,43,69,47,61,62,8,6,27,1,57,9,49,71,38,19,55,15,41
1493,39,5,28,50,68,8,40,15,22,58,14,46,49,21,48,25,24,69,63,29,23,67,61,31,10,64,3,12,72,54,26,38,45,16,57,56,62,43,17,66,37,7,65,41,27,19,47
1494,42,55,36,35,2,17,61,37,44,25,56,13,14,30,67,27,4,18,45,3,68,41,32,39,24,16,31,57,5,12,22,52,21,65,46,15,43,6,26,19,66,72,7,8,33,29,59
1495,51,65,64,8,36,38,16,10,42,40,28,20,21,56,50,6,60,72,52,1,54,53,31,30,61,24,14,59,12,58,45,33,70,37,34,29,43,17,57,9,46,71,41,2,27,63,15
1496,11,9,69,22,54,23,33,18,7,35,60,36,52,65,13,61,16,17,71,28,57,31,53,70,56,3,59,67,34,21,2,29,63,66,32,4,45,25,26,24,72,50,10,38,40,46,64
1497,19,51,36,29,54,42,14,5,53,6,60,13,68,18,2,10,70,21,72,69,24,38,3,56,61,23,37,63,52,22,15,44,8,7,46,65,62,41,25,35,57,12,11,28,71,48,9
1498,42,46,13,67,29,57,20,53,12,21,41,22,16,35,59,34,60,69,30,4,25,70,39,45,31,19,24,68,43,27,71,6,28,23,49,54,63,3,65,37,36,9,64,62,14,66,2
1499,4,44,8,21,33,15,55,62,61,18,64,71,10,48,53,63,5,51,13,32,59,45,19,22,58,50,31,40,68,66,65,17,23,26,34,69,14,72,29,67,16,52,39,24,3,54,36
1500,50,5,34,37,38,12,22,59,10,41,60,51,19,31,63,26,20,23,14,3,29,16,52,15,58,62,56,8,69,35,27,9,30,36,17,66,64,4,1,18,47,13,28,53,68,24,33
1501,53,34,3,13,1,40,18,8,33,61,67,11,20,28,27,26,63,7,49,19,57,31,36,32,44,30,25,59,21,39,10,50,37,70,35,4,46,48,69,47,16,72,52,5,23,6,64
1502,14,7,44,71,51,58,10,5,59,33,19,16,24,57,42,69,23,1,63,9,36,56,3,8,45,70,49,28,32,64,4,21,30,38,62,72,6,18,61,55,67,13,15,66,39,47,48
1503,66,12,26,16,65,27,20,21,19,11,2,62,49,50,70,8,25,30,54,58,64,52,1,41,51,45,9,37,56,3,47,44,4,14,36,35,38,22,31,48,46,61,71,40,55,32,69
1504,26,57,43,15,28,64,25,2,4,39,29,72,42,33,32,66,62,12,67,22,18,48,71,70,21,38,56,50,52,27,53,60,47,49,61,69,51,40,11,17,58,1,46,13,6,63,45
1505,36,41,65,60,72,34,22,11,63,20,37,9,58,24,54,33,51,8,70,3,6,32,25,45,50,12,2,29,18,56,1,59,31,62,35,67,69,44,21,53,38,46,57,23,43,64,71
1506,19,26,30,6,35,56,24,51,63,11,55,66,72,25,69,15,65,58,59,5,20,2,23,41,47,71,53,70,10,49,27,32,8,4,7,29,54,60,64,40,14,34,1,57,46,22,12
1507,39,63,17,19,49,64,33,24,18,53,46,50,44,16,27,45,67,9,62,15,60,72,51,2,52,20,31,70,56,34,48,42,26,12,6,41,5,11,13,57,32,25,38,58,36,35,54
1508,51,43,48,57,22,9,18,32,2,28,68,70,38,54,56,41,72,8,33,3,65,71,6,10,46,42,35,40,30,36,5,12,60,61,45,21,17,19,44,26,16,53,58,25,1,31,50
1509,55,35,19,49,42,46,16,7,44,39,6,41,3,4,11,34,14,26,2,27,32,10,25,62,24,30,21,43,57,5,20,13,9,1,50,69,67,36,54,40,8,31,47,45,29,68,63
1510,6,56,51,14,44,13,21,68,34,72,22,30,65,60,50,35,12,2,59,28,53,58,23,20,33,46,41,37,36,17,15,38,27,61,31,24,55,67,29,39,32,62,49,5,69,10,45
1511,19,67,23,35,54,59,25,13,31,15,43,26,10,6,63,29,42,4,32,28,68,11,40,16,51,22,72,21,44,27,45,47,9,55,2,30,65,46,49,37,56,3,5,70,69,8,18
1512,6,42,51,17,22,59,48,25,33,63,47,64,19,16,35,49,32,11,70,52,36,57,3,43,72,24,55,58,61,68,15,39,67,54,45,37,31,13,14,65,9,28,1,2,46,26,38
1513,37,62,3,41,4,20,5,28,70,34,14,22,58,68,35,2,36,44,56,11,54,59,72,45,47,25,69,53,29,21,46,71,40,7,49,55,33,10,15,30,23,66,26,31,16,57,6
1514,6,46,15,68,7,20,72,55,18,37,4,23,50,5,13,16,60,42,45,62,25,36,27,1,26,63,8,59,41,67,54,28,56,14,12,69,52,70,48,51,65,58,53,19,3,35,40
1515,52,33,8,46,40,38,35,18,27,28,61,26,12,59,14,56,55,2,70,66,32,24,5,23,1,50,13,17,71,69,67,58,3,19,72,48,36,65,39,7,29,21,34,25,15,47,62
1516,56,27,8,50,41,39,34,23,61,57,67,31,40,16,44,47,32,49,25,46,4,26,72,71,36,66,42,37,35,63,21,20,69,24,12,29,48,62,33,54,7,52,30,43,51,6,68
1517,18,33,12,26,22,32,71,65,4,43,72,28,59,2,10,6,5,64,20,44,29,38,50,35,23,48,45,56,17,36,24,15,21,9,67,27,52,57,58,61,70,14,30,54,46,60,63
1518,62,57,34,36,67,7,60,16,31,37,19,3,47,41,42,28,14,70,11,20,40,1,2,61,24,55,68,21,49,39,71,33,17,15,25,6,9,53,26,22,4,52,29,32,54,27,56
1519,49,33,4,15,38,2,27,66,7,9,31,51,39,17,52,5,71,1,64,19,34,14,29,18,45,59,3,55,44,12,54,62,11,58,43,42,32,28,37,46,48,65,63,68,69,26,22
1520,44,42,5,65,66,50,55,54,40,3,52,29,51,47,31,45,22,37,57,71,69,60,38,26,19,39,68,67,4,70,63,21,53,48,36,2,28,58,15,10,41,16,33,24,49,17,30
1521,50,28,3,24,30,34,4,63,20,41,8,60,23,40,42,67,51,62,70,5,43,2,58,16,13,19,69,71,47,17,35,44,57,64,53,38,49,27,14,32,59,55,54,26,9,39,52
1522,64,22,44,5,18,31,60,16,58,50,8,57,48,47,29,52,34,62,72,24,4,32,26,3,46,70,43,63,33,49,42,35,53,66,10,1,71,25,41,37,6,68,59,54,9,51,56
1523,41,29,70,39,54,60,51,31,19,33,69,38,53,36,72,45,3,23,8,61,6,57,24,27,7,40,20,12,21,25,48,44,49,58,11,50,28,15,42,46,62,4,64,16,47,30,65
1524,62,16,9,67,12,24,32,41,6,8,5,39,72,66,37,40,42,60,49,58,14,63,57,36,48,10,65,59,4,21,43,3,38,30,45,34,1,27,7,33,20,15,44,64,28,29,53
1525,2,23,33,11,28,38,64,8,7,3,6,26,29,5,57,42,35,66,72,36,63,68,10,24,48,43,70,17,34,58,55,52,19,69,46,21,62,50,60,20,16,40,4,15,27,59,32
1526,17,41,3,72,20,27,53,8,51,38,12,57,45,70,31,55,69,28,56,2,29,30,39,22,5,71,26,14,25,36,1,32,15,46,47,35,67,61,54,65,50,60,58,43,63,66,40
1527,59,12,38,46,71,56,42,66,57,2,21,53,36,58,24,25,3,16,43,28,27,50,5,7,64,52,51,29,41,19,32,18,34,63,40,1,26,47,6,4,67,70,69,22,17,54,11
1528,53,10,2,41,47,36,55,20,49,28,51,70,8,27,31,24,71,29,16,17,50,40,48,7,22,35,3,21,56,14,5,23,1,61,45,18,62,57,13,65,15,26,54,64,30,32,59
1529,39,52,44,26,5,64,6,30,36,38,43,17,13,66,68,70,54,40,11,51,67,10,50,16,19,42,24,56,48,4,37,31,55,46,7,53,72,69,28,62,22,60,49,34,65,20,45
1530,65,30,69,36,5,1,71,6,11,68,67,57,26,40,19,55,17,9,38,62,64,42,8,7,18,16,32,27,66,70,2,49,15,58,61,63,12,13,28,41,14,46,53,43,10,50,54
1531,23,51,21,25,67,1,46,29,72,45,13,5,57,4,49,36,20,71,42,53,69,40,41,30,66,56,48,59,14,12,18,44,35,15,63,39,70,16,32,17,37,27,28,54,11,34,47
1532,34,15,31,5,59,24,52,62,56,23,16,18,39,29,36,63,61,47,8,3,49,55,72,67,33,7,35,37,43,1,30,65,69,40,48,27,64,14,28,12,46,25,20,2,13,54,21
1533,37,38,71,57,21,15,33,31,69,40,6,55,30,66,18,13,26,3,7,44,51,39,20,64,60,1,70,65,28,17,45,16,19,34,42,23,68,11,35,22,48,14,47,49,12,8,32
1534,58,23,31,41,47,38,29,20,61,67,13,22,37,71,24,59,36,32,68,44,40,28,4,50,18,34,26,57,35,2,55,8,12,52,9,27,5,56,62,70,64,10,14,1,43,6,65
1535,59,57,40,66,62,21,52,36,49,64,25,1,17,7,58,42,2,22,63,48,27,37,71,39,61,13,46,3,18,45,30,14,35,68,50,28,6,23,41,11,44,32,51,4,24,70,69
1536,7,42,57,39,66,23,13,47,40,25,34,52,62,69,64,2,45,60,12,70,63,1,71,67,54,3,22,21,48,56,24,35,29,26,11,10,43,5,46,41,27,17,65,15,18,61,51
1537,11,72,10,46,63,17,1,62,67,44,69,14,51,50,57,16,23,70,36,55,43,3,20,39,52,65,42,26,8,6,7,18,41,15,40,31,49,68,33,25,13,45,32,60,28,35,56
1538,13,10,72,46,61,26,28,14,35,30,31,56,29,7,39,37,1,9,47,22,45,4,36,5,52,19,54,41,40,38,51,34,64,71,8,20,68,27,43,57,50,33,24,21,59,25,48
1539,24,45,46,40,14,18,53,59,33,27,19,11,52,41,8,25,51,47,50,67,49,55,37,30,23,2,3,5,57,4,35,62,21,60,9,1,63,6,13,39,72,68,28,20,31,70,12
1540,64,20,21,46,1,50,36,47,37,61,66,18,71,41,49,25,28,60,23,62,4,7,6,29,48,51,52,19,45,70,9,43,30,2,58,59,26,5,39,14,8,56,24,44,12,54,13
1541,40,64,27,25,17,30,22,53,1,26,72,21,15,2,28,49,59,6,50,23,9,70,14,41,4,67,33,54,12,35,61,38,3,24,62,29,39,8,19,46,11,51,56,18,68,36,42
1542,53,49,3,17,19,27,58,50,21,9,13,41,57,4,65,16,23,56,59,47,43,6,2,31,45,26,54,14,46,72,48,20,69,33,37,42,44,11,24,61,39,34,35,70,8,51,1
1543,13,11,63,31,19,37,40,46,62,35,45,32,17,60,47,55,49,42,67,53,64,70,27,50,65,7,38,33,5,22,59,16,28,30,39,23,2,25,20,44,58,26,21,10,66,41,14
1544,1,10,58,60,54,14,36,34,46,33,41,16,47,24,32,52,55,53,57,64,70,3,50,31,13,61,35,29,26,8,2,15,59,19,37,44,18,20,72,65,69,51,11,39,22,7,25
1545,4,27,13,40,2,33,49,16,8,23,69,9,43,45,28,56,17,55,44,7,51,19,66,72,1,20,57,58,54,38,34,25,64,60,67,65,36,11,39,29,32,12,42,53,63,41,48
1546,4,19,57,16,20,69,25,12,37,65,41,54,31,44,2,24,38,14,18,3,23,21,32,35,6,47,64,26,66,39,10,46,58,22,29,49,72,7,68,36,52,8,33,28,59,15,11
1547,49,9,7,45,40,1,12,60,44,34,37,59,54,68,36,23,33,50,62,28,35,46,17,13,6,42,3,10,72,8,21,20,24,25,39,67,56,66,57,64,43,18,2,5,70,52,4
1548,38,1,62,52,69,71,12,67,42,16,50,34,47,51,58,68,29,30,24,4,39,48,2,66,57,13,28,65,31,46,10,63,70,41,61,19,56,14,53,37,55,15,49,8,3,25,26
1549,68,42,1,52,38,34,48,72,18,12,23,5,54,2,53,41,49,19,24,47,35,11,22,39,64,7,46,58,16,8,3,44,20,31,29,27,15,4,13,61,57,32,10,55,70,56,65
1550,43,55,30,24,32,40,49,48,38,6,4,26,33,41,63,62,16,28,65,66,72,27,12,46,20,3,7,22,11,59,45,35,61,23,19,29,60,67,1,58,53,50,54,56,13,9,21
1551,57,10,67,54,52,24,13,5,58,42,33,38,45,18,19,41,61,28,32,62,34,30,27,36,47,1,56,48,12,50,15,22,53,37,69,16,64,9,4,20,29,60,23,70,6,14,46
1552,17,19,5,70,27,28,55,61,72,14,43,32,44,25,40,63,42,29,10,45,9,23,15,34,31,12,41,18,24,26,7,53,8,38,39,57,52,67,35,2,13,66,64,1,47,50,36
1553,14,51,63,60,40,16,22,53,46,24,7,21,61,35,42,15,9,65,39,13,8,33,50,25,19,45,55,30,62,17,69,71,67,29,12,34,36,70,56,32,3,10,20,57,68,49,1
1554,29,35,9,54,37,16,23,58,20,70,40,52,15,12,39,43,55,13,68,6,53,62,61,27,10,36,18,72,33,3,34,60,48,66,17,67,7,63,11,31,26,71,47,22,46,19,57
1555,46,27,36,52,14,35,43,41,51,33,30,58,60,72,66,20,13,39,3,34,17,4,68,50,45,5,32,70,18,8,54,25,59,62,64,71,63,61,28,6,67,40,21,47,55,49,15
1556,51,58,25,31,33,37,45,70,59,35,7,6,71,49,48,42,69,67,22,14,64,41,53,4,23,60,56,5,38,47,63,43,24,21,29,68,39,61,3,28,1,44,46,55,2,9,13
1557,17,65,29,32,15,19,43,58,37,20,13,59,9,5,68,63,67,47,49,57,26,25,48,27,70,35,41,31,8,55,42,7,18,14,61,38,34,10,12,1,36,4,64,2,69,51,71
1558,8,46,52,31,13,27,2,4,56,40,51,17,62,50,24,66,14,49,22,59,33,25,65,7,55,30,15,26,38,41,28,67,57,36,6,19,70,20,34,37,45,72,9,10,32,1,71
1559,41,29,51,64,39,31,27,42,48,35,7,53,57,60,55,50,38,26,43,28,58,25,49,13,24,68,52,5,11,22,14,62,56,9,67,37,15,72,69,6,30,1,45,18,10,33,20
1560,56,38,25,2,34,26,51,45,69,72,36,59,35,19,67,30,48,14,40,22,24,15,10,58,27,39,49,5,21,70,23,47,61,7,32,53,28,68,50,55,9,20,64,17,31,71,29
1561,61,52,22,45,4,54,43,56,27,63,34,32,16,10,70,66,30,50,39,12,57,68,20,29,64,40,1,38,36,7,72,23,65,25,28,42,60,26,51,69,41,6,33,46,44,24,11
1562,42,29,4,14,12,17,16,8,34,72,20,62,31,3,24,54,61,51,69,60,65,63,55,38,36,2,41,45,1,7,48,67,47,23,71,22,18,5,64,25,37,59,28,43,30,9,49
1563,23,29,17,40,60,50,46,52,49,64,10,69,57,62,19,4,25,32,27,65,1,31,37,58,70,8,39,63,45,11,67,48,72,66,33,7,68,41,54,14,53,16,3,71,35,47,24
1564,6,57,18,45,1,70,10,23,69,52,42,60,61,33,39,7,14,51,9,48,41,53,54,44,16,26,71,3,55,2,62,47,29,17,25,21,5,22,4,37,66,58,64,12,28,49,46
1565,40,4,24,43,33,60,42,27,71,47,50,53,13,21,57,70,9,59,61,28,20,62,67,56,41,44,16,12,3,58,1,36,46,19,2,6,68,25,22,8,38,64,31,63,30,10,55
1566,22,19,57,58,40,66,14,45,69,20,4,39,70,65,44,71,41,16,11,33,59,64,35,29,46,12,31,18,48,72,62,2,9,24,5,36,37,34,26,13,1,55,68,32,8,42,54
1567,69,68,24,53,36,67,23,26,7,27,38,28,66,30,14,64,32,50,70,61,57,1,51,40,8,18,44,31,13,10,15,54,55,37,41,56,62,35,21,22,49,39,25,12,33,59,29
1568,40,69,38,15,45,26,2,9,14,49,22,54,28,36,57,72,6,1,56,12,39,21,31,29,33,58,42,70,41,47,30,60,24,3,44,66,67,10,19,53,25,34,46,59,8,55,23
1569,39,34,55,21,2,49,26,58,42,15,24,11,56,17,25,33,59,66,45,18,68,23,1,65,20,47,5,29,37,14,8,61,72,36,40,32,30,38,71,67,13,54,31,35,41,60,46
1570,16,46,65,2,56,66,27,63,33,67,7,38,41,20,25,29,60,69,5,11,13,15,34,61,52,49,37,50,48,40,68,36,55,1,9,3,62,44,45,39,14,51,53,64,23,32,30
1571,52,51,23,3,13,4,69,39,59,25,32,14,5,21,24,17,30,22,45,63,58,41,71,16,67,19,2,62,50,27,12,46,37,29,64,53,15,28,44,20,10,60,1,56,49,35,18
1572,50,3,45,41,1,38,18,47,40,16,28,33,12,19,34,31,6,55,36,44,57,4,62,52,60,27,35,46,17,14,51,26,29,64,72,66,59,67,37,5,2,58,42,25,8,48,30
1573,29,45,8,62,24,46,49,10,4,26,11,5,9,27,13,64,2,44,39,3,38,68,71,41,6,32,34,57,67,40,22,56,23,53,30,1,37,20,25,60,65,55,18,7,51,16,58
1574,19,18,68,13,43,54,58,59,66,2,5,52,51,37,24,72,49,46,35,3,17,22,29,28,67,4,71,1,34,27,7,62,56,15,63,25,61,53,26,30,47,10,8,21,11,12,64
1575,56,34,9,6,43,67,38,20,63,32,45,51,55,58,62,52,69,25,12,39,17,31,35,72,19,47,64,26,22,5,60,14,71,40,61,44,50,11,28,7,49,36,59,70,18,24,42
1576,35,16,58,42,54,72,9,8,1,7,21,28,55,37,30,65,29,20,69,19,53,34,52,64,47,48,38,4,61,68,2,45,71,41,67,39,59,51,27,25,63,66,33,57,15,46,24
1577,39,52,15,66,35,71,62,32,31,40,44,4,45,70,17,18,33,22,58,61,23,5,48,25,9,16,28,34,42,24,64,36,29,14,54,55,1,67,13,20,3,56,6,10,68,50,49
1578,50,3,46,62,33,54,10,17,35,4,34,26,44,22,42,43,32,8,47,15,57,60,40,23,48,5,14,68,7,49,38,25,11,19,56,9,45,55,6,41,64,29,58,65,31,59,39
1579,4,32,36,16,67,59,1,70,47,8,34,64,33,37,62,65,25,23,24,20,18,31,63,52,61,22,46,45,58,30,21,71,14,50,69,9,57,28,72,39,60,35,42,54,5,55,29
1580,3,44,56,37,52,6,64,48,70,58,41,32,55,53,39,8,31,63,29,67,62,71,68,61,46,13,15,26,25,18,69,51,19,20,30,12,45,2,34,28,54,57,38,14,40,42,27
1581,2,32,20,56,36,71,11,70,47,44,51,45,26,24,7,27,31,65,35,6,28,29,55,15,46,69,37,13,48,63,40,22,10,43,14,52,4,33,3,72,38,58,60,67,68,17,50
1582,32,18,5,28,54,58,49,42,41,64,22,29,26,31,52,20,67,27,36,33,2,57,10,48,69,1,16,56,11,13,8,25,70,68,14,19,45,6,38,34,55,9,17,63,23,65,62
1583,27,67,7,11,2,4,39,38,64,40,51,1,30,71,62,26,69,42,43,25,34,53,20,49,70,36,52,32,58,21,3,37,56,16,17,44,33,54,22,50,65,15,24,48,29,59,46
1584,49,5,35,55,54,44,28,53,1,12,51,45,57,22,25,6,16,47,40,10,21,7,68,61,20,62,9,64,33,31,69,13,56,15,4,39,34,43,72,30,59,2,26,27,19,24,36
1585,13,40,6,46,19,31,32,68,54,12,53,29,67,9,4,11,36,35,24,34,1,21,16,69,47,43,30,17,3,7,20,44,41,38,10,63,58,26,18,22,42,45,61,8,25,28,48
1586,44,47,25,41,3,70,14,23,5,61,28,10,57,31,7,19,71,11,40,51,8,9,6,43,42,15,17,66,65,20,62,18,45,49,26,33,59,52,16,34,63,46,24,68,38,27,64
1587,34,26,58,62,7,65,60,10,28,5,27,71,16,57,45,25,47,38,68,54,50,69,2,32,53,61,70,52,46,43,37,30,24,4,3,1,48,55,14,9,39,36,20,8,44,18,42
1588,27,66,56,1,34,71,19,46,62,24,65,8,68,20,30,26,9,45,23,6,42,50,43,67,15,14,39,37,16,12,13,5,47,63,58,69,54,52,25,29,32,48,64,72,51,21,60
1589,53,16,7,31,40,58,15,27,20,3,59,1,32,72,50,9,54,26,11,45,34,33,14,25,61,66,44,67,64,23,19,24,56,5,68,30,55,47,60,71,37,57,41,43,39,69,8
1590,50,21,13,30,33,32,64,48,44,55,71,1,42,23,49,12,16,4,17,69,24,57,52,10,22,46,27,56,6,26,31,67,37,54,7,62,19,53,45,3,5,40,18,47,39,51,38
1591,8,43,67,3,69,17,41,51,13,33,16,11,22,30,5,31,54,4,61,26,36,46,37,47,56,66,45,25,68,10,7,60,52,2,24,40,64,53,58,65,6,20,48,44,55,59,27
1592,20,39,40,5,66,36,50,42,10,23,34,11,63,15,7,24,4,22,6,69,27,54,2,9,70,61,14,26,43,41,46,17,48,1,47,71,8,62,19,65,28,52,18,68,51,30,45
1593,70,10,47,6,52,12,17,27,21,36,37,1,25,53,14,3,5,39,46,56,68,54,4,51,44,8,65,13,26,57,62,11,16,64,45,20,63,38,40,28,42,72,43,19,58,61,48
1594,55,52,36,64,19,39,27,5,35,24,68,8,23,54,31,66,21,15,49,72,53,62,12,16,37,47,11,43,58,45,3,30,65,69,70,38,50,32,33,18,42,2,10,20,57,4,26
1595,66,45,48,67,33,19,40,63,11,30,49,59,2,7,57,55,27,25,42,56,69,35,37,62,29,52,24,21,51,6,17,46,4,15,58,38,50,65,44,12,39,10,8,68,5,70,16
1596,43,57,10,69,6,30,18,54,28,25,5,21,37,4,46,55,62,1,34,45,15,68,39,70,51,49,17,63,14,23,56,58,40,22,61,29,16,71,47,52,13,24,65,20,11,60,33
1597,14,26,53,25,17,46,6,52,35,55,50,10,29,67,62,28,56,60,68,5,45,38,19,48,49,71,4,51,57,54,2,9,70,18,11,24,13,34,32,40,59,69,20,47,41,72,44
1598,26,65,62,51,25,5,31,71,45,58,4,16,23,39,29,8,3,27,48,24,37,14,55,9,32,13,19,35,66,61,12,28,56,40,50,10,34,63,68,38,67,18,41,36,70,42,17
1599,60,16,39,40,22,42,32,58,37,27,34,36,17,23,11,24,45,35,7,26,29,5,59,6,64,46,57,31,70,63,72,51,4,50,19,52,61,62,56,44,3,43,48,38,69,68,49
1600,47,42,3,21,29,43,57,70,11,24,67,52,15,38,17,40,61,18,58,19,33,55,62,51,32,53,46,49,34,5,20,6,28,37,31,7,41,45,30,22,26,36,1,64,35,27,10
1601,23,69,46,19,6,52,48,61,51,36,63,49,53,26,45,57,58,43,22,12,70,28,15,2,50,16,9,13,17,42,37,60,34,66,20,54,44,18,1,65,7,29,71,24,55,56,62
1602,6,68,9,53,32,71,1,24,36,52,41,3,39,15,69,25,22,20,38,43,46,37,28,2,63,40,56,16,14,58,19,64,49,10,18,5,44,57,30,70,51,29,13,23,45,33,7
1603,15,7,60,13,21,42,12,5,4,9,6,38,8,61,67,19,50,62,43,49,29,3,72,20,47,23,27,41,44,69,55,46,48,26,16,17,59,53,10,18,36,11,57,34,45,51,54
1604,71,51,52,9,8,24,39,58,42,56,23,36,31,28,29,37,16,11,46,18,35,59,21,57,12,68,4,7,70,26,43,50,15,54,40,66,30,67,17,72,27,64,61,2,48,69,25
1605,51,61,52,53,20,22,33,39,9,67,31,30,37,56,42,7,58,71,27,38,48,10,24,23,13,17,50,46,5,55,26,66,18,28,70,34,59,63,32,3,64,72,68,54,19,25,16
1606,32,63,60,50,49,51,34,58,44,11,72,68,46,7,41,21,5,31,1,71,17,25,67,43,8,14,16,64,10,24,61,9,35,65,13,48,26,2,56,27,53,66,42,29,23,15,12
1607,46,3,42,36,21,72,26,39,6,29,35,53,51,58,22,47,37,56,68,65,44,52,24,69,28,38,23,50,14,40,41,32,59,63,48,1,33,71,5,64,19,10,62,66,27,31,18
1608,18,44,72,64,3,65,61,66,33,5,10,56,27,52,71,60,17,41,50,53,9,58,29,42,40,35,20,55,48,21,34,8,1,22,4,14,54,26,46,32,51,31,57,45,38,30,15
1609,39,28,67,62,58,21,72,66,48,56,40,25,52,55,44,26,19,14,70,64,65,9,43,34,17,18,8,69,49,51,32,24,23,37,68,41,3,27,1,13,60,7,57,42,38,5,59
1610,61,44,33,45,63,66,46,23,52,22,68,14,57,70,51,49,7,19,2,32,34,58,15,47,42,41,9,8,60,26,28,64,39,20,38,67,54,27,18,56,5,21,55,59,65,3,29
1611,62,71,19,58,56,18,4,52,64,34,57,39,72,43,24,60,28,25,49,15,30,29,61,37,11,17,20,40,1,38,32,65,42,26,22,27,2,70,45,66,12,31,46,3,14,51,33
1612,67,40,53,14,10,47,64,4,45,2,61,36,1,68,15,22,11,39,21,42,65,66,25,24,57,8,46,9,13,62,29,38,6,23,59,41,27,51,20,71,58,17,7,43,28,63,69
1613,50,53,36,10,3,16,67,51,27,44,13,15,41,48,42,39,18,55,63,1,12,31,20,57,59,29,66,35,37,17,72,21,38,5,19,70,40,26,46,49,43,62,56,47,69,14,68
1614,66,56,24,9,57,13,64,63,22,21,27,1,55,50,70,67,45,71,35,44,23,16,20,31,69,8,12,41,37,47,26,60,4,51,10,72,48,52,68,46,65,54,42,62,59,61,34
1615,10,40,42,69,67,41,6,63,58,19,34,36,15,61,68,39,25,24,8,9,35,28,4,33,56,55,54,60,12,71,23,27,66,22,30,49,51,53,38,46,1,11,14,5,65,20,3
1616,16,10,20,15,54,36,17,27,55,42,58,14,66,39,13,50,57,26,18,24,3,62,28,32,49,71,19,4,38,59,61,21,48,69,23,8,46,31,44,64,65,9,70,56,30,51,29
1617,63,35,16,27,42,44,29,68,58,55,51,70,60,28,36,56,47,46,3,8,52,69,1,25,22,32,62,10,64,61,14,53,33,19,72,7,38,30,71,4,45,40,49,20,26,59,39
1618,29,30,57,20,21,61,6,49,31,9,69,60,51,14,64,32,1,2,40,50,38,59,22,54,8,58,23,67,26,48,56,11,52,7,10,15,19,17,68,46,44,39,25,72,3,71,63
1619,26,43,47,72,24,19,33,6,59,52,14,71,70,12,25,66,61,45,10,16,56,63,55,42,58,1,40,46,49,41,37,38,35,8,39,31,5,22,11,36,2,15,20,27,3,65,62
1620,66,65,13,12,29,68,41,6,51,55,24,72,18,1,7,15,36,32,56,33,34,40,35,8,5,2,53,38,25,22,63,26,42,57,20,70,48,45,46,37,21,49,10,31,59,60,54
1621,63,57,42,2,8,17,71,55,25,13,62,27,29,45,68,3,59,69,56,12,19,26,61,34,58,43,10,35,54,5,1,48,18,41,20,15,53,44,30,11,14,21,52,37,24,4,50
1622,49,2,51,17,57,4,41,45,48,34,52,67,12,9,47,22,10,59,24,14,46,44,50,3,61,6,58,60,18,11,36,66,39,63,42,23,71,70,20,68,16,25,33,64,35,53,13
1623,65,15,26,28,71,47,19,9,58,52,39,55,23,69,13,42,59,43,1,34,25,36,29,21,20,14,45,33,27,16,63,12,72,10,48,54,2,37,4,60,44,17,68,31,67,5,66
1624,35,17,6,52,32,50,19,53,41,27,51,64,18,59,57,23,55,70,34,44,25,2,16,40,67,49,7,15,4,20,30,13,11,12,71,68,54,26,43,47,72,29,37,14,10,38,56
1625,30,43,61,19,39,1,67,64,15,42,37,41,7,16,56,2,9,57,53,66,25,17,4,45,60,6,51,27,18,69,47,10,5,46,13,28,29,71,62,31,3,55,32,54,63,44,36
1626,2,8,48,61,49,71,57,70,68,69,17,67,46,7,5,42,66,51,16,18,64,35,54,29,43,24,21,15,34,26,11,6,72,10,40,4,50,1,12,63,60,55,38,19,30,65,37
1627,32,3,61,6,21,29,26,10,37,45,54,34,52,47,24,68,65,40,56,62,55,8,1,53,48,5,66,39,51,42,63,57,25,41,18,72,28,43,36,4,50,7,20,67,2,22,17
1628,10,47,68,7,42,60,33,38,19,16,14,17,51,44,67,66,29,2,22,46,34,35,30,13,62,12,58,59,24,25,50,4,61,64,26,52,45,40,23,3,20,55,6,27,36,32,8
1629,2,53,15,13,26,35,67,72,63,28,31,42,9,16,56,17,40,23,65,55,24,32,70,8,1,52,18,61,36,60,43,64,62,14,7,34,45,37,38,19,69,50,30,57,44,59,6
1630,18,16,37,40,36,62,13,54,68,72,44,23,1,53,7,55,52,10,6,51,29,38,3,50,69,26,58,34,4,35,70,15,49,5,61,57,12,9,41,59,20,46,65,24,42,22,28
1631,17,2,11,24,36,8,33,26,12,41,1,10,7,55,23,52,65,60,61,37,40,48,67,18,70,66,30,27,20,47,51,39,49,6,59,13,42,21,43,25,46,53,28,64,58,5,63
1632,51,38,27,45,22,62,61,55,32,10,17,68,36,41,54,72,39,9,63,59,23,29,25,70,50,46,71,26,60,11,47,64,44,66,65,33,69,28,42,30,15,49,37,3,24,8,1
1633,2,21,29,45,52,22,60,40,37,26,4,62,69,30,64,8,3,25,54,36,20,9,6,55,1,11,15,34,10,43,46,5,18,27,48,14,7,39,28,24,71,16,41,44,72,70,58
1634,59,15,26,41,46,69,1,60,16,31,13,55,43,23,40,66,33,19,18,36,62,11,51,50,70,10,68,6,49,64,24,34,47,35,4,9,3,20,58,7,52,71,38,57,48,29,61
1635,32,1,13,48,9,57,22,4,47,20,15,19,42,8,40,56,12,29,41,44,21,49,59,14,6,61,46,58,70,45,66,5,55,34,35,26,36,25,65,68,18,69,37,30,71,54,63
1636,8,49,72,43,34,1,12,54,65,23,20,18,61,44,21,19,31,16,37,69,66,42,41,39,60,26,46,47,3,9,13,32,14,25,24,27,56,10,30,71,36,15,64,53,35,51,63
1637,60,13,10,41,29,4,59,44,32,28,25,35,15,31,50,16,20,38,48,72,63,34,67,24,65,21,53,54,5,1,6,26,47,23,61,57,62,66,27,12,39,14,55,70,56,42,17
1638,62,39,50,11,44,31,16,34,8,20,43,32,47,28,55,29,18,37,13,24,71,15,23,72,48,30,57,7,1,59,21,58,65,10,17,66,54,64,35,3,38,4,52,61,14,9,45
1639,71,32,40,33,44,61,60,50,56,54,52,36,48,12,66,21,64,49,31,59,38,16,69,24,55,37,7,15,2,23,67,6,43,19,4,53,63,29,45,22,10,1,18,30,14,26,11
1640,28,69,42,53,34,45,15,70,2,23,62,8,5,32,48,33,39,58,19,68,35,9,10,63,17,71,36,25,6,72,16,18,11,40,61,51,47,4,12,54,1,57,14,66,13,49,22
1641,68,71,40,6,70,59,60,50,55,19,51,31,4,12,47,69,65,43,9,13,7,11,46,35,33,34,17,61,28,30,67,23,10,58,25,42,37,57,64,5,26,38,62,14,21,66,41
1642,24,58,40,37,66,62,71,50,5,51,3,22,57,20,39,52,28,16,29,9,55,12,35,6,4,60,14,31,65,13,63,42,8,68,46,69,30,64,48,49,26,56,15,67,59,2,43
1643,8,34,25,39,3,21,50,30,46,72,28,63,49,54,61,9,65,51,40,19,68,2,64,53,47,38,13,66,70,12,5,22,26,56,42,14,29,6,41,23,37,33,32,67,60,69,62
1644,63,31,12,61,35,71,29,65,14,53,48,72,39,37,33,27,52,13,26,57,25,43,69,9,1,32,46,55,18,70,62,44,23,54,17,49,59,5,19,22,15,34,2,47,24,42,56
1645,33,50,71,39,72,10,57,8,21,59,12,16,24,48,3,63,19,18,34,61,65,49,7,20,9,60,37,53,38,47,54,32,64,14,23,29,40,15,70,67,13,2,62,11,42,17,55
1646,35,17,58,46,40,9,33,26,1,15,38,63,30,22,24,25,29,57,37,53,11,68,41,21,19,14,12,51,10,56,6,4,72,60,16,47,31,44,70,71,43,8,61,64,45,23,49
1647,52,35,9,66,6,43,22,24,67,7,4,63,71,53,38,14,10,26,62,60,16,64,65,50,36,1,32,69,44,12,46,19,23,31,57,2,59,17,41,21,27,29,30,11,28,61,49
1648,53,9,18,47,72,38,36,64,62,10,54,5,46,16,48,44,32,28,56,15,49,27,23,35,57,59,55,7,8,2,33,51,63,20,1,11,31,68,42,34,40,24,17,14,58,21,69
1649,21,33,8,71,15,34,13,66,62,57,60,31,41,35,65,1,59,48,40,54,64,6,22,28,50,37,26,58,45,27,11,38,63,9,46,17,36,52,70,18,4,19,39,72,2,42,69
1650,6,9,12,3,52,7,60,66,62,70,26,63,10,41,58,5,46,59,14,16,72,47,64,29,22,42,24,31,28,19,20,55,69,2,38,37,40,23,68,51,11,25,33,54,49,48,53
1651,58,9,17,11,1,56,24,33,53,51,59,42,36,63,31,20,64,8,7,67,45,30,23,46,15,10,61,71,68,62,19,70,57,2,21,34,29,55,43,66,26,40,3,50,35,27,5
1652,17,34,9,12,24,5,70,55,39,61,29,56,15,51,65,25,36,11,28,58,54,69,46,62,18,42,14,1,37,67,16,40,19,57,8,35,6,38,10,31,52,2,45,48,32,59,64
1653,62,11,10,5,34,35,56,64,14,8,32,43,9,59,4,41,23,67,72,16,18,6,63,61,44,66,47,68,24,12,60,40,27,55,53,58,26,29,1,20,37,57,19,38,17,45,71
1654,55,13,12,58,27,10,26,51,40,15,11,20,37,22,67,43,62,16,7,71,72,36,42,14,32,47,61,57,17,31,35,8,3,6,38,45,34,53,2,21,39,63,30,49,23,50,5
1655,5,12,54,34,23,50,14,49,26,31,55,56,8,41,9,46,47,61,13,66,17,42,63,71,33,60,48,43,15,22,40,29,19,57,51,45,39,37,68,67,58,16,35,65,18,38,10
1656,66,69,42,71,63,61,56,34,70,32,35,39,43,17,5,8,44,54,28,72,22,6,13,60,55,18,24,15,31,59,38,23,26,47,14,53,27,33,36,25,10,48,67,11,49,4,45
1657,11,48,23,55,67,61,52,4,51,15,17,28,70,20,62,37,14,68,31,2,7,29,54,32,66,50,25,41,3,19,38,35,64,16,46,49,53,39,65,36,34,63,69,6,21,58,9
1658,25,54,50,31,19,9,3,16,65,6,7,26,48,17,35,59,52,20,69,38,72,15,44,33,8,23,29,4,67,70,60,27,71,58,47,41,57,49,2,55,61,43,14,62,64,45,42
1659,55,40,52,29,10,23,68,28,38,1,35,69,33,59,27,20,11,60,16,26,65,17,57,61,43,42,21,25,53,36,32,72,13,30,34,6,58,4,41,15,51,18,9,50,8,62,46
1660,42,64,50,7,60,6,61,69,37,1,67,59,12,31,17,53,30,10,72,52,35,24,27,28,8,65,56,44,9,47,5,70,40,34,2,54,4,51,46,49,15,22,36,11,29,41,19
1661,38,43,63,11,50,20,52,49,4,34,16,19,69,33,1,71,58,29,72,21,26,8,30,22,35,47,13,6,45,62,68,5,65,55,2,53,39,31,9,15,66,51,60,42,24,28,67
1662,56,52,43,36,69,25,11,26,14,17,63,62,3,22,72,4,34,41,19,67,47,16,61,58,37,32,45,57,65,70,42,50,1,30,55,8,31,21,20,12,15,2,40,53,10,35,7
1663,63,45,27,49,43,58,68,19,69,14,17,48,56,13,25,11,35,64,38,10,53,2,34,33,72,16,23,66,46,47,36,42,7,30,52,54,24,37,32,4,39,51,57,1,71,12,29
1664,7,35,71,60,34,72,42,8,37,40,26,22,13,27,19,31,29,39,28,45,15,12,52,6,68,2,46,53,55,16,3,41,47,30,23,50,43,18,24,36,67,44,64,62,17,66,33
1665,11,1,40,53,61,47,13,56,9,22,46,7,8,42,5,41,10,62,44,55,72,57,66,45,33,38,60,34,12,43,67,26,23,35,14,19,58,70,18,25,63,69,28,52,37,16,20
1666,9,42,69,70,3,40,53,49,22,55,45,13,18,8,4,17,46,72,68,60,2,63,65,61,59,66,58,62,20,39,5,26,34,10,11,51,12,41,7,52,16,50,57,33,44,15,32
1667,65,68,38,11,15,71,24,51,72,58,63,62,7,52,46,18,29,40,67,6,56,48,3,50,2,57,44,45,28,26,60,36,39,47,42,59,5,55,12,69,1,19,54,43,41,23,21
1668,20,22,59,68,48,43,29,2,8,46,66,27,15,36,55,54,33,45,62,17,23,50,57,42,70,35,52,44,7,56,18,63,40,53,9,3,37,49,11,14,1,51,61,12,26,41,38
1669,67,23,30,20,1,24,71,40,12,37,10,55,3,51,31,63,39,46,2,57,44,32,6,68,64,27,58,33,8,15,13,28,60,43,59,19,11,9,38,48,16,54,34,65,70,50,69
1670,60,35,50,72,71,5,18,8,68,54,10,55,22,44,64,45,48,38,62,69,51,67,21,32,58,9,17,65,31,40,70,26,53,16,57,11,27,46,14,12,63,20,13,36,24,37,28
1671,68,72,53,57,24,6,22,46,43,11,58,41,62,5,4,32,29,14,1,34,7,8,67,38,51,71,52,42,69,15,70,36,10,39,60,33,21,59,48,61,26,25,35,28,44,64,47
1672,14,54,67,28,4,11,66,52,13,15,1,37,30,10,44,61,19,31,5,46,29,68,22,55,38,20,59,63,34,71,9,43,39,16,47,53,41,21,56,23,26,24,65,40,45,18,32
1673,39,1,71,38,15,24,17,46,21,70,18,5,59,12,36,56,65,35,14,30,6,40,67,4,45,64,11,49,37,72,62,41,9,16,68,23,20,60,13,50,8,69,27,31,54,10,48
1674,35,59,69,43,71,13,54,22,70,61,7,38,62,66,72,19,26,27,53,28,25,52,40,56,58,47,63,39,30,23,67,12,9,2,50,44,42,31,1,10,3,57,46,49,17,14,6
1675,23,7,22,48,3,30,15,34,58,69,2,62,24,31,61,51,10,19,53,21,33,72,59,14,68,36,8,26,39,32,1,56,55,42,63,50,40,64,43,44,35,20,5,27,38,29,9
1676,20,34,36,9,29,63,6,40,2,28,44,16,53,52,62,1,35,69,7,5,51,18,45,48,14,58,24,54,3,46,17,11,60,26,56,55,15,33,13,43,47,66,64,42,61,19,27
1677,8,29,62,16,5,28,17,66,25,33,54,11,2,36,42,24,20,61,1,14,38,34,4,55,70,48,21,40,15,51,72,71,52,35,65,19,31,45,50,53,9,13,44,59,10,63,27
1678,68,63,65,20,70,16,1,45,66,54,5,36,44,48,19,22,2,72,8,59,41,49,14,55,15,25,28,30,4,18,13,46,9,56,17,24,58,32,29,10,26,33,53,21,52,31,51
1679,23,4,65,63,45,21,19,35,69,17,37,13,20,52,9,68,59,36,72,67,25,49,58,57,47,11,70,32,43,15,48,40,38,66,31,22,64,39,42,28,55,3,29,27,30,41,62
1680,1,66,8,28,37,60,41,42,18,5,16,62,34,25,39,64,26,11,2,22,12,23,31,47,57,72,15,43,53,30,52,68,14,44,58,54,24,13,9,46,21,67,19,55,6,56,61
1681,10,69,18,46,45,13,61,47,2,31,59,49,56,51,11,60,1,34,50,62,57,40,53,67,29,8,30,48,38,33,54,6,24,20,5,36,63,4,71,28,52,35,16,25,22,7,65
1682,23,64,11,62,65,72,13,22,41,21,59,51,49,37,32,70,4,26,36,12,63,40,45,7,34,67,15,31,28,18,9,27,24,10,30,55,35,71,19,42,57,44,6,5,54,48,8
1683,37,72,25,53,40,21,61,30,26,41,28,7,57,20,14,39,49,4,42,16,33,15,70,10,71,59,13,24,18,11,27,31,60,1,63,23,52,6,17,29,51,55,54,64,69,8,67
1684,9,35,31,6,5,57,23,24,69,48,42,33,21,20,71,2,53,12,18,13,10,47,43,16,55,59,1,70,27,68,4,40,56,26,63,45,61,29,60,72,39,34,37,64,28,65,25
1685,41,51,44,22,7,25,27,11,70,20,53,35,50,17,23,19,62,1,71,49,66,32,55,69,15,65,42,13,40,18,68,54,45,4,61,48,39,14,5,33,24,60,57,64,30,52,46
1686,43,6,20,58,72,51,32,1,21,18,30,47,49,28,31,53,63,38,46,69,64,60,11,13,17,37,48,54,36,61,71,52,3,57,45,66,56,35,33,59,68,26,10,15,14,62,39
1687,44,23,13,5,33,47,6,22,3,39,55,28,24,52,10,65,11,30,16,2,8,53,4,61,37,50,68,42,54,63,1,41,32,48,43,12,71,60,34,69,26,46,29,62,9,72,15
1688,21,7,65,70,42,51,49,8,30,11,2,60,57,41,15,48,22,4,28,26,32,55,31,6,69,72,34,17,9,54,38,23,40,3,52,50,16,63,10,46,43,71,64,20,39,56,35
1689,51,23,70,52,39,36,3,45,16,12,49,18,41,29,62,24,32,27,68,72,2,4,5,53,56,43,55,37,30,21,54,60,20,69,61,47,9,63,38,64,48,25,6,7,35,66,31
1690,45,17,1,32,63,55,40,22,56,68,16,5,3,61,62,12,42,52,67,39,54,24,2,66,34,14,71,37,23,47,46,43,18,49,29,51,26,27,31,41,10,53,59,64,50,20,21
1691,19,48,56,46,21,3,18,12,14,62,1,2,64,53,20,27,36,13,71,45,34,55,9,72,43,41,52,30,24,54,60,68,37,35,33,40,70,25,66,10,50,29,6,7,63,8,49
1692,31,4,48,30,9,45,52,7,14,36,69,40,2,5,43,37,1,66,6,27,20,21,72,56,42,58,32,39,28,51,3,16,44,62,59,10,11,33,15,46,18,57,61,60,54,53,17
1693,26,40,69,71,46,39,7,3,70,24,4,44,30,27,51,31,35,6,61,12,22,59,63,55,23,1,18,62,25,67,58,13,48,49,8,41,66,11,19,57,64,5,21,42,36,34,47
1694,6,72,39,4,46,33,36,55,43,7,20,66,27,47,40,58,26,1,38,70,25,23,16,11,64,44,60,24,53,48,56,42,61,17,57,30,52,45,14,49,68,9,51,54,8,65,67
1695,15,4,21,22,38,9,19,3,48,5,66,46,1,44,26,49,2,17,8,43,52,37,58,18,29,59,30,35,16,24,56,32,51,31,28,25,7,6,45,72,60,40,68,54,33,63,34
1696,48,57,14,68,31,72,4,18,50,63,29,12,20,3,24,9,33,52,27,23,19,38,61,60,39,47,10,15,37,34,40,53,30,56,55,51,17,13,66,42,32,36,1,21,22,28,54
1697,29,67,21,64,6,46,23,71,40,32,55,44,24,34,50,3,1,72,8,25,53,9,30,65,51,54,36,14,60,56,27,66,20,39,48,62,31,41,18,16,2,49,61,15,68,28,7
1698,31,10,9,45,64,17,32,44,63,40,57,51,15,36,52,4,37,70,28,11,26,58,7,38,30,6,19,22,43,71,8,48,55,2,69,50,47,3,5,72,62,23,35,12,21,29,56
1699,6,51,11,14,22,35,28,3,50,58,24,42,45,64,59,52,13,53,49,68,30,54,37,62,47,29,2,23,5,55,16,21,38,17,48,18,4,44,41,65,61,36,34,67,39,71,60
1700,23,9,11,67,20,63,31,43,36,58,34,14,12,25,70,29,45,18,13,5,32,6,19,7,59,21,64,57,48,53,41,61,10,40,51,28,71,50,17,69,46,24,27,47,30,2,33
1701,49,29,17,30,66,13,24,10,3,25,36,41,15,43,45,28,71,39,60,5,19,12,9,59,1,42,44,65,53,40,26,18,2,55,6,32,14,31,4,52,68,64,48,16,58,46,35
1702,69,33,32,18,50,59,6,30,67,64,23,34,5,19,37,14,45,65,10,56,1,29,40,11,63,17,35,36,55,68,12,31,52,8,41,53,57,21,62,60,38,44,15,3,42,72,13
1703,33,43,19,50,45,38,6,1,13,10,22,51,24,5,40,9,4,59,8,67,21,31,14,11,63,49,2,12,65,46,37,61,32,72,42,39,18,23,15,35,3,55,36,17,7,58,28
1704,37,51,11,16,41,48,20,29,36,38,8,49,35,67,69,7,18,9,15,47,6,62,4,33,72,64,17,19,13,28,57,61,46,56,63,45,32,2,39,21,25,26,40,30,66,31,44
1705,27,24,54,39,65,63,61,45,15,44,70,66,40,31,8,11,48,18,10,17,12,53,50,13,33,42,69,25,43,36,16,55,37,59,20,5,35,46,26,29,68,7,2,51,56,34,21
1706,42,68,69,26,56,18,21,28,20,27,11,48,47,2,63,44,17,3,66,9,70,72,71,4,58,25,34,10,8,15,65,37,64,43,31,54,59,61,55,45,52,16,57,67,60,46,23
1707,5,43,26,52,72,60,55,19,27,9,21,62,36,25,1,15,58,12,14,37,34,47,67,45,68,50,44,6,3,66,33,69,7,63,30,53,48,71,54,2,31,56,17,42,16,10,38
1708,43,46,60,20,27,58,64,35,21,12,57,70,41,17,68,49,30,72,44,22,52,67,42,45,5,38,9,55,19,4,53,48,54,31,56,50,16,69,71,59,10,7,39,37,51,29,18
1709,51,2,12,72,64,60,41,65,27,19,30,59,7,67,31,47,23,18,44,58,66,10,45,54,22,61,53,56,39,25,48,37,1,33,43,14,6,52,32,49,21,35,4,29,68,70,42
1710,39,38,25,45,64,58,47,1,13,21,14,56,66,37,10,30,32,69,63,57,34,27,51,36,18,44,6,29,9,70,7,35,62,20,65,67,50,5,40,42,16,53,17,49,52,23,61
1711,72,25,58,10,53,67,33,42,2,63,64,30,43,65,51,46,23,4,17,26,24,49,15,47,12,38,31,13,8,20,3,19,54,52,5,16,6,29,9,71,27,28,66,57,37,61,22
1712,16,24,15,39,59,49,66,62,56,1,40,69,6,35,32,4,33,29,21,25,51,52,27,17,23,10,8,3,47,67,7,65,12,41,36,20,71,14,13,31,57,64,60,53,61,46,9
1713,33,59,15,61,34,63,39,71,35,30,4,38,23,48,24,12,29,22,2,56,50,69,32,27,65,6,31,53,37,57,8,20,9,72,7,45,51,5,49,41,1,14,13,18,70,58,3
1714,34,40,49,60,28,48,57,13,20,44,7,25,56,35,27,64,22,41,8,72,39,42,33,18,54,45,46,51,23,59,52,4,14,6,55,9,58,71,43,61,62,3,11,53,67,1,65
1715,44,54,41,22,49,39,36,64,29,4,10,51,11,37,23,66,25,69,16,61,17,52,48,19,56,31,68,34,6,33,47,55,5,18,15,1,7,35,60,71,72,45,58,2,70,20,30
1716,16,57,24,21,42,5,37,10,45,31,60,44,68,25,3,50,14,59,36,12,39,17,18,51,35,61,29,30,27,2,58,69,72,1,47,48,41,9,67,49,8,62,38,55,56,23,20
1717,35,39,17,37,46,33,10,5,67,28,56,4,2,22,42,29,52,63,45,53,38,21,6,25,27,48,68,50,13,54,19,9,14,16,71,1,26,72,24,61,34,3,51,12,11,49,40
1718,11,13,7,29,30,2,51,8,24,23,9,47,66,62,53,1,22,42,60,33,52,70,39,45,10,68,46,56,44,14,59,57,37,18,61,49,65,63,48,5,3,4,6,54,19,35,43
1719,23,42,8,20,32,67,18,12,7,63,36,70,55,25,35,43,15,14,50,61,4,48,59,68,58,28,27,45,13,65,53,54,16,24,6,3,2,11,64,60,10,69,62,52,19,34,30
1720,24,4,21,11,55,12,35,34,38,64,48,16,3,14,61,68,22,23,50,5,15,58,25,72,7,53,13,37,67,8,36,42,47,70,19,30,65,69,2,45,59,46,17,20,33,60,49
1721,68,45,15,46,58,3,4,47,5,51,67,8,26,20,53,62,34,31,10,22,39,66,30,69,23,21,29,37,27,48,17,57,35,28,42,59,55,19,16,12,7,56,25,6,33,18,9
1722,24,61,28,69,30,33,34,53,65,2,46,38,49,56,71,58,42,15,52,47,18,62,23,60,14,27,8,5,35,50,22,67,66,25,20,1,37,26,55,48,31,72,4,63,39,19,64
1723,66,25,64,13,34,31,47,5,38,51,9,72,55,21,41,7,68,39,16,15,35,22,65,29,28,44,3,4,36,62,2,50,57,17,6,48,40,71,43,53,1,69,54,33,30,8,37
1724,10,41,9,14,66,48,45,54,16,50,23,63,18,19,12,5,20,56,69,49,72,38,30,7,43,31,57,11,22,47,8,46,24,64,13,6,68,67,36,52,25,51,44,15,65,55,39
1725,32,39,12,70,20,55,72,19,59,2,17,43,31,47,65,56,62,34,67,42,5,14,66,18,60,54,1,38,7,45,33,64,41,4,69,37,9,68,51,53,15,61,25,10,3,24,46
1726,48,1,14,59,19,10,58,16,66,30,13,12,23,27,24,2,35,69,8,52,63,4,20,3,15,46,72,67,53,6,9,43,55,25,7,22,21,18,70,54,17,71,61,51,34,68,28
1727,33,61,52,55,43,1,21,66,2,35,30,24,32,42,36,3,72,68,51,17,58,26,38,70,27,63,5,57,37,29,23,47,13,16,4,8,44,65,14,64,54,62,11,15,31,6,34
1728,56,38,70,21,55,6,28,31,67,69,3,10,2,44,19,68,24,41,12,64,61,1,72,27,23,20,52,37,8,57,59,4,15,47,33,30,58,60,43,34,26,22,71,53,35,11,49
1729,60,56,41,16,1,12,15,63,57,8,49,69,65,47,51,22,23,67,33,52,36,20,10,66,59,37,50,6,9,35,40,30,42,39,18,32,21,48,31,38,44,34,72,70,61,2,24
1730,69,20,60,9,26,57,24,41,30,63,8,31,5,53,7,12,44,19,55,17,3,18,4,15,6,47,52,13,68,14,35,72,16,64,67,25,27,34,43,33,54,58,23,45,71,50,39
1731,27,38,31,56,12,48,37,5,14,19,67,29,41,66,55,9,69,50,2,63,64,47,49,1,16,70,23,45,68,65,33,54,36,7,4,26,24,61,30,43,20,59,42,40,3,6,10
1732,65,8,25,63,7,45,61,10,53,34,13,33,22,52,68,55,1,14,50,31,23,48,56,51,39,29,60,19,37,11,20,59,47,54,15,70,44,57,4,21,58,26,42,30,5,49,64
1733,37,19,69,11,56,6,8,25,18,22,2,41,27,72,65,71,51,10,38,31,26,53,46,29,42,9,59,23,47,60,12,16,54,66,70,32,39,50,52,64,17,13,7,14,43,15,67
1734,28,41,23,62,26,36,25,59,35,27,48,33,52,37,65,56,17,64,11,20,61,24,30,43,5,46,32,34,42,60,68,50,58,40,72,44,6,39,16,29,8,31,14,15,55,22,51
1735,13,30,8,55,68,37,28,38,11,16,66,2,25,32,6,17,7,1,48,18,10,36,19,71,31,61,9,33,40,26,47,65,23,51,15,63,35,20,39,54,41,67,5,56,3,42,57
1736,59,32,33,26,62,63,18,16,17,60,1,71,25,57,49,12,38,46,29,56,64,27,10,31,45,41,15,19,5,44,28,37,39,65,55,8,7,14,23,68,51,58,2,40,47,20,13
1737,41,6,8,65,23,14,66,24,45,72,70,26,52,35,9,31,62,54,4,61,18,51,48,46,10,15,29,28,42,30,56,50,13,68,16,12,21,22,7,3,34,67,27,25,57,60,59
1738,22,71,53,7,69,44,55,33,70,30,1,26,29,13,67,39,59,62,25,18,28,65,27,14,57,40,20,49,4,21,3,36,50,31,58,64,60,2,9,45,8,42,61,52,41,56,43
1739,6,16,49,12,1,44,20,70,39,62,63,19,72,69,7,59,27,33,45,43,51,35,32,40,29,48,10,38,26,60,68,67,24,46,37,53,65,15,11,4,22,64,41,25,3,17,54
1740,17,56,9,51,60,6,40,64,72,69,33,10,8,13,49,68,5,50,16,48,44,20,2,62,36,57,34,35,45,21,42,32,14,41,54,63,27,59,3,53,37,31,47,23,19,70,39
1741,38,8,30,46,13,20,26,4,70,60,63,49,44,72,36,50,17,5,33,37,52,67,61,21,56,48,7,3,62,29,11,1,58,34,32,31,22,57,15,47,14,41,54,6,28,68,23
1742,28,8,66,4,70,5,7,14,40,71,21,51,20,61,69,15,3,37,16,36,53,44,34,17,57,72,25,12,33,43,9,45,27,24,68,26,10,30,39,6,56,42,54,23,32,55,29
1743,34,66,10,9,51,3,8,16,31,12,59,48,45,57,53,18,27,23,70,61,2,38,58,65,19,20,55,24,68,29,42,4,39,43,37,40,22,69,36,52,62,44,50,15,17,6,7
1744,9,67,11,32,38,1,13,30,21,40,19,65,45,59,72,24,42,64,70,5,47,49,4,51,29,20,8,48,15,12,54,69,36,44,39,10,41,57,6,22,14,60,27,7,18,31,34
1745,70,39,42,60,27,62,67,21,2,64,55,58,34,59,71,13,24,19,72,8,29,57,41,32,63,14,7,26,20,47,50,15,28,53,52,12,6,1,37,30,33,9,36,5,4,38,25
1746,43,42,48,68,67,58,39,69,3,70,31,17,40,44,27,16,5,6,11,35,52,24,66,13,29,18,4,37,46,59,62,63,7,21,20,55,14,36,56,19,47,26,41,8,49,28,61
1747,17,41,26,34,25,71,61,36,63,72,14,55,65,67,27,4,39,70,5,50,43,32,42,10,38,62,47,13,64,66,48,28,20,1,49,2,60,31,12,16,68,15,21,46,22,7,37
1748,33,44,8,43,11,26,68,46,70,7,67,1,49,45,24,71,28,63,3,36,29,20,61,34,25,19,69,40,48,59,35,62,64,47,21,18,16,65,14,10,32,72,50,2,66,17,56
1749,36,14,5,13,65,44,62,48,35,8,53,67,3,60,17,23,42,7,15,6,4,30,33,39,12,9,21,38,31,70,55,10,63,49,46,72,43,41,69,68,20,66,22,27,50,47,64
1750,9,41,38,19,53,47,20,16,54,18,46,69,55,8,60,48,15,26,50,71,66,70,1,44,57,61,29,6,25,39,3,49,14,37,27,2,17,45,4,24,11,58,31,64,62,72,43
1751,67,34,14,13,10,65,40,20,3,63,31,24,66,32,62,57,22,60,1,46,37,29,71,55,47,30,23,69,19,12,61,8,72,49,4,53,2,18,54,6,44,56,39,52,11,70,27
1752,19,38,47,42,36,32,25,23,51,6,50,21,40,30,37,14,8,18,12,20,71,1,69,62,22,26,52,33,58,17,28,48,41,24,29,45,4,7,67,11,56,13,3,64,60,61,49
1753,23,67,31,30,55,72,46,50,20,15,28,70,71,68,3,7,43,66,9,22,62,38,24,33,13,52,41,2,56,59,69,49,4,40,27,10,19,14,39,36,44,60,21,53,63,8,58
1754,17,58,64,57,20,66,18,37,50,5,32,40,70,41,24,54,69,21,67,68,4,46,27,16,8,45,15,6,55,13,44,25,14,60,19,9,35,65,59,26,11,53,34,22,33,3,72
1755,18,37,16,34,63,44,66,5,41,7,35,31,43,13,67,21,52,25,28,45,70,46,64,68,61,36,69,17,9,8,33,47,29,10,60,53,50,15,38,55,32,26,19,2,72,30,6
1756,55,39,13,18,61,67,44,43,36,56,32,42,59,47,16,35,53,1,9,52,25,28,14,11,31,62,45,8,63,64,27,17,34,69,6,49,72,15,48,51,5,23,50,46,58,38,20
1757,51,59,57,26,70,60,68,15,3,71,17,58,55,38,72,44,54,69,43,5,18,2,67,65,22,64,40,14,42,24,62,46,52,37,41,9,63,30,34,20,7,11,16,23,50,13,21
1758,18,13,32,41,19,3,51,61,29,67,10,25,70,58,35,37,34,71,12,56,36,17,24,55,4,46,16,9,68,62,23,69,28,57,38,5,66,64,43,14,63,7,60,49,22,8,53
1759,6,25,14,11,7,53,24,59,65,22,40,31,49,41,69,55,58,21,50,32,29,34,47,16,12,72,64,18,27,4,39,67,62,42,3,28,37,10,52,43,60,54,68,15,1,36,33
1760,68,13,40,16,19,53,6,49,60,27,55,28,31,65,7,39,47,25,21,11,14,33,37,54,2,64,59,9,46,58,45,8,22,41,29,18,5,43,42,38,69,56,51,72,15,36,67
1761,4,33,68,22,30,67,8,71,72,35,9,3,15,53,17,57,26,66,31,1,21,49,62,46,56,63,55,11,43,47,40,12,28,7,52,20,5,10,2,24,29,44,39,16,65,60,70
1762,57,19,28,25,49,32,18,31,26,5,8,39,43,23,29,4,55,9,11,13,56,22,2,30,60,70,24,20,72,48,53,7,62,51,21,12,42,71,3,27,65,61,45,69,44,10,6
1763,38,59,49,17,10,39,3,53,72,32,35,12,69,48,50,44,24,31,28,6,16,20,51,68,42,36,41,14,64,33,54,5,30,9,60,15,43,37,29,56,25,1,21,34,22,71,2
1764,40,17,44,11,43,66,5,67,30,13,53,72,29,50,69,9,6,37,10,60,27,57,68,12,48,2,45,26,15,22,16,61,8,24,14,1,56,18,33,3,70,25,31,20,47,65,59
1765,55,11,32,40,72,30,19,34,68,18,12,46,41,50,62,7,24,21,58,51,3,22,48,13,4,59,15,28,2,10,64,57,25,23,14,17,60,38,61,67,65,39,69,29,42,63,71
1766,9,52,56,61,24,31,21,13,37,51,67,29,17,16,54,60,38,53,58,72,63,1,27,20,22,6,41,28,49,71,48,19,70,66,33,42,47,12,5,15,7,36,3,45,10,30,46
1767,24,65,23,67,52,68,60,70,8,17,28,5,34,62,38,4,18,49,53,29,26,56,15,20,1,66,64,55,51,39,42,14,36,3,12,45,47,33,31,63,43,35,7,46,37,10,61
1768,44,40,37,33,19,48,52,22,32,14,12,49,54,51,6,17,35,5,62,66,45,3,39,9,8,55,64,30,70,31,53,67,61,43,10,21,50,13,25,11,65,57,72,46,1,23,69
1769,4,63,50,12,24,68,10,36,47,5,71,28,44,52,2,27,37,55,17,3,62,45,30,31,58,11,29,25,22,42,9,54,48,26,7,64,33,39,61,19,32,8,13,6,20,46,70
1770,19,42,34,43,71,58,10,33,13,67,30,55,11,28,53,66,72,49,63,46,21,23,15,26,9,68,39,3,14,52,54,8,61,5,48,4,29,18,25,12,35,69,38,27,41,6,1
1771,16,3,50,66,61,46,51,59,71,10,7,27,52,48,56,41,60,40,2,64,34,12,58,54,33,55,23,29,45,68,24,5,35,13,14,26,63,19,22,42,21,4,39,70,1,20,57
1772,63,64,50,4,21,12,5,60,49,18,36,68,53,58,65,61,1,48,22,56,41,27,8,71,17,6,51,55,59,9,19,33,67,54,16,20,23,15,44,7,30,13,10,47,35,32,46
1773,29,31,56,45,16,47,38,69,39,13,71,27,62,44,6,5,63,10,52,14,66,41,8,26,25,24,34,3,50,72,1,60,22,58,33,28,18,15,53,54,65,59,46,36,19,48,4
1774,52,63,14,62,72,66,65,43,60,54,22,71,34,37,30,4,41,49,50,17,1,55,6,56,23,68,20,36,29,59,10,9,53,13,70,67,8,42,69,35,27,26,11,46,58,15,45
1775,30,17,31,9,42,23,15,5,39,50,69,43,61,55,34,48,12,11,63,64,18,47,53,28,20,71,44,33,21,49,54,29,66,3,32,19,38,1,26,2,72,46,70,56,4,51,27
1776,11,31,61,68,20,21,58,65,23,12,18,34,8,4,9,55,37,60,13,50,57,2,6,44,63,67,59,70,15,16,39,1,45,69,54,35,62,25,72,10,19,56,42,46,49,71,28
1777,13,29,25,3,70,9,72,34,37,46,18,4,51,2,59,67,48,71,1,58,57,63,7,44,43,47,45,11,60,66,19,8,14,65,38,27,16,41,20,69,12,10,52,26,17,24,23
1778,51,3,45,12,10,54,18,17,15,20,26,65,13,24,36,59,63,42,62,58,14,69,48,25,4,2,53,34,16,56,8,22,68,61,7,43,47,46,52,28,19,33,35,37,57,60,31
1779,31,39,64,45,2,41,38,61,71,51,18,67,59,10,29,48,33,21,25,42,36,16,63,50,20,8,6,65,70,53,62,58,30,40,5,35,9,49,47,26,24,17,23,69,72,57,27
1780,48,64,14,8,71,40,38,4,1,30,65,19,27,67,31,24,70,5,17,41,11,37,20,44,66,62,13,59,54,29,61,43,9,68,2,16,45,57,49,23,63,42,46,25,6,69,32
1781,2,12,70,61,9,8,72,64,42,14,5,4,33,60,7,13,17,68,22,1,54,21,66,65,11,53,56,55,40,45,26,47,32,57,24,63,39,28,30,62,20,52,19,58,3,34,44
1782,68,5,32,7,67,24,14,54,52,16,11,26,12,17,31,30,19,46,25,57,66,3,51,49,4,28,55,64,40,6,22,2,23,43,9,47,39,60,36,27,50,70,20,44,8,37,33
1783,15,18,38,72,56,28,68,71,6,46,4,49,42,50,54,30,51,35,67,19,62,63,39,34,13,45,14,61,57,44,70,59,53,37,29,26,48,27,25,52,31,11,60,20,16,47,17
1784,1,22,24,39,50,60,18,28,16,27,54,34,43,70,14,26,72,66,35,17,48,6,71,49,52,58,10,12,44,53,31,45,33,32,46,40,15,11,2,37,9,64,29,42,69,4,67
1785,65,51,6,21,52,61,15,7,11,32,43,55,33,62,27,56,50,45,13,25,14,70,59,49,63,35,67,8,68,2,20,1,58,34,57,29,46,54,36,5,4,66,16,31,38,26,44
1786,58,48,7,25,60,24,35,64,10,20,38,12,63,3,22,30,56,57,15,40,32,53,16,66,36,39,59,67,11,21,49,9,8,4,46,70,13,31,6,17,34,27,1,51,33,5,47
1787,2,35,45,12,28,38,46,33,65,71,14,23,6,30,56,70,37,11,61,51,26,21,68,32,36,69,31,50,57,43,8,15,29,67,18,55,44,52,64,41,3,58,13,54,49,5,34
1788,26,19,14,39,8,38,6,9,42,31,43,56,15,50,63,2,64,4,11,41,47,52,66,35,53,70,40,49,20,28,69,36,62,25,68,33,18,13,58,29,59,55,72,44,21,51,67
1789,55,2,70,26,16,27,71,58,45,38,66,35,52,72,7,36,20,69,63,4,34,3,40,17,30,33,18,65,54,51,37,25,57,13,64,9,22,47,43,48,15,1,10,23,60,62,59
1790,21,31,58,3,6,18,64,62,43,66,16,11,71,57,19,29,33,51,53,38,44,60,63,9,2,56,13,27,72,48,32,17,4,1,50,49,40,70,69,42,35,23,28,15,8,54,5
1791,14,33,27,26,18,36,38,58,17,44,21,10,59,32,29,40,43,28,2,22,56,64,12,71,3,9,45,54,67,63,13,20,46,66,7,65,53,72,42,37,70,5,55,69,39,49,35
1792,42,24,27,16,36,64,30,4,69,11,9,29,18,32,62,71,52,45,38,3,25,47,22,7,6,31,8,1,68,67,61,70,17,15,23,55,26,72,19,41,66,54,34,40,21,58,20
1793,52,16,18,72,2,12,34,42,54,9,27,30,43,40,46,6,5,53,58,69,48,25,62,51,33,67,4,1,21,29,31,8,38,13,55,11,22,60,17,26,35,41,15,37,47,36,49
1794,39,11,51,3,55,31,14,43,57,38,53,19,10,45,25,13,28,52,37,18,7,32,41,1,29,16,65,40,34,62,30,66,63,15,6,50,17,56,48,67,23,2,36,20,60,24,27
1795,35,24,21,14,7,66,20,64,54,23,13,25,11,10,32,49,62,16,33,39,36,19,48,45,27,41,9,59,34,63,71,12,55,47,43,67,46,60,53,4,1,2,40,42,38,65,18
1796,2,43,65,53,7,37,9,51,27,50,10,4,38,16,13,14,39,31,55,35,5,24,19,58,25,3,34,71,64,32,49,60,56,8,23,30,41,33,36,46,69,68,70,12,63,48,21
1797,20,61,24,21,13,45,50,51,48,68,9,28,67,43,65,35,55,33,15,2,4,17,44,31,72,18,7,14,59,49,12,62,47,69,8,70,56,52,41,29,71,53,16,1,60,38,54
1798,39,51,30,19,46,7,36,65,70,52,15,54,38,41,35,3,33,13,40,5,21,64,34,60,63,55,17,53,14,61,59,47,18,43,56,23,12,31,1,68,6,9,48,27,67,72,8
1799,17,18,11,32,23,27,35,8,39,7,26,13,6,31,3,64,53,43,45,12,46,16,38,58,36,28,63,21,67,19,60,48,29,9,59,14,41,52,44,57,15,1,30,72,20,71,37
1800,12,53,15,41,26,19,50,7,47,5,58,20,38,39,4,6,34,10,65,29,59,11,1,35,70,37,8,64,25,31,43,32,44,36,28,33,60,18,57,42,67,62,24,3,61,66,22
1801,39,36,26,37,35,68,51,28,44,43,62,14,66,50,52,24,23,42,59,47,58,55,16,48,57,40,25,4,31,34,10,12,9,33,41,65,3,21,54,67,53,69,46,71,70,15,27
1802,39,15,24,35,30,27,65,52,3,32,10,37,9,59,57,22,7,58,43,72,66,18,29,1,61,46,64,49,54,8,41,55,63,71,16,17,45,23,67,40,33,26,6,42,5,25,44
1803,33,39,24,61,16,72,25,17,48,28,20,64,21,11,38,15,31,13,58,41,51,30,23,32,59,27,49,8,12,42,26,67,9,50,34,29,19,5,71,55,36,57,18,52,65,60,43
1804,44,1,71,46,32,55,66,35,51,38,69,17,5,64,60,37,67,7,36,34,14,39,23,19,29,50,15,43,49,16,12,52,24,45,22,11,63,6,42,31,41,59,47,56,54,21,18
1805,30,20,34,60,54,2,61,38,8,46,42,5,1,24,59,12,72,69,22,70,23,27,65,3,67,43,51,4,25,31,68,56,63,71,21,57,66,18,13,11,19,35,53,50,52,45,15
1806,8,36,5,70,64,28,68,22,51,15,24,26,9,41,60,27,62,54,7,12,13,42,69,1,29,3,2,43,34,53,31,18,6,32,44,55,23,65,52,61,21,46,45,16,33,50,56
1807,25,43,63,5,2,36,58,46,9,1,71,47,52,3,68,53,17,6,28,23,41,13,21,48,34,54,30,24,12,8,42,16,59,44,22,66,72,7,51,18,32,60,14,65,10,20,61
1808,30,28,9,6,8,27,31,72,40,22,4,56,50,52,68,45,33,38,42,7,69,67,36,10,17,29,66,44,19,34,23,62,58,1,16,25,11,5,57,39,61,46,21,43,24,59,60
1809,64,8,54,11,4,50,9,45,30,41,61,67,25,12,47,58,22,46,20,24,44,63,66,72,43,1,65,57,42,7,3,55,26,71,38,28,60,39,31,13,52,18,33,15,19,6,51
1810,62,19,31,55,14,49,15,37,67,56,12,5,72,8,9,45,59,57,20,36,21,54,6,16,23,65,51,53,40,35,26,39,44,68,11,61,2,25,70,28,10,1,48,30,64,71,50
1811,57,68,50,51,35,54,64,16,20,69,5,10,24,62,22,59,61,29,8,4,55,27,71,9,23,53,17,40,49,63,7,21,12,65,11,36,52,43,14,15,72,32,28,37,48,38,44
1812,17,50,68,51,33,22,14,58,20,2,7,29,63,32,52,61,13,12,47,16,10,38,23,45,6,40,21,71,67,60,37,26,46,24,19,70,15,62,31,65,11,9,59,53,35,64,34
1813,30,68,46,25,50,11,61,48,69,12,45,17,9,70,1,37,59,26,22,49,38,36,27,20,71,40,3,52,66,63,19,65,56,39,15,8,16,44,13,42,23,29,5,31,33,58,35
1814,53,32,27,69,29,51,66,43,62,59,9,26,7,1,58,36,67,38,42,2,40,30,22,6,11,65,16,45,68,20,39,70,41,37,25,24,14,47,55,19,21,5,60,23,8,57,28
1815,70,4,44,61,22,60,38,54,58,45,19,8,30,55,62,18,1,16,67,42,34,63,33,5,13,56,7,14,51,10,3,39,27,28,72,6,26,31,40,35,53,2,46,69,66,12,49
1816,63,47,8,25,33,59,54,49,66,1,5,17,43,27,58,69,60,64,53,48,31,36,40,13,19,24,72,45,11,39,42,20,50,71,35,67,46,30,55,38,62,57,7,70,34,3,18
1817,11,35,34,26,1,71,59,60,25,52,62,6,49,64,15,55,67,36,9,12,57,39,29,28,54,21,61,48,45,46,3,33,41,13,23,30,19,44,51,65,22,24,58,43,7,10,38
1818,15,56,27,25,68,69,24,1,29,32,58,59,45,62,26,10,66,40,30,12,39,60,42,54,41,61,35,44,3,33,18,38,9,19,20,7,14,34,4,2,70,48,37,52,8,36,57
1819,52,23,4,7,36,33,63,42,55,32,16,51,44,19,54,26,38,40,29,14,2,53,71,31,64,18,43,39,8,13,5,58,46,50,15,49,45,21,66,6,10,59,62,41,35,68,25
1820,5,36,17,13,58,64,35,46,10,38,43,11,33,23,18,30,32,60,51,50,9,29,14,31,1,16,68,70,3,57,41,26,40,39,61,22,8,12,37,44,59,49,69,19,67,65,2
1821,65,64,59,7,54,37,18,61,31,34,10,51,1,33,11,58,46,57,2,35,48,62,43,70,39,14,9,21,45,22,27,17,16,72,56,63,20,12,29,3,40,38,30,32,25,68,60
1822,64,8,66,19,14,45,60,44,48,54,26,16,3,69,34,55,28,39,35,65,1,52,30,62,17,68,61,22,56,71,20,67,70,63,57,50,23,11,37,47,33,9,31,18,21,41,7
1823,50,43,34,38,39,10,36,15,54,21,62,52,2,33,6,7,25,37,53,23,44,16,31,72,49,68,59,12,18,70,46,67,9,30,5,56,63,3,28,20,55,45,61,1,14,22,41
1824,3,18,35,62,55,53,57,50,11,49,39,38,31,52,4,45,33,40,14,61,69,56,24,13,1,12,44,66,10,71,20,58,19,15,72,28,37,59,5,17,43,63,34,67,22,29,9
1825,24,72,13,53,55,37,36,59,12,16,45,14,40,67,3,11,1,21,50,18,20,25,63,15,17,65,61,54,31,34,33,41,70,35,8,2,42,38,7,4,39,46,28,69,60,6,68
1826,69,7,41,56,44,14,39,32,43,45,58,38,21,27,71,10,67,20,53,50,35,2,42,54,65,19,55,51,34,6,52,36,60,15,22,9,11,37,63,62,25,4,13,40,46,16,64
1827,13,53,42,68,48,63,64,50,32,56,15,24,30,1,29,44,69,11,34,37,45,19,60,22,49,21,58,59,57,20,10,6,65,36,26,5,27,31,47,51,41,25,7,14,43,18,61
1828,20,66,40,70,14,3,9,13,58,46,41,60,5,45,19,71,7,54,56,15,39,11,35,43,29,21,59,55,42,26,32,30,1,6,67,69,18,51,38,63,12,25,52,8,4,28,17
1829,41,20,32,1,15,60,33,7,49,16,23,26,10,42,19,24,48,38,4,25,28,12,37,31,71,21,54,69,43,14,29,70,46,55,18,64,56,44,11,51,52,47,39,35,50,65,5
1830,69,30,70,5,10,27,37,59,63,1,61,55,65,8,64,3,26,49,41,6,39,20,16,36,19,22,50,35,51,13,60,72,52,53,12,57,71,54,56,28,21,9,17,46,68,48,42
1831,31,20,25,1,24,4,6,8,61,51,32,44,43,9,3,11,53,22,45,38,36,37,18,21,72,59,16,67,62,71,10,23,19,52,12,14,39,55,65,2,48,50,64,34,33,57,58
1832,11,16,23,72,56,7,50,42,65,53,9,12,36,2,27,51,61,62,49,1,30,15,45,70,47,44,29,10,67,59,5,38,41,46,71,14,64,28,21,54,8,43,60,22,37,4,33
1833,19,55,57,8,14,21,30,61,5,67,64,48,20,15,43,25,27,54,46,35,10,7,66,33,51,72,9,31,11,50,45,23,39,68,22,26,17,53,13,4,42,12,59,69,44,28,3
1834,9,68,48,38,5,34,52,61,31,12,58,30,60,17,47,33,11,29,55,19,69,51,27,23,14,22,37,20,10,70,6,56,16,18,1,66,41,67,54,71,4,49,8,59,2,53,39
1835,44,35,22,19,69,65,28,16,25,62,36,68,42,18,53,50,32,39,37,10,70,4,12,56,1,54,38,52,20,14,71,24,30,48,2,43,64,58,61,46,8,72,15,47,60,66,57
1836,6,1,64,27,66,50,13,37,10,8,46,26,47,67,11,15,34,20,12,4,28,42,31,51,71,18,69,68,52,70,16,38,41,14,9,29,30,5,59,3,36,65,72,23,61,49,35
1837,3,54,33,5,25,67,47,35,62,19,60,11,38,63,39,17,7,52,29,16,56,23,44,24,31,50,30,4,36,55,6,20,43,28,40,37,48,65,66,49,22,12,41,61,27,8,51
1838,5,20,15,65,19,36,3,67,52,47,34,62,33,44,14,60,58,57,21,32,23,51,39,49,45,37,31,59,41,28,61,26,42,18,53,11,13,69,4,50,2,46,1,54,35,8,56
1839,34,56,58,66,1,70,13,26,32,37,15,43,6,72,3,71,63,27,44,31,62,33,47,40,61,35,57,59,30,2,7,24,16,46,10,42,60,18,54,64,49,53,48,36,22,11,17
1840,40,61,1,51,5,44,46,69,58,14,66,36,41,37,52,25,59,4,10,48,35,31,18,17,72,2,65,19,33,39,70,28,63,6,55,71,50,13,60,47,56,21,38,26,53,49,67
1841,63,53,15,8,27,37,4,11,18,48,31,59,45,10,28,68,39,25,47,41,57,42,62,23,16,67,49,51,1,46,5,7,38,69,36,52,13,22,50,17,19,61,6,32,30,65,44
1842,1,31,50,25,64,27,39,5,14,49,61,22,12,34,36,70,53,45,57,56,26,59,48,66,8,41,11,68,43,52,10,51,44,33,9,24,63,29,28,47,30,19,15,67,42,37,55
1843,72,66,54,42,38,33,41,40,58,24,5,35,68,2,47,39,36,57,26,6,25,45,1,20,23,56,61,30,10,43,55,44,15,9,48,64,17,67,22,28,70,65,13,3,31,62,29
1844,49,19,41,70,22,64,11,65,28,5,69,21,2,9,27,26,47,67,38,39,31,33,59,3,15,48,46,63,24,7,54,30,29,52,53,72,40,42,71,4,43,51,56,18,13,25,35
1845,54,25,15,42,50,3,71,2,43,72,8,48,7,12,34,5,36,61,39,52,23,41,69,53,46,68,37,27,70,19,60,13,45,28,63,1,18,24,55,14,65,64,62,26,66,22,16
1846,67,63,70,10,24,41,23,6,40,71,62,47,57,25,64,69,16,36,19,51,65,66,53,14,72,21,39,44,52,56,43,3,50,34,26,5,7,30,31,13,33,37,42,46,54,11,17
1847,40,54,47,51,43,24,68,6,36,50,10,1,65,49,62,31,32,26,15,7,48,69,8,4,18,3,42,21,63,67,37,41,33,46,70,34,16,28,35,71,13,22,9,25,38,11,30
1848,42,7,28,61,30,24,63,1,27,66,39,52,20,10,56,5,60,46,47,49,3,57,53,19,44,9,21,35,14,25,62,16,43,68,54,31,41,45,23,59,8,15,4,48,51,67,55
1849,63,12,24,35,7,23,27,1,40,60,55,34,44,51,45,31,38,9,46,54,37,6,14,20,33,47,41,72,2,56,30,17,29,25,48,39,10,21,50,61,3,59,11,4,57,67,71
1850,42,15,45,5,29,4,44,7,53,59,66,72,54,24,52,48,34,69,3,41,47,11,63,40,6,43,21,23,17,39,64,37,16,50,51,62,25,22,14,55,32,70,2,49,28,18,35
1851,26,58,32,29,3,8,23,18,72,71,59,55,47,65,48,46,41,42,66,34,40,14,33,13,2,36,22,21,43,49,28,53,25,54,67,44,51,62,57,9,19,39,30,69,6,56,37
1852,46,33,8,65,43,54,40,56,37,47,59,70,67,35,17,62,4,25,27,29,11,30,24,6,61,51,18,38,7,69,42,55,21,2,32,60,20,3,57,12,36,72,26,50,5,66,44
1853,41,15,67,2,4,70,10,61,72,1,40,55,19,7,36,11,63,14,12,47,50,27,28,9,60,22,62,16,49,39,64,59,57,37,45,24,29,58,38,42,51,21,5,17,69,65,32
1854,16,52,32,26,20,22,11,38,50,21,30,69,70,71,35,23,46,58,2,8,56,57,19,54,15,6,31,55,63,10,68,12,14,4,29,33,51,13,43,27,34,39,9,62,7,25,45
1855,31,39,29,5,26,51,20,34,55,61,59,35,66,50,4,9,1,42,7,64,15,23,14,2,36,69,18,10,41,48,43,56,21,37,65,46,8,62,58,40,13,16,54,68,22,47,57
1856,33,19,21,42,23,35,72,40,54,22,25,65,48,5,11,45,60,37,16,59,43,13,10,55,57,17,56,50,28,70,58,32,39,52,34,61,7,4,26,69,24,51,67,71,27,49,46
1857,40,31,13,65,47,61,45,15,10,39,66,22,5,50,20,12,68,30,21,48,2,69,42,17,24,44,71,8,3,63,67,54,64,1,51,59,23,58,70,9,57,41,25,35,6,46,43
1858,49,31,11,20,23,9,36,51,46,37,64,47,38,12,43,40,16,70,48,7,35,44,10,65,5,15,42,18,1,62,14,54,61,55,60,41,34,28,30,66,39,33,19,27,53,22,68
1859,49,48,23,30,20,18,19,64,65,16,70,59,29,61,69,28,6,14,13,10,39,22,1,56,67,3,32,24,50,17,9,47,40,42,41,25,8,60,33,57,38,31,43,5,2,52,12
1860,53,33,70,42,57,23,39,60,56,65,47,8,26,52,41,45,51,66,30,64,44,32,17,13,18,5,61,35,50,67,21,2,59,9,38,1,28,69,15,34,36,12,46,31,10,20,54
1861,33,5,18,44,60,38,17,27,47,52,21,56,16,39,70,63,34,10,30,4,50,55,64,71,51,57,54,13,46,6,25,62,49,59,37,2,28,41,26,31,69,72,35,65,23,15,9
1862,18,14,20,40,66,48,19,45,56,24,11,2,5,31,34,65,9,61,59,28,17,43,55,38,10,47,41,25,15,7,50,62,35,71,12,21,42,60,54,64,4,3,39,37,51,52,23
1863,22,2,20,24,67,35,49,19,12,62,31,44,36,21,54,9,8,70,4,32,28,30,41,48,68,13,38,56,18,14,1,3,66,27,45,64,10,47,53,55,26,46,29,34,63,5,71
1864,44,45,4,63,57,3,37,8,2,21,17,59,16,22,49,52,71,36,6,69,7,67,40,58,33,56,48,54,55,42,38,12,39,20,14,15,46,19,25,13,62,29,1,50,10,66,68
1865,49,69,16,65,17,13,38,56,6,51,12,23,67,44,45,54,18,8,61,41,62,59,63,33,68,10,28,32,48,26,52,5,43,14,19,40,64,31,72,37,57,70,15,27,1,4,53
1866,50,10,46,70,36,57,19,3,7,6,30,38,16,24,67,48,55,21,22,9,31,49,58,32,44,12,4,34,15,54,1,53,28,5,14,63,52,56,60,45,69,8,66,65,25,41,2
1867,19,3,66,22,51,32,55,38,6,69,41,37,61,49,44,2,58,17,15,52,47,12,60,34,40,54,13,57,72,43,35,29,7,23,26,31,16,50,27,67,70,18,65,8,36,10,59
1868,20,50,10,56,35,48,51,52,40,45,2,68,54,31,29,23,28,7,43,1,5,55,61,59,3,46,9,32,38,49,12,70,64,13,18,66,14,19,15,72,44,60,24,37,21,41,67
1869,45,4,12,26,27,65,41,23,20,9,49,24,2,37,6,58,50,47,48,68,1,61,28,38,51,43,25,62,29,35,56,16,36,70,14,21,39,53,46,30,55,31,5,54,17,13,72
1870,28,49,25,2,41,67,33,43,56,20,64,72,24,17,12,19,59,48,46,36,37,6,14,13,60,47,10,22,53,58,23,16,7,39,18,3,8,68,63,11,42,65,15,4,61,31,66
1871,71,29,20,66,56,17,18,60,70,21,10,41,72,15,48,28,1,69,7,35,23,65,19,25,33,50,31,43,63,36,32,67,3,8,46,2,16,62,27,22,45,42,13,40,68,14,52
1872,32,8,27,22,70,33,29,16,58,69,43,9,5,54,36,57,61,14,1,49,56,3,21,37,38,53,55,66,65,26,59,28,39,7,45,50,68,42,51,47,10,25,23,20,60,48,15
1873,37,50,3,29,23,52,32,14,70,54,62,44,67,38,28,16,19,47,60,57,42,48,46,56,30,66,64,31,34,26,33,68,21,69,2,11,25,12,63,55,13,35,27,51,71,20,45
1874,18,46,64,49,9,54,40,20,1,28,6,12,41,13,55,10,44,33,23,67,11,58,48,7,16,19,47,24,21,57,8,39,26,3,71,53,50,51,36,29,60,38,25,42,59,72,35
1875,66,68,26,39,32,13,52,8,43,16,60,33,22,10,44,62,61,58,48,40,41,53,3,51,65,71,2,28,20,30,59,67,46,35,23,31,7,50,6,69,4,56,63,70,72,12,37
1876,58,70,72,38,52,31,65,21,51,26,55,8,61,22,27,50,43,7,49,23,71,19,44,69,6,48,45,40,9,18,64,33,63,4,53,3,41,37,57,25,66,13,59,35,2,54,68
1877,53,2,34,49,39,17,8,64,6,47,27,9,42,22,44,16,68,62,29,43,50,21,10,32,1,15,52,28,56,69,51,72,66,23,33,45,20,36,57,12,71,40,35,5,31,11,7
1878,47,32,37,24,58,38,36,34,29,65,10,60,62,27,20,40,55,68,61,7,17,48,56,59,53,52,39,18,19,23,6,13,71,64,35,15,14,26,25,22,51,1,16,57,43,63,21
1879,40,61,30,65,37,50,62,2,10,25,44,17,19,21,36,4,55,70,16,47,53,12,20,66,45,13,33,1,49,38,14,28,72,59,51,68,32,34,56,7,5,11,23,27,67,60,48
1880,15,61,34,25,43,56,33,35,22,29,58,60,66,39,51,69,8,54,16,9,26,57,11,64,6,27,68,17,36,12,70,47,53,14,44,18,32,42,67,46,7,21,52,31,37,10,28
1881,30,58,6,41,61,39,32,29,26,40,53,3,38,12,44,69,59,27,28,57,10,9,16,70,55,36,56,43,8,60,13,49,50,52,72,66,54,4,7,11,14,15,47,18,71,5,37
1882,16,30,65,11,22,17,39,43,51,36,66,49,38,52,9,70,48,7,29,2,34,6,15,62,60,31,55,69,71,32,13,42,67,12,20,54,46,59,10,35,27,25,63,58,37,40,61
1883,64,1,35,32,40,47,54,7,46,18,45,65,6,60,29,41,52,70,39,22,71,44,20,26,56,24,5,15,51,16,2,13,23,59,69,58,37,17,61,42,38,12,19,50,63,34,66
1884,71,35,56,68,55,26,22,50,15,23,9,14,24,21,72,10,42,69,40,34,47,32,54,19,52,36,18,65,1,20,7,53,70,38,58,46,3,17,11,66,12,61,25,16,67,27,2
1885,58,42,41,53,25,20,61,34,51,31,1,38,67,32,64,30,52,55,33,44,16,46,62,11,26,19,29,49,18,8,27,4,17,7,68,13,56,15,5,37,9,6,14,72,43,50,2
1886,6,20,24,26,43,46,21,56,64,60,27,22,63,59,66,9,58,49,13,72,42,35,23,39,33,16,52,19,34,53,15,61,57,28,67,18,1,51,38,55,50,44,7,14,68,11,31
1887,48,59,55,13,31,17,9,38,67,49,51,32,5,42,30,22,28,14,35,34,47,69,61,1,11,52,23,72,3,16,36,2,19,18,70,12,46,15,10,71,7,26,65,45,57,20,64
1888,71,25,36,10,24,60,19,44,43,53,69,40,67,49,35,57,20,37,68,48,17,58,11,72,14,29,21,54,64,39,33,51,18,62,7,46,65,5,47,2,70,13,30,34,12,45,59
1889,50,43,54,1,22,32,39,58,72,33,25,23,68,62,21,4,7,19,26,10,38,27,13,70,41,65,45,20,53,15,66,51,30,9,11,69,44,47,63,5,31,35,64,18,42,61,34
1890,54,7,9,34,46,2,21,16,44,33,67,49,19,4,50,68,29,23,1,17,45,56,37,71,59,40,36,55,5,20,31,53,14,61,66,70,26,43,51,58,42,18,35,12,38,3,52
1891,55,2,14,3,50,39,22,29,18,70,59,32,54,21,61,64,47,66,44,7,41,71,56,35,63,5,57,12,65,15,42,38,25,45,11,53,30,10,26,68,4,43,19,1,17,40,46
1892,15,17,22,45,61,41,33,4,29,14,23,68,47,46,51,30,67,54,56,32,21,50,34,11,43,6,59,55,2,60,10,53,63,70,36,24,58,25,5,38,40,69,37,16,39,27,3
1893,29,59,69,70,27,18,12,23,17,71,31,62,54,14,11,6,20,25,43,9,61,42,44,51,39,34,30,53,50,72,37,19,67,4,15,66,41,47,36,40,10,2,49,35,21,32,45
1894,44,58,61,59,25,69,41,3,49,31,23,42,33,70,34,53,46,62,9,37,39,66,29,48,8,14,10,6,57,36,13,50,30,2,60,51,27,22,52,7,12,64,24,65,17,63,47
1895,70,34,44,56,9,33,53,21,26,29,32,16,8,55,50,64,72,22,35,1,2,46,4,38,17,58,57,36,49,63,68,61,41,30,24,48,37,59,45,40,18,13,3,28,12,10,5
1896,14,51,34,52,49,69,24,57,46,50,66,2,60,28,7,59,12,3,5,33,29,53,26,37,42,63,43,10,27,64,17,20,68,44,40,32,38,36,31,6,13,58,39,48,21,8,47
1897,24,67,32,55,25,11,31,66,5,29,2,42,13,54,14,63,41,23,34,15,56,50,8,69,52,27,60,26,51,36,72,71,58,40,30,57,7,65,38,53,18,43,35,21,62,47,9
1898,63,62,6,68,30,3,8,65,69,64,29,66,25,61,4,48,1,22,44,70,21,55,34,50,14,2,42,58,20,12,9,38,28,24,45,72,16,35,40,13,19,18,67,26,10,32,23
1899,45,53,20,7,67,54,44,13,24,48,37,8,5,30,6,2,63,21,9,64,59,32,69,18,12,39,51,3,29,10,31,4,43,66,33,71,58,46,1,42,65,19,26,11,57,70,50
1900,71,41,52,43,34,44,31,27,69,48,72,32,38,23,63,68,61,7,3,13,20,53,24,33,10,25,12,5,11,30,21,50,14,60,51,54,47,8,49,22,40,16,65,55,36,1,35
1901,48,36,31,12,28,33,15,40,4,22,50,3,61,30,24,27,71,26,17,11,7,63,5,69,16,18,34,55,41,9,20,1,44,59,42,66,21,64,70,19,23,14,56,53,67,37,58
1902,51,39,21,18,64,57,63,45,11,28,71,9,24,5,60,15,43,8,20,29,56,26,35,61,55,4,59,33,34,42,58,37,52,70,19,16,65,10,31,40,6,41,25,44,27,62,53
1903,18,26,50,59,41,9,14,49,4,39,54,35,27,33,69,53,31,44,47,1,10,29,72,55,42,67,68,22,17,61,71,45,36,70,21,23,58,19,65,32,52,34,57,13,2,7,28
1904,44,14,49,51,15,35,71,24,17,59,47,69,11,54,27,64,36,10,65,61,4,8,52,19,50,68,38,46,57,58,22,72,67,55,32,5,40,30,18,1,9,56,26,2,63,23,62
1905,38,48,72,18,47,6,26,54,30,39,36,29,15,22,61,64,56,23,9,46,5,7,60,52,11,67,32,17,27,53,2,21,70,49,58,55,13,63,35,59,25,57,28,34,8,3,62
1906,11,35,9,41,58,19,12,28,48,60,36,37,47,56,24,29,33,57,10,62,54,21,63,43,42,3,55,22,39,46,66,51,31,71,14,67,6,17,68,38,50,18,13,4,72,20,61
1907,42,27,43,37,34,21,23,36,45,53,2,48,31,17,22,30,33,57,11,9,65,60,26,20,15,16,44,55,28,69,68,3,14,71,72,50,40,38,61,25,41,24,35,63,18,66,6
1908,14,67,5,36,41,11,38,32,54,29,37,28,50,64,15,12,49,1,33,25,34,71,62,3,26,2,58,21,6,66,69,23,70,22,16,68,65,53,63,20,47,56,55,4,27,7,10
1909,35,12,65,28,62,49,16,42,33,47,67,23,22,7,27,24,4,19,15,58,13,50,5,38,63,3,43,45,64,66,34,52,21,25,29,30,68,20,60,10,46,72,48,40,26,69,54
1910,39,3,15,23,70,4,66,61,37,26,7,45,18,11,40,28,32,33,36,20,49,63,16,1,60,2,14,50,5,65,56,72,25,46,34,42,51,38,67,52,24,10,17,57,43,29,44
1911,12,22,30,55,19,24,37,68,18,60,8,42,32,69,46,70,38,53,40,25,10,58,34,16,71,31,50,49,21,9,7,41,2,52,3,65,27,11,59,17,20,28,67,44,13,47,29
1912,50,29,57,51,7,4,24,13,20,8,15,31,60,40,26,56,1,11,19,43,14,64,48,47,22,18,27,36,30,42,10,52,61,16,32,53,58,25,55,65,38,62,35,17,54,66,44
1913,45,2,70,23,51,67,24,43,54,13,72,25,68,4,55,42,30,33,3,27,15,36,5,44,52,31,7,50,12,21,39,64,56,9,32,63,53,34,60,46,1,17,58,8,14,35,47
1914,3,55,45,22,33,15,18,65,4,68,2,21,1,43,67,16,34,61,66,14,38,57,25,47,23,13,19,20,70,27,11,58,52,54,17,24,51,9,8,72,56,31,10,53,71,59,44
1915,60,37,35,17,61,56,44,25,28,23,13,46,47,70,12,4,33,55,62,51,63,20,21,3,54,67,58,49,27,15,18,52,6,48,42,66,50,5,39,8,11,2,14,29,19,57,9
1916,32,22,49,54,58,10,66,19,13,12,63,68,24,21,42,59,38,48,16,44,6,11,35,31,53,61,64,5,29,46,36,8,3,2,9,62,15,26,43,60,65,27,51,56,72,41,28
1917,67,5,22,13,36,57,7,49,3,71,31,28,68,37,33,8,27,38,19,61,26,29,35,44,9,63,14,56,24,6,50,52,59,70,20,40,60,2,21,46,55,47,41,48,30,12,18
1918,2,8,59,61,71,37,29,36,24,4,72,33,15,53,10,52,31,57,55,5,44,30,70,68,49,28,13,51,19,39,9,69,21,18,14,27,11,60,32,42,6,25,20,62,48,35,26
1919,18,34,46,39,66,42,17,10,41,28,69,40,58,2,33,35,30,59,38,9,27,25,12,3,63,72,26,36,55,64,51,37,67,1,11,57,44,21,52,54,62,8,31,15,50,22,6
1920,49,37,32,62,2,36,11,42,18,26,5,20,40,19,57,6,60,68,69,24,23,46,25,34,10,47,4,3,51,59,28,52,44,63,12,61,54,21,7,17,72,70,56,55,31,29,8
1921,31,38,62,53,69,58,54,41,5,28,55,57,39,65,1,68,40,42,59,72,52,70,16,18,46,6,14,34,33,13,4,45,11,66,24,29,43,26,35,9,2,22,56,27,61,21,47
1922,43,26,71,42,34,69,51,20,15,36,63,9,27,62,44,39,29,33,60,14,56,1,28,55,72,6,68,31,11,7,5,48,65,10,23,2,24,38,18,35,50,67,70,53,4,61,49
1923,66,3,41,52,32,10,1,36,29,6,48,64,59,65,55,2,13,72,53,57,11,5,43,18,34,17,62,46,22,21,4,24,47,31,9,44,37,23,30,70,69,26,7,45,71,14,20
1924,71,25,10,4,19,60,5,47,13,15,43,28,21,52,18,35,55,68,72,36,58,33,56,57,70,3,20,63,12,61,24,31,9,1,69,62,16,39,54,30,7,38,27,64,6,34,8
1925,42,14,23,36,50,19,22,13,15,32,20,1,30,63,64,40,59,24,37,62,31,57,44,41,6,56,5,9,66,49,47,61,70,71,10,68,27,54,35,4,45,2,65,16,26,69,55
1926,72,9,58,12,27,69,53,32,15,25,67,21,13,30,54,43,6,23,20,71,65,24,68,55,56,18,66,48,60,59,19,10,46,40,11,7,3,8,70,35,17,45,16,39,29,37,5
1927,66,47,49,40,12,53,15,3,59,51,67,45,61,22,36,44,26,16,24,63,21,5,6,58,1,35,56,20,27,50,72,8,42,14,60,34,55,68,54,13,25,41,32,43,28,65,17
1928,50,28,21,64,51,70,67,47,27,5,42,34,45,68,38,61,46,17,25,19,66,6,41,13,49,54,59,65,53,33,26,62,72,9,69,11,15,16,37,40,39,32,4,8,71,14,60
1929,28,2,16,65,54,48,53,50,46,21,3,37,59,29,58,63,7,52,1,49,64,33,8,5,14,22,61,27,4,71,57,68,6,26,56,67,44,24,41,70,25,10,23,34,66,69,18
1930,25,46,71,48,39,50,28,31,19,62,16,70,5,38,53,13,63,9,65,59,17,36,11,2,64,54,56,26,21,58,72,61,15,57,23,67,44,40,47,41,52,20,42,34,32,14,66
1931,66,56,45,58,46,52,57,11,55,14,13,38,64,4,10,42,28,25,48,49,24,50,6,27,7,33,41,19,20,54,2,5,62,15,67,63,36,9,8,23,72,22,18,12,37,61,26
1932,57,30,40,61,70,28,17,13,25,8,68,47,41,64,35,45,49,9,21,60,5,6,39,22,11,52,71,34,43,15,54,12,33,48,72,66,65,27,38,19,18,16,32,46,44,56,31
1933,45,1,62,47,56,36,52,11,30,70,46,27,8,34,19,17,13,23,37,67,53,15,4,51,10,26,41,68,24,32,3,60,22,49,5,16,9,33,59,42,58,2,55,43,50,31,7
1934,24,16,36,29,72,58,4,23,70,1,47,25,17,7,18,44,3,40,61,28,52,49,10,32,37,55,53,56,11,5,34,6,46,51,57,45,60,71,2,33,13,9,35,14,64,59,50
1935,61,47,43,9,70,34,31,51,49,24,37,60,57,19,71,38,5,64,4,67,7,40,15,65,8,36,53,20,28,30,6,58,35,39,21,10,69,45,44,22,23,63,72,16,68,56,26
1936,66,42,15,1,39,33,68,44,31,20,37,5,71,36,2,16,11,35,18,40,57,60,69,70,21,19,22,34,55,26,10,4,61,58,47,59,65,54,7,29,50,38,6,53,3,17,25
1937,33,66,43,28,40,1,41,38,19,59,6,9,13,32,27,31,8,65,3,61,12,2,42,5,18,58,60,72,68,49,67,29,50,20,53,37,35,63,70,22,56,21,45,52,48,55,36
1938,71,39,55,70,61,27,26,3,64,6,38,17,15,45,31,10,19,16,57,1,42,68,43,49,37,58,25,46,9,28,48,22,5,63,44,50,72,53,14,62,30,41,2,12,34,21,51
1939,39,53,18,21,38,57,69,20,50,3,13,2,66,61,43,31,72,10,24,9,40,32,56,63,64,1,8,42,27,12,45,30,70,55,28,17,37,16,25,26,23,44,54,34,7,51,19
1940,24,61,13,9,29,47,51,62,35,18,67,26,34,44,48,22,43,40,33,49,17,54,4,30,53,45,66,19,28,11,31,56,69,70,71,64,50,10,63,38,42,15,32,14,65,39,8
1941,59,52,14,60,24,28,61,43,11,72,51,6,36,27,45,47,69,37,56,68,66,39,21,2,9,55,5,32,46,41,38,3,62,30,54,1,63,42,17,33,13,40,53,18,71,15,35
1942,25,12,7,33,45,1,44,11,72,47,41,50,21,39,70,63,35,6,37,38,15,64,10,62,61,16,30,22,5,51,34,57,9,46,60,18,53,28,52,66,20,8,2,27,71,42,49
1943,19,26,55,28,32,51,56,69,9,4,47,36,6,1,38,18,22,39,33,71,70,17,45,34,63,20,15,68,24,41,50,11,30,67,52,64,60,62,48,66,44,54,49,61,53,43,31
1944,66,11,16,34,56,32,30,31,21,48,7,9,50,42,49,43,52,20,60,41,38,44,39,10,71,37,27,58,25,67,1,55,64,5,62,47,63,29,70,17,68,22,28,33,45,2,23
1945,20,4,66,42,25,13,2,41,58,18,62,10,15,37,39,31,52,1,40,9,3,26,57,24,48,5,64,21,56,7,8,32,54,72,38,28,17,23,70,53,51,50,55,16,19,47,29
1946,51,3,10,66,54,32,11,35,14,1,6,34,49,23,65,67,25,55,37,62,9,2,64,33,39,69,19,36,28,4,45,46,57,43,26,7,40,31,53,12,61,63,17,52,30,58,18
1947,36,40,28,4,50,68,60,57,64,30,2,39,6,48,5,62,33,70,27,34,15,69,24,38,37,10,46,12,19,32,71,54,52,65,61,11,13,47,58,1,35,53,22,67,23,43,42
1948,24,58,45,67,19,7,27,60,70,22,53,14,51,48,39,42,64,6,46,34,56,72,61,49,23,13,26,12,59,71,66,33,11,2,21,8,17,55,65,28,43,32,9,10,62,47,40
1949,47,56,39,60,53,30,21,52,27,62,72,11,19,41,59,50,58,5,54,33,31,8,10,16,18,42,44,24,46,34,17,4,6,22,67,23,57,9,55,43,63,20,45,69,26,7,70
1950,27,23,68,10,20,32,51,31,56,53,35,60,3,55,49,13,62,38,9,42,69,14,11,21,6,58,17,4,2,66,7,30,34,59,39,48,24,1,33,25,37,41,72,45,70,65,57
1951,10,2,20,56,21,48,63,35,8,25,19,4,16,6,18,32,28,67,69,14,45,72,23,64,68,11,38,5,58,51,41,24,17,55,71,33,29,7,26,43,44,57,42,1,54,3,49
1952,31,45,7,37,66,17,56,25,69,60,54,61,39,24,48,72,11,44,62,2,36,68,32,50,29,8,23,40,52,55,9,59,51,63,34,71,14,6,3,16,13,20,35,57,70,53,5
1953,45,11,2,70,56,62,48,63,72,67,71,12,8,49,61,57,39,66,68,54,5,31,33,1,19,36,60,29,53,9,15,50,26,38,52,16,13,51,47,23,40,43,55,35,30,65,22
1954,16,4,64,5,39,49,67,48,7,68,44,46,72,27,37,29,36,18,34,52,24,33,17,59,28,47,42,23,20,30,69,45,21,13,31,53,11,63,2,1,60,8,65,26,15,9,19
1955,50,16,55,46,1,54,4,49,21,47,30,41,37,3,31,35,71,6,45,53,63,32,58,36,27,68,67,38,20,40,23,34,10,70,64,43,28,2,66,44,48,17,65,42,72,9,39
1956,41,34,3,39,68,62,63,33,27,36,37,4,67,32,13,57,44,7,22,69,58,16,40,6,64,29,5,72,25,14,42,66,71,31,30,18,10,54,2,12,60,15,24,47,61,19,35
1957,35,23,46,13,60,4,62,7,32,18,8,63,45,26,19,11,44,65,24,5,39,47,40,37,34,51,38,57,20,36,50,54,52,14,55,12,21,17,56,71,49,67,30,31,3,69,22
1958,43,26,27,22,60,65,61,71,38,33,40,11,28,1,34,41,15,44,39,56,12,2,21,48,46,18,53,37,62,36,7,55,58,17,5,10,30,6,3,8,42,50,25,29,31,70,9
1959,35,67,26,28,53,71,58,59,1,61,31,14,56,40,41,17,57,48,4,55,39,38,24,68,12,45,23,5,70,34,29,52,51,36,9,44,3,64,50,69,47,62,60,72,18,11,8
1960,32,11,61,5,47,43,57,52,59,34,53,48,66,25,67,63,54,69,39,1,17,45,42,49,56,55,30,51,15,18,16,20,22,60,29,14,6,64,50,62,23,2,36,10,13,72,19
1961,57,68,4,2,6,15,65,51,71,9,42,63,22,64,44,41,48,5,28,19,13,54,12,55,40,72,26,59,50,24,18,35,34,58,30,67,31,14,21,52,61,56,45,36,32,29,49
1962,13,36,64,20,17,44,42,69,46,7,3,27,38,47,34,19,72,61,21,57,30,60,25,10,29,48,43,51,63,59,54,66,45,9,5,55,6,35,26,58,50,2,24,15,68,12,1
1963,37,54,57,33,63,38,67,9,35,13,47,20,4,53,11,7,50,2,40,22,18,12,36,31,29,19,52,16,49,17,15,21,66,55,42,69,60,14,48,70,72,56,39,25,3,44,23
1964,4,23,67,24,62,40,61,14,17,21,44,7,35,69,65,8,30,43,10,53,42,25,48,3,28,55,34,18,22,68,56,41,46,63,51,52,15,16,31,38,37,1,66,11,5,57,39
1965,16,21,26,33,2,15,9,39,63,5,11,47,64,69,22,43,20,65,45,53,62,31,40,4,3,13,30,59,7,37,71,42,50,55,36,35,61,58,57,51,41,27,67,70,66,28,48
1966,63,70,56,39,5,68,25,58,13,40,9,18,6,32,66,72,7,50,20,26,10,47,11,1,67,46,22,51,38,33,41,36,49,17,55,31,37,60,24,23,57,16,53,8,27,2,29
1967,18,52,10,45,34,11,14,15,60,35,39,71,4,69,54,62,28,22,6,56,20,19,38,17,5,72,37,55,49,2,67,63,23,16,12,9,41,26,66,47,57,53,59,7,61,40,50
1968,43,23,9,37,39,55,53,60,19,12,15,8,31,49,2,24,30,67,45,22,40,51,56,28,11,44,10,32,16,18,42,70,46,61,52,17,6,48,63,33,72,21,66,1,57,59,68
1969,65,53,31,26,57,3,33,34,12,18,72,23,38,5,44,55,59,14,16,15,58,46,50,43,20,4,17,63,6,29,35,24,9,37,1,67,39,69,66,40,7,30,22,56,48,47,64
1970,52,12,58,61,1,16,27,57,18,46,7,37,8,48,25,59,5,13,54,31,6,62,49,35,30,24,55,39,19,47,68,42,11,63,23,72,64,32,56,15,45,44,71,21,36,33,70
1971,45,44,70,25,43,34,24,4,50,5,65,28,61,13,17,23,51,68,15,6,37,20,72,60,57,52,18,3,32,67,1,36,48,55,53,58,54,42,47,64,41,69,22,49,2,27,14
1972,48,1,23,4,2,70,3,10,7,29,41,25,26,33,42,39,46,34,14,55,67,63,20,58,6,35,5,45,28,68,15,31,61,43,36,19,54,18,13,65,22,37,9,57,40,49,59
1973,53,32,12,64,5,31,21,47,38,3,11,61,17,14,60,58,63,44,55,20,69,16,40,25,1,49,37,62,66,39,56,15,41,29,2,67,30,65,51,46,6,26,22,33,59,42,48
1974,48,30,54,50,8,31,53,46,61,63,21,25,32,41,38,66,3,33,27,10,65,16,42,5,11,2,58,55,18,57,14,36,62,22,24,34,40,20,45,19,59,9,17,7,23,28,52
1975,35,8,55,61,47,11,39,13,72,58,24,44,42,46,30,2,12,37,1,65,63,23,64,9,36,59,45,25,6,21,19,17,62,52,51,40,68,70,41,29,71,33,10,60,43,14,15
1976,34,66,27,54,32,48,6,2,52,63,35,18,53,21,65,10,25,46,49,20,43,23,12,55,47,3,19,17,36,16,26,71,13,31,30,42,14,56,57,7,33,60,69,72,64,61,37
1977,37,12,11,33,52,18,58,39,28,36,60,42,25,10,72,29,5,45,59,27,24,46,62,71,57,15,31,64,3,44,68,61,7,8,66,23,19,63,49,6,32,41,40,26,9,53,47
1978,70,6,8,56,60,7,58,38,13,72,25,14,57,9,47,26,40,21,55,32,69,67,62,36,45,48,4,12,16,61,30,11,50,42,5,2,64,53,49,19,24,71,37,28,39,41,54
1979,19,24,63,54,64,3,11,43,10,62,6,1,2,16,67,27,31,25,48,18,52,13,60,12,32,51,20,21,72,50,38,9,26,45,4,29,70,22,66,61,59,53,35,14,68,34,57
1980,12,59,31,27,71,36,9,55,19,54,3,48,53,44,63,13,20,64,70,42,28,41,24,29,23,18,67,39,30,50,66,65,40,43,11,45,69,8,32,14,22,6,56,4,16,7,5
1981,12,15,60,70,14,57,28,8,32,1,64,56,37,61,55,17,2,22,36,48,21,29,13,20,35,31,19,9,5,6,44,69,58,47,34,72,23,59,51,10,39,65,62,53,26,49,33
1982,18,27,5,16,46,9,44,67,53,34,58,37,63,47,45,8,30,56,72,7,69,10,17,40,15,25,54,24,52,41,66,6,68,55,3,33,4,26,29,20,28,57,21,43,51,36,2
1983,30,60,46,67,21,19,12,3,1,22,6,40,55,42,32,17,13,25,56,9,51,4,24,26,66,28,57,8,5,69,36,38,34,72,65,52,64,10,11,63,39,53,50,48,61,20,68
1984,6,50,24,20,51,15,16,43,7,42,66,1,29,46,10,9,19,59,47,23,64,71,45,52,12,17,21,72,37,34,68,2,62,39,32,27,5,30,61,8,65,60,55,18,4,56,35
1985,29,39,68,53,71,2,69,35,31,38,7,5,34,55,23,51,32,19,56,16,27,46,57,21,6,42,52,65,4,50,26,72,49,37,12,48,62,24,60,47,22,8,66,3,70,17,64
1986,67,40,37,66,50,7,25,68,32,13,48,42,60,28,4,34,26,30,63,6,1,12,41,57,56,8,44,64,70,61,15,3,43,29,45,5,22,35,33,72,55,47,17,49,20,27,52
1987,52,9,53,25,7,47,24,34,65,2,4,38,71,69,67,11,33,10,30,8,59,5,39,17,31,49,45,16,44,46,50,42,36,35,54,27,61,57,60,63,26,62,28,48,51,55,23
1988,34,20,3,27,50,6,32,33,8,2,51,58,52,11,35,37,40,19,48,66,29,72,64,55,22,15,16,43,38,44,7,9,42,68,53,70,13,28,60,65,46,69,25,45,21,56,54
1989,36,65,41,22,48,24,26,39,49,50,35,11,69,34,66,2,7,25,58,15,56,28,47,45,27,32,54,17,63,43,68,38,19,59,29,33,61,21,67,44,51,5,62,52,23,31,40
1990,40,65,30,28,39,64,44,47,71,16,14,38,56,46,15,6,32,54,33,18,1,36,17,62,8,19,42,61,57,63,60,51,11,53,72,21,49,37,43,25,58,7,41,50,34,29,2
1991,48,42,4,28,13,51,3,49,46,29,20,44,23,54,14,27,58,55,24,32,65,25,21,63,60,19,40,6,50,12,64,68,69,47,9,17,59,52,41,67,15,7,33,66,62,71,61
1992,16,52,24,33,6,67,25,39,22,71,34,42,20,56,65,13,5,37,17,35,63,64,41,21,27,46,15,2,48,43,9,40,14,36,3,1,38,51,26,66,31,50,23,29,12,55,19
1993,21,48,51,65,58,56,4,55,5,66,52,43,67,18,15,49,9,28,3,2,37,45,46,42,30,47,54,70,41,34,10,63,19,20,33,61,8,69,62,6,27,24,25,31,14,16,17
1994,1,35,15,54,13,59,65,33,64,39,38,8,11,53,66,16,50,19,3,14,56,24,32,9,42,21,69,45,23,40,70,36,37,46,2,28,63,30,72,57,47,49,6,12,27,48,26
1995,27,65,33,14,49,69,8,43,57,26,67,51,58,6,48,53,24,59,13,2,17,54,30,38,34,70,55,28,71,10,47,19,22,72,42,45,18,35,9,12,56,66,1,23,15,63,20
1996,22,70,45,50,58,17,30,40,49,1,18,52,69,12,9,38,4,59,13,56,35,67,66,41,7,3,42,60,29,65,25,68,16,2,14,26,48,39,51,21,62,28,33,43,55,64,47
1997,13,19,27,47,15,14,51,43,72,54,9,26,12,16,17,66,18,2,53,29,57,32,31,64,60,24,23,65,38,61,36,45,44,63,46,7,33,6,21,55,5,62,22,4,69,49,41
1998,66,38,63,32,47,50,3,28,16,72,46,59,55,70,20,64,67,40,24,5,51,62,48,8,58,14,36,45,61,13,41,23,2,49,18,15,9,4,69,27,71,68,31,42,17,21,37
1999,39,10,19,12,43,32,17,15,49,57,6,1,18,68,9,70,54,64,56,51,45,22,27,21,58,69,7,55,65,42,37,3,34,40,61,2,72,53,46,4,30,59,36,8,35,47,48
2000,2,26,47,43,62,45,40,15,34,17,58,30,10,56,59,25,50,8,72,23,21,69,60,37,27,20,33,3,16,48,54,65,36,18,46,7,22,39,5,31,9,44,68,14,71,53,13
