replicate,all_001,all_002,all_003,all_004,all_005,all_006,all_007,all_008,all_009,all_010,all_011,all_012,all_013,all_014,all_015,all_016,all_017,all_018,all_019,all_020,all_021,all_022,all_023,all_024,all_025,all_026,all_027,all_028,all_029,all_030,aml_001,aml_002,aml_003,aml_004,aml_005,aml_006,aml_007,aml_008,aml_009,aml_010,aml_011,aml_012,aml_013,aml_014,aml_015,aml_016,aml_017
1,53,56,6,38,46,14,2,18,36,60,1,59,37,50,11,17,4,13,8,39,16,42,49,52,20,7,44,12,41,51,33,68,26,64,29,27,66,65,63,31,34,30,67,32,23,22,21
2,55,13,40,48,2,19,17,58,11,45,49,51,56,53,16,8,9,18,42,59,38,10,15,20,5,37,7,36,12,14,26,67,63,62,22,21,23,29,72,71,24,25,65,31,34,28,69
3,1,42,14,45,12,43,16,10,48,40,47,4,36,39,38,5,57,15,59,44,17,60,18,61,8,35,54,7,20,11,65,29,67,22,25,31,69,23,62,26,34,71,32,27,68,70,21
4,5,56,58,49,37,43,59,50,9,55,52,20,36,51,19,12,45,18,46,7,41,4,47,57,17,61,39,54,53,15,66,25,34,27,33,62,65,26,22,71,21,67,68,63,30,28,64
5,48,44,40,7,41,9,8,36,6,57,60,10,51,1,53,17,42,13,54,59,2,15,4,12,5,47,19,20,38,3,24,62,34,33,23,70,71,22,26,68,69,72,67,30,25,31,27
6,2,53,46,56,54,36,49,11,13,61,6,15,42,1,52,9,17,5,41,10,47,44,35,14,39,51,16,40,45,48,28,66,64,67,68,69,63,70,25,31,21,62,33,22,72,24,30
7,40,3,15,53,37,39,1,42,9,14,45,16,35,12,44,36,52,50,41,55,48,43,56,18,8,46,5,61,58,2,29,72,70,71,31,30,26,22,23,32,21,65,64,66,25,34,69
8,6,10,53,19,18,35,37,40,15,43,52,5,36,1,49,13,47,54,61,12,9,48,38,45,44,60,46,58,8,42,31,63,72,68,26,28,27,23,30,21,34,25,62,24,70,29,22
9,11,38,3,7,44,36,46,37,60,12,42,8,54,13,18,10,41,2,9,19,52,55,53,45,49,6,50,48,61,20,22,28,32,66,67,23,24,70,33,34,27,31,26,71,30,64,62
10,56,50,39,4,9,57,53,60,19,58,49,43,16,3,20,14,46,45,1,12,54,42,48,55,11,18,36,2,7,44,71,63,30,68,21,67,27,24,25,72,28,70,33,66,29,62,69
11,20,40,46,53,54,10,11,35,13,61,7,43,17,8,59,38,6,37,56,55,50,14,42,16,60,9,1,4,51,47,28,67,24,29,63,64,30,21,72,65,33,62,69,22,34,71,31
12,40,54,16,45,13,55,3,11,18,15,56,19,52,57,60,8,5,43,44,1,41,17,36,59,42,38,4,2,37,39,72,63,24,66,23,29,25,31,62,69,28,65,30,71,32,33,27
13,2,11,57,5,42,51,7,15,45,14,53,17,10,8,3,20,13,6,56,39,49,55,43,1,12,46,40,41,38,36,25,66,68,64,21,28,22,27,65,63,71,67,29,26,32,31,70
14,18,56,43,39,16,6,11,12,45,20,36,9,3,51,49,17,52,40,44,8,53,13,42,55,48,15,4,58,61,41,33,32,29,70,62,34,27,67,64,31,23,71,69,22,68,24,28
15,59,35,48,53,5,4,2,39,45,8,47,15,52,16,38,50,36,58,57,55,19,7,9,46,51,54,37,60,20,3,65,24,68,28,67,64,63,26,62,23,33,72,69,30,66,32,31
16,48,55,56,35,43,38,54,61,42,46,19,59,9,60,8,50,6,4,41,10,49,12,7,2,13,11,39,5,57,53,23,31,22,29,63,64,33,30,65,34,72,26,68,28,24,62,66
17,13,40,37,49,2,48,36,7,45,57,4,42,10,51,56,12,19,53,8,59,61,55,52,35,5,41,46,18,38,44,29,70,34,32,71,67,31,69,63,72,68,66,64,65,27,28,22
18,35,49,3,60,36,5,2,4,52,11,8,42,61,55,20,45,47,59,40,48,7,53,56,41,18,13,58,43,46,39,66,28,64,31,62,65,34,25,67,70,72,22,33,71,30,23,26
19,12,5,58,47,38,7,19,48,44,15,41,57,10,1,20,52,36,50,60,3,16,18,37,4,17,42,43,56,39,49,64,22,34,63,70,23,21,66,25,31,71,68,30,33,28,67,69
20,41,43,36,48,18,11,44,35,61,42,10,14,3,4,60,39,51,38,57,2,56,7,54,8,47,17,40,55,6,20,29,28,70,68,24,67,62,69,23,30,34,25,31,66,72,22,32
21,41,59,57,52,6,37,60,44,18,40,42,35,13,2,4,45,48,38,58,39,50,7,9,17,19,47,54,5,51,53,27,66,67,33,29,69,64,24,63,71,32,26,70,65,23,68,21
22,17,2,49,55,9,42,45,52,36,13,40,51,6,38,53,19,20,58,1,46,44,7,8,54,4,50,43,14,5,57,25,72,33,69,21,66,67,71,29,27,22,63,26,30,28,34,32
23,57,12,51,2,5,53,37,56,40,39,46,45,17,41,3,49,43,55,58,50,1,59,18,4,52,44,60,19,35,36,64,25,71,28,68,72,26,29,67,66,63,27,30,24,23,33,22
24,40,8,56,55,12,47,6,38,37,44,58,11,20,43,10,2,60,49,36,14,9,42,59,4,7,15,3,5,35,13,68,66,67,33,26,63,31,21,62,69,30,25,64,28,24,23,29
25,56,19,48,12,3,16,43,49,35,8,7,52,54,6,55,61,20,60,10,9,38,17,18,14,13,37,47,46,53,50,66,31,23,22,65,29,68,25,70,32,24,33,21,26,30,34,28
26,46,14,56,45,39,20,8,47,35,12,54,38,40,49,43,52,53,2,13,55,11,57,15,37,6,61,18,41,36,7,26,30,23,33,21,66,34,22,67,65,63,71,69,25,31,70,28
27,59,13,3,58,2,18,36,45,37,5,55,44,17,9,11,42,4,50,35,54,56,52,10,8,61,12,51,53,14,60,70,23,33,29,24,71,65,67,62,30,28,25,64,34,31,68,26
28,2,54,59,16,57,43,52,11,35,36,51,6,58,56,60,45,38,50,53,14,7,41,48,18,46,39,3,12,37,15,32,64,68,25,24,34,66,67,72,31,26,71,22,28,23,30,63
29,43,41,59,60,36,53,17,5,56,51,3,6,16,19,37,8,35,2,13,47,42,52,46,48,12,50,14,44,7,38,63,34,27,69,70,64,24,72,31,26,65,71,66,32,23,22,67
30,38,52,7,51,39,42,1,10,49,11,14,5,37,20,36,53,40,45,60,9,55,47,58,44,50,6,61,59,48,18,32,27,21,70,28,66,64,69,24,30,33,31,72,71,68,67,65
31,8,36,2,44,35,53,58,47,7,20,51,50,61,1,49,38,52,13,60,15,59,46,16,54,41,5,40,17,55,42,30,25,27,71,62,22,26,34,24,28,31,69,66,72,63,64,67
32,40,9,60,5,45,57,48,41,43,39,59,2,13,54,35,15,49,38,12,42,8,7,51,53,61,46,36,47,11,10,67,63,28,21,69,22,24,65,64,25,34,33,70,66,68,32,29
33,18,61,46,50,59,8,49,44,51,3,14,20,42,60,54,40,9,56,35,41,45,55,13,48,4,36,10,52,6,37,64,23,70,71,68,28,33,31,67,32,72,27,25,65,69,66,30
34,38,53,16,49,20,14,11,4,50,7,12,41,18,19,37,51,57,45,8,1,48,52,3,56,6,61,5,17,36,10,31,33,70,72,34,64,27,68,32,67,25,24,66,21,22,69,28
35,38,15,4,8,48,49,19,14,18,36,16,61,50,9,52,2,40,44,59,45,7,1,51,41,56,54,11,6,35,39,69,22,66,26,62,65,27,63,30,33,64,21,70,34,25,32,24
36,11,39,44,59,60,52,15,55,46,54,6,16,4,61,35,7,9,45,53,19,51,12,14,36,2,57,38,56,10,47,31,67,65,26,66,69,72,21,25,30,71,33,22,63,27,28,68
37,44,45,6,37,16,2,14,53,49,47,39,60,15,10,59,40,42,3,48,57,19,58,9,51,12,61,50,18,8,35,62,68,23,28,33,64,29,71,72,34,70,24,32,27,21,66,26
38,47,60,41,4,55,53,43,11,44,12,37,3,46,50,57,1,9,52,13,10,6,39,59,38,56,15,54,58,20,48,25,31,62,22,26,64,63,69,32,34,65,23,27,21,28,71,30
39,49,12,9,47,51,19,50,59,58,40,1,10,5,16,3,2,54,17,18,39,35,61,52,41,42,60,55,15,11,38,69,28,31,24,65,29,34,72,71,66,67,21,30,63,25,68,23
40,11,5,50,45,60,18,41,40,43,61,20,51,15,46,49,7,1,36,38,53,10,16,54,47,13,19,6,59,37,57,62,24,69,72,28,32,66,70,71,22,33,65,30,31,23,26,64
41,5,8,58,52,48,19,18,3,55,53,12,37,38,57,1,61,54,56,16,41,20,47,4,40,39,42,9,46,49,11,33,72,70,30,68,66,65,71,23,34,62,26,63,29,28,27,24
42,17,61,6,46,38,36,18,15,50,16,12,60,45,10,56,48,59,35,20,42,39,19,9,3,7,43,37,14,58,44,72,28,65,30,66,67,29,68,21,27,23,26,64,69,24,33,62
43,51,35,8,48,41,43,45,3,37,57,15,58,12,19,39,52,13,36,10,20,2,55,17,49,60,9,44,54,40,14,65,26,21,24,32,25,69,66,33,28,31,68,63,71,34,30,23
44,12,52,7,3,1,58,11,10,13,49,38,48,53,6,17,5,57,20,15,59,35,51,50,42,14,47,44,54,4,2,64,31,62,34,24,22,32,28,72,25,26,65,66,67,33,69,63
45,50,19,47,38,35,58,37,13,51,17,11,20,57,48,1,61,14,45,7,43,60,56,12,9,8,46,16,49,39,55,23,33,27,63,67,28,69,62,31,34,22,66,72,29,70,71,30
46,16,46,4,18,56,19,55,11,35,6,47,36,52,20,15,49,57,1,12,60,13,54,7,51,37,9,53,38,10,59,68,21,27,31,30,62,26,66,28,71,69,23,24,32,67,34,64
47,3,48,19,11,4,58,56,13,43,37,6,15,17,8,16,12,42,61,14,1,57,39,54,18,9,55,49,36,44,2,72,23,24,62,33,25,68,31,28,64,26,22,70,29,34,69,71
48,60,47,16,2,12,43,39,40,54,11,13,41,14,48,42,19,58,8,36,37,56,45,9,61,18,52,44,3,51,38,29,70,67,28,62,71,24,27,33,34,64,72,68,65,30,63,23
49,12,38,16,7,1,59,52,10,2,53,15,56,14,18,60,9,49,37,40,44,61,13,58,51,3,8,46,54,39,47,70,67,32,22,28,33,66,69,23,27,62,24,29,64,21,72,30
50,48,39,19,18,15,58,7,35,1,51,8,52,55,36,44,42,9,40,2,46,13,43,54,20,59,60,38,12,61,57,30,68,31,33,27,66,67,62,65,29,23,72,22,63,26,28,24
51,53,19,45,42,3,16,52,11,8,55,4,10,54,48,39,2,14,12,9,13,36,17,59,40,46,60,18,15,1,56,26,24,67,32,71,28,64,63,31,68,72,34,22,65,29,21,66
52,40,5,9,35,3,49,46,45,2,57,11,50,19,20,38,58,43,51,10,53,55,56,17,37,8,42,44,54,36,13,33,27,68,67,24,70,26,34,22,29,30,25,66,71,65,32,69
53,18,39,7,48,12,54,59,45,5,43,4,60,37,50,58,20,13,41,35,40,16,38,61,3,44,9,19,57,14,42,31,70,32,63,71,30,69,29,28,21,23,34,65,22,67,68,25
54,12,51,41,46,43,14,18,38,61,13,42,6,19,57,4,9,48,11,44,7,36,40,55,53,39,3,47,49,16,10,27,69,21,63,25,31,32,22,30,33,29,71,28,24,72,26,34
55,4,20,53,57,43,3,47,55,51,59,16,8,2,44,50,14,7,37,36,61,49,54,13,45,60,15,52,42,11,6,65,68,32,33,69,64,30,25,63,72,67,71,62,27,28,23,66
56,54,45,19,11,52,10,36,37,9,2,47,18,12,8,60,50,51,39,15,40,58,61,14,56,53,44,38,42,5,13,28,63,24,70,71,65,66,27,69,25,31,21,33,67,62,72,34
57,20,57,61,58,12,11,42,15,17,59,35,9,53,6,38,51,50,3,56,40,48,41,36,1,43,16,13,47,7,5,32,72,29,30,25,23,24,68,28,26,34,33,67,66,64,21,22
58,39,11,41,7,16,8,59,48,2,14,52,57,4,18,61,51,3,13,40,36,58,38,43,37,53,50,45,20,46,54,63,25,33,65,72,64,32,69,62,71,21,68,67,70,28,27,26
59,57,5,60,16,1,41,55,36,50,11,4,42,14,54,51,43,15,8,38,20,39,17,6,56,10,53,2,12,48,19,71,30,70,67,26,69,24,27,29,22,66,65,34,31,28,68,21
60,54,6,19,3,17,48,52,10,57,36,4,45,49,1,14,39,56,47,2,13,41,50,12,7,9,15,51,44,8,43,24,67,62,27,30,21,29,22,34,32,65,66,23,72,25,70,33
61,1,7,35,19,56,49,39,15,5,14,59,17,16,4,47,58,13,53,41,6,9,45,20,43,18,52,3,42,40,36,29,72,31,26,68,23,64,24,62,28,65,66,67,30,27,71,34
62,6,55,7,19,3,11,37,14,36,41,35,47,58,2,56,43,8,45,38,4,16,20,46,49,59,13,54,51,60,1,33,27,23,31,34,21,22,68,28,25,63,29,72,64,69,30,62
63,45,5,50,12,55,1,53,36,18,61,8,9,39,51,58,2,38,20,59,41,43,48,46,37,13,19,42,52,16,40,63,34,29,66,64,72,26,21,23,67,70,30,69,25,31,71,65
64,41,18,52,5,47,55,48,8,45,43,6,11,57,12,49,15,50,59,4,60,40,56,42,20,16,7,44,58,10,1,23,32,27,24,70,21,67,64,28,72,34,68,33,69,63,25,26
65,53,41,61,14,1,12,51,42,5,8,55,3,45,50,6,11,9,36,57,35,7,38,13,60,44,49,40,20,54,46,23,65,24,26,71,34,22,70,31,27,72,69,67,21,29,33,25
66,6,8,55,11,3,7,53,59,35,39,18,60,13,17,51,42,40,47,37,1,4,38,50,36,10,15,43,58,61,54,33,62,72,25,71,64,32,31,27,69,65,70,24,66,22,68,63
67,58,19,39,10,41,20,47,50,44,54,42,60,12,61,35,57,59,43,5,37,56,2,11,6,9,18,15,38,16,53,69,65,30,71,32,33,67,22,66,25,24,31,21,23,34,27,64
68,35,10,20,49,14,19,7,5,2,54,1,12,13,18,59,46,44,39,40,43,58,57,60,16,51,42,9,53,11,55,67,63,28,31,29,64,32,34,69,23,68,21,25,24,33,26,30
69,4,8,16,45,61,17,49,52,53,42,12,39,7,57,55,11,3,35,47,41,50,38,37,58,46,59,60,18,15,19,68,70,28,26,25,21,22,72,64,29,71,34,66,63,27,31,69
70,7,52,55,40,18,16,59,61,58,49,43,4,5,39,14,41,56,2,19,37,35,38,1,48,12,11,60,46,47,8,67,31,71,25,27,24,65,66,68,62,30,69,63,32,70,72,64
71,54,58,48,51,11,1,55,15,19,45,14,4,35,46,13,42,61,56,40,60,49,16,53,57,8,17,38,2,50,12,72,69,28,31,27,63,22,66,21,65,33,25,68,71,64,29,30
72,10,56,38,53,45,43,20,7,61,47,60,6,46,54,12,13,36,8,55,2,49,42,11,15,3,58,16,1,37,52,70,69,32,31,30,22,25,24,27,63,66,62,34,23,26,71,29
73,45,13,17,48,14,40,58,56,61,50,18,41,49,5,60,19,2,3,57,36,4,51,9,15,7,35,47,6,55,42,23,34,68,66,63,27,29,70,62,67,69,24,21,72,25,22,30
74,2,4,7,12,46,45,41,56,20,6,59,57,1,60,40,10,15,36,55,9,53,16,5,13,19,44,35,47,49,39,33,26,23,62,31,67,34,68,29,32,27,71,30,65,66,69,25
75,12,5,58,10,60,52,35,54,2,43,9,48,53,38,13,4,50,19,51,18,46,45,44,36,15,40,16,55,7,39,32,63,22,71,24,67,72,25,29,27,64,62,70,69,34,68,28
76,8,51,47,19,57,60,58,38,45,4,52,9,56,35,54,59,3,17,46,13,5,20,55,49,48,1,15,18,36,43,70,31,34,63,32,68,30,23,69,21,71,26,25,33,28,67,27
77,19,51,44,49,55,57,37,41,60,2,61,43,1,20,50,12,39,7,8,15,35,53,52,58,11,38,18,54,59,56,32,22,71,34,63,29,21,62,67,72,27,66,65,69,68,24,23
78,16,6,8,51,1,58,18,12,38,49,2,61,42,46,41,14,52,37,48,7,57,35,60,53,50,10,47,40,3,56,63,26,29,30,69,64,28,34,62,71,33,24,32,23,25,31,27
79,47,17,6,38,53,39,11,7,52,4,55,57,46,10,37,54,35,40,15,20,2,49,5,8,45,61,12,13,18,51,65,22,21,70,31,68,34,29,66,25,23,28,63,72,62,32,64
80,40,60,16,53,35,37,51,44,38,8,10,52,15,47,5,9,2,13,3,20,39,57,56,43,59,55,61,42,50,36,66,21,22,71,32,30,67,28,63,25,27,29,64,24,72,31,33
81,12,14,56,2,13,51,3,10,16,35,53,60,40,17,6,7,54,43,57,8,55,39,15,19,48,9,1,50,52,46,23,25,68,30,21,34,32,28,64,27,62,67,33,24,69,66,22
82,46,9,48,43,13,8,61,10,11,4,36,52,20,50,54,41,42,51,5,3,47,16,40,55,49,38,7,59,19,35,33,23,69,32,65,72,67,24,68,28,31,63,70,62,30,21,29
83,43,53,19,41,5,42,3,18,40,54,49,7,8,55,13,1,46,56,37,59,44,35,57,12,16,51,52,15,60,38,33,21,65,32,67,23,27,69,71,63,24,66,70,26,72,34,28
84,7,6,48,52,41,1,49,14,12,54,13,20,58,2,42,59,37,3,4,35,40,60,44,36,50,53,61,18,55,39,63,68,34,21,28,32,27,71,70,62,66,30,23,24,33,29,25
85,51,1,17,36,49,10,7,18,8,53,54,37,50,47,35,55,60,39,38,2,44,16,4,13,56,20,14,48,61,59,23,67,27,28,68,26,24,70,63,31,29,71,32,66,62,69,30
86,17,1,53,44,5,47,50,39,45,36,16,37,15,56,40,6,14,59,57,55,58,46,60,54,43,3,4,49,18,20,64,33,70,66,23,26,69,22,72,34,71,63,21,25,67,29,31
87,10,55,49,15,35,2,7,51,56,14,3,60,42,20,48,13,37,57,47,59,46,43,6,4,11,5,38,61,19,8,25,23,32,64,30,68,62,28,63,70,26,22,65,31,24,29,27
88,12,5,39,20,6,45,50,53,37,48,55,42,46,47,60,14,13,57,3,36,9,2,15,49,56,16,10,41,52,1,30,63,23,69,31,71,29,28,66,24,68,64,33,21,72,22,65
89,38,44,35,47,8,5,59,46,43,15,49,37,36,14,61,55,19,58,7,51,56,42,12,41,50,17,60,45,18,20,68,29,27,72,32,65,71,24,62,69,26,28,70,63,67,30,34
90,20,6,1,51,41,52,36,11,3,14,42,53,9,37,7,45,43,16,46,58,35,39,48,10,57,55,17,15,59,38,71,65,64,66,62,63,32,26,68,28,31,23,67,22,27,34,70
91,5,35,48,44,16,46,15,38,9,6,36,50,57,19,20,10,49,18,60,52,43,51,47,7,14,8,53,13,42,39,30,21,32,29,65,25,71,67,28,72,66,31,24,63,22,26,64
92,35,39,1,59,5,7,9,37,2,20,54,61,55,44,15,14,43,60,18,53,38,50,52,58,8,42,47,17,10,51,21,33,64,68,70,30,67,28,69,72,63,29,24,32,22,34,31
93,20,9,55,57,17,42,36,40,52,58,11,16,7,13,61,35,18,4,44,54,8,51,15,46,43,60,56,59,3,39,30,65,71,23,33,28,64,26,69,32,21,34,62,29,72,67,31
94,50,52,43,14,17,47,16,56,4,60,54,55,38,45,53,37,20,15,35,48,1,61,11,3,8,51,13,6,9,40,63,31,26,24,27,22,28,29,67,21,66,33,70,62,30,34,64
95,17,3,14,58,4,15,36,56,35,41,5,37,51,18,7,6,2,1,19,8,10,45,20,13,47,12,54,52,40,42,26,71,70,64,24,66,21,22,68,63,23,65,69,62,30,33,25
96,1,35,55,2,50,44,57,43,45,46,9,41,39,19,38,42,52,37,10,60,8,49,53,14,47,4,48,58,16,51,66,62,30,71,22,70,21,68,72,34,27,24,29,26,67,25,69
97,50,48,20,56,14,19,42,53,60,36,3,61,2,11,15,17,35,49,10,44,46,7,58,5,18,16,37,39,12,38,67,31,25,21,28,69,62,63,72,65,29,64,23,68,26,33,32
98,49,52,6,18,41,17,40,47,51,12,16,8,60,5,11,59,56,9,2,57,7,14,20,1,19,48,55,4,42,46,25,28,27,23,64,68,66,33,32,30,65,21,70,24,26,63,34
99,12,36,2,55,43,46,57,9,10,49,56,17,15,52,20,48,53,7,40,35,1,42,4,60,18,44,41,58,6,61,23,27,71,62,34,31,64,68,30,66,67,70,65,72,32,21,22
100,52,13,16,9,39,50,2,11,44,53,3,48,7,20,40,18,43,5,38,49,51,36,35,47,4,15,14,56,45,8,65,68,67,22,62,25,63,30,26,27,32,29,69,24,34,72,28
101,3,2,12,8,39,7,10,44,4,5,56,50,11,35,19,43,18,15,59,57,60,52,47,20,46,38,13,37,48,16,66,64,67,33,29,70,23,22,26,21,28,62,32,72,34,71,27
102,59,43,52,12,2,15,53,54,1,55,42,19,37,36,51,7,5,40,46,58,38,50,3,44,6,18,13,20,4,16,25,64,23,69,65,72,71,68,63,30,21,22,26,67,27,28,66
103,39,42,11,45,43,58,60,10,7,16,40,6,52,19,18,15,41,20,53,54,55,36,37,35,49,51,1,50,8,38,22,24,25,23,27,64,31,68,33,34,70,26,72,65,71,32,67
104,3,56,35,45,8,17,6,54,18,49,5,48,47,39,43,9,19,15,60,20,2,61,40,14,13,11,42,46,7,44,62,69,33,27,26,22,28,65,64,63,71,66,32,34,72,67,30
105,42,53,15,18,12,57,37,10,1,20,40,14,46,41,13,51,50,44,7,60,11,54,2,8,3,49,56,36,5,16,25,21,68,31,34,71,69,24,32,66,65,27,26,29,23,30,70
106,12,1,56,40,9,50,41,45,14,10,42,37,58,46,15,3,39,43,6,17,57,35,51,11,55,8,18,2,7,19,26,69,24,27,28,71,22,68,25,62,29,34,33,23,30,67,70
107,41,5,59,9,37,4,39,2,17,57,40,35,7,48,54,46,38,58,12,61,60,45,44,10,36,55,3,19,8,15,24,22,65,21,71,63,68,32,31,67,25,69,62,27,29,33,72
108,6,47,52,45,39,38,50,49,11,14,3,15,13,44,9,35,5,20,58,17,57,8,54,36,7,55,59,19,56,51,70,30,23,34,26,64,66,67,21,29,62,31,72,22,71,27,65
109,2,61,40,39,45,46,3,19,7,4,6,14,49,36,20,59,54,18,13,12,1,55,37,10,60,43,57,17,9,58,64,67,62,28,33,21,31,23,32,22,69,34,24,30,72,26,27
110,46,13,52,5,9,50,41,20,15,38,58,48,3,54,18,57,40,61,60,55,56,42,39,11,6,49,2,4,45,35,72,30,65,70,66,25,64,62,29,21,24,69,28,32,63,33,23
111,44,16,9,12,37,15,39,45,10,7,2,53,60,19,58,49,20,6,61,40,43,35,47,17,41,42,46,3,8,48,22,69,68,62,21,23,27,67,63,28,65,34,31,64,32,25,30
112,4,43,2,49,5,59,35,58,60,52,14,36,56,48,39,15,6,40,11,8,46,3,38,13,18,45,55,20,7,54,63,72,70,34,69,67,32,24,23,31,21,66,33,26,68,30,22
113,54,56,61,38,50,6,5,9,4,20,12,42,11,14,60,53,1,58,52,10,13,44,43,17,37,35,51,3,8,39,22,31,66,64,26,62,34,30,33,63,27,72,65,29,70,68,32
114,59,17,58,52,5,13,48,53,42,15,2,20,45,46,57,10,3,51,61,14,56,60,1,11,6,18,37,49,55,54,30,67,64,26,65,63,69,72,31,25,34,21,29,66,24,23,28
115,50,39,57,16,49,11,55,47,35,53,8,54,7,59,46,48,61,6,38,2,20,43,13,44,36,51,41,52,60,37,62,72,67,25,27,22,66,21,64,24,30,29,69,65,31,71,28
116,43,44,20,35,15,3,4,48,5,1,55,46,36,6,60,13,2,56,61,50,7,12,17,9,10,11,57,16,18,54,26,71,21,30,23,69,34,63,33,65,32,28,67,72,22,24,66
117,19,39,57,15,40,2,49,46,41,59,45,8,7,6,42,13,60,9,56,35,58,12,37,3,1,61,11,36,43,14,33,66,24,72,30,25,70,29,32,67,26,22,62,65,31,71,28
118,46,56,38,43,57,58,45,54,17,55,48,35,19,8,16,12,4,44,6,5,53,41,20,7,10,3,39,37,15,13,26,22,69,71,29,25,68,24,31,30,33,27,34,63,67,28,21
119,3,13,17,55,9,54,15,2,16,60,38,57,7,41,4,8,50,39,6,49,19,45,14,35,59,47,58,18,56,46,63,62,34,28,22,26,21,31,32,67,27,64,65,72,29,33,25
120,39,15,10,11,16,12,2,48,19,7,49,47,41,59,43,51,8,44,52,35,61,56,20,4,46,58,53,9,37,3,31,27,62,25,68,69,63,34,66,26,29,24,70,72,30,32,22
121,54,8,40,37,10,3,51,57,42,53,7,47,12,59,48,6,46,56,49,15,55,58,61,4,14,20,38,60,41,9,64,62,33,22,24,23,71,26,30,21,28,32,63,72,34,67,70
122,50,42,11,19,43,41,14,52,17,40,13,2,35,37,15,48,58,7,47,51,53,39,46,57,56,8,49,60,9,16,28,72,62,69,25,68,26,31,34,29,32,22,64,24,21,33,23
123,50,4,57,47,40,43,51,2,56,42,6,20,12,54,9,14,1,61,53,3,49,41,8,36,46,52,60,58,7,45,66,27,23,28,72,25,65,22,31,33,32,71,29,62,26,21,34
124,3,48,35,7,52,55,1,58,16,47,42,56,10,37,57,59,19,60,41,9,49,4,18,2,11,5,44,46,38,6,30,31,32,29,21,70,68,71,23,66,22,28,64,62,33,27,63
125,10,59,55,60,52,14,39,51,47,50,3,16,35,54,61,37,58,2,1,6,43,18,19,41,56,45,11,49,5,40,62,22,33,63,70,23,72,67,66,25,21,32,71,64,31,29,65
126,19,35,46,2,39,18,57,56,13,61,16,17,9,14,55,50,4,38,6,20,12,5,51,1,15,42,10,3,8,37,31,68,65,62,21,34,69,25,66,71,64,23,28,27,72,67,33
127,8,47,57,20,3,48,44,41,10,16,4,18,5,52,54,15,43,45,1,13,35,6,58,59,2,36,53,11,38,37,25,67,70,27,63,64,34,32,31,69,21,71,62,23,30,72,68
128,12,57,45,58,3,35,17,43,52,9,61,5,60,48,38,44,51,56,37,47,6,54,20,4,10,53,7,46,49,39,70,25,34,68,21,24,32,62,69,63,30,22,29,27,67,31,26
129,46,7,36,40,14,11,18,53,51,54,38,10,13,57,39,44,37,49,50,48,3,41,6,15,43,8,2,4,1,17,27,28,22,21,25,33,72,64,68,70,26,34,71,62,23,31,29
130,56,50,13,38,1,41,58,59,53,16,39,48,4,35,45,42,51,46,54,36,43,11,55,17,49,12,10,2,7,14,68,27,72,63,22,23,62,69,65,29,24,66,33,64,26,70,30
131,8,47,12,3,60,58,57,43,55,19,10,44,41,5,35,46,49,53,37,40,48,1,15,2,4,61,13,50,51,42,64,65,63,26,67,71,34,66,30,27,62,21,25,28,33,70,72
132,43,60,15,18,13,20,41,38,6,8,14,4,56,19,35,45,61,1,11,50,55,42,2,12,37,44,40,47,59,48,64,31,62,23,34,30,72,66,22,33,27,67,21,26,69,25,63
133,19,17,57,56,45,2,1,7,47,50,40,3,36,15,13,10,48,35,55,12,61,39,52,20,58,38,46,37,44,4,71,63,68,27,22,67,32,26,23,72,70,21,24,30,29,69,66
134,14,45,58,60,40,11,13,5,54,35,12,8,10,46,48,39,47,52,15,42,4,16,37,9,38,3,57,49,1,17,21,63,72,32,68,25,22,64,34,33,23,30,31,70,27,67,29
135,2,35,37,50,45,13,9,6,5,36,15,18,57,40,59,16,8,53,42,1,11,48,55,4,54,56,39,20,49,12,65,66,23,68,24,26,67,34,25,63,31,27,30,29,69,21,22
136,12,10,42,48,39,20,14,1,17,55,49,2,19,35,15,51,52,58,44,8,41,60,36,3,7,40,50,18,37,57,64,66,33,71,28,63,21,31,25,23,34,27,62,72,32,68,22
137,19,47,56,39,36,7,37,14,3,60,49,55,50,1,51,61,44,43,11,18,46,38,59,57,5,45,4,15,40,58,62,25,68,34,24,30,63,26,23,31,28,71,70,72,67,21,27
138,8,56,5,49,37,10,44,50,42,13,41,6,35,20,1,54,17,46,3,2,9,18,43,12,7,55,58,59,38,45,64,69,29,26,21,67,28,71,62,31,27,66,23,72,33,70,32
139,51,1,45,16,17,54,52,42,9,6,15,53,60,59,5,61,7,38,49,11,39,20,2,4,13,8,44,19,50,36,22,65,71,28,24,67,63,64,27,62,32,33,72,21,68,26,31
140,50,46,49,36,52,56,47,12,18,10,41,2,1,11,58,40,5,3,55,13,43,54,61,7,9,17,35,59,37,39,32,71,69,31,30,72,24,26,29,67,34,25,66,27,63,22,33
141,9,52,50,11,13,38,53,12,57,46,44,10,4,43,20,37,19,2,40,16,1,5,45,8,17,6,51,55,39,56,67,33,26,29,63,71,65,22,25,69,62,66,31,68,72,28,32
142,48,44,49,45,7,18,8,9,61,52,4,16,59,43,6,1,47,58,51,36,40,2,57,19,55,20,3,14,38,53,63,23,69,28,24,70,62,27,30,68,64,26,29,65,33,72,22
143,52,46,40,12,53,47,14,35,59,37,45,4,10,43,38,36,16,50,55,6,49,9,17,8,2,1,54,51,44,61,24,63,28,64,33,30,66,31,65,68,72,71,25,22,27,32,29
144,7,13,11,12,4,39,20,40,54,60,35,61,41,3,47,48,15,55,52,17,2,10,16,56,37,58,19,49,51,6,28,26,62,63,69,70,21,72,34,68,24,65,27,31,22,33,29
145,6,36,49,7,14,56,42,3,5,48,41,52,10,35,53,61,46,55,50,37,2,18,9,58,51,19,13,1,38,47,24,63,21,26,29,72,33,70,25,68,23,28,71,66,65,62,22
146,40,16,60,15,13,10,53,37,45,4,59,5,44,35,46,17,41,19,1,55,54,52,8,12,56,43,51,9,48,39,24,70,21,29,33,22,31,23,34,25,64,72,32,26,65,67,62
147,53,1,48,47,42,59,43,37,51,5,45,7,39,57,54,35,40,10,15,60,13,16,12,55,3,2,44,17,14,50,22,64,29,32,30,65,69,23,34,67,66,26,68,21,25,33,31
148,43,3,35,6,51,58,18,17,2,20,8,19,49,38,59,15,16,50,4,45,52,5,39,46,40,54,61,7,56,9,33,26,64,66,65,68,30,22,71,69,21,27,28,70,24,67,29
149,37,58,19,46,41,60,17,55,3,20,4,2,61,15,48,47,5,53,14,39,42,56,43,50,6,52,16,40,35,7,31,62,21,25,33,22,70,28,32,24,72,23,63,29,67,27,65
150,12,2,13,4,48,60,37,17,20,6,41,61,39,51,3,8,59,19,47,36,42,9,5,40,55,15,44,35,57,58,70,28,65,64,22,72,68,31,27,32,25,66,23,69,67,29,71
151,44,56,59,13,36,7,42,3,17,20,1,47,54,16,48,5,40,57,19,52,37,38,43,39,4,55,11,45,49,10,31,30,34,67,23,33,64,26,72,70,69,63,68,24,66,65,71
152,15,46,1,43,51,53,7,4,8,60,56,14,45,35,39,18,2,20,59,36,42,10,48,9,58,19,52,57,41,5,30,32,70,71,21,27,33,64,24,66,67,63,68,28,34,72,31
153,47,6,2,42,16,3,36,1,13,9,17,61,11,57,56,7,37,44,46,53,58,41,12,19,39,38,5,49,54,60,62,70,27,32,26,69,67,65,22,28,34,33,63,25,23,29,21
154,13,45,15,7,51,52,12,40,39,14,44,55,9,36,4,47,38,60,2,57,37,54,48,61,8,5,35,1,42,46,65,63,70,72,22,23,69,33,28,29,67,32,24,66,34,26,31
155,4,8,45,19,2,58,39,57,46,13,43,60,44,11,17,54,41,61,47,59,38,40,14,1,3,37,48,53,16,56,28,62,67,66,32,29,25,64,63,34,30,26,68,23,22,72,33
156,58,18,12,51,35,10,61,6,20,45,9,36,49,42,11,37,15,8,59,1,56,46,43,2,41,4,7,52,3,60,69,64,63,21,31,32,34,70,23,65,26,72,66,33,25,28,30
157,57,55,53,58,40,17,8,7,3,37,61,60,54,1,45,52,12,6,47,44,49,2,18,15,43,39,38,50,46,16,64,65,28,66,69,32,21,26,22,72,71,25,34,70,63,62,31
158,6,52,60,42,41,56,48,37,54,11,19,36,15,59,3,9,44,50,45,58,57,7,10,61,39,55,40,51,1,53,65,21,70,72,28,29,69,23,62,34,30,68,64,27,22,31,67
159,1,45,57,16,37,54,55,14,56,61,7,4,15,10,46,36,41,60,20,58,47,19,59,43,49,38,8,9,44,3,70,66,33,32,21,25,29,69,62,71,26,67,27,31,68,34,30
160,19,11,7,59,53,1,35,16,57,39,58,37,45,9,4,61,51,10,46,20,44,12,5,56,40,43,15,13,36,52,63,71,30,31,23,66,68,34,64,62,69,72,24,33,32,67,25
161,17,13,6,1,16,3,59,10,53,39,2,55,61,20,14,18,60,49,5,46,58,9,40,57,41,36,15,44,11,7,25,21,29,33,27,66,30,23,65,31,70,67,28,63,72,34,62
162,43,49,52,54,19,47,61,15,18,57,13,4,9,60,14,20,46,36,42,8,17,2,37,1,3,53,40,44,59,51,28,64,26,32,68,69,62,24,66,33,67,63,29,22,21,27,70
163,20,59,55,57,14,46,56,15,1,35,44,9,16,36,37,18,38,10,2,39,4,43,3,61,41,45,42,5,19,8,66,69,30,63,68,65,33,21,23,24,67,32,26,31,34,22,71
164,15,49,60,17,5,8,18,37,2,59,7,12,9,35,39,50,46,3,58,38,54,44,20,13,55,1,11,47,42,48,25,66,65,32,30,29,33,27,24,22,34,69,62,67,70,64,31
165,50,2,12,43,55,16,40,5,52,19,6,58,20,56,57,46,60,37,51,36,9,59,7,49,39,44,17,11,18,48,33,31,63,64,68,69,22,29,28,32,27,26,21,72,30,71,66
166,3,45,50,56,14,38,12,39,11,35,5,2,13,19,20,53,10,18,55,17,46,42,36,40,60,58,49,51,48,15,66,21,31,72,22,67,68,32,30,63,27,25,26,69,23,62,65
167,36,10,55,48,4,54,18,12,16,42,20,2,39,15,57,41,6,17,61,11,8,56,52,7,19,46,3,35,53,47,31,62,67,64,26,72,65,21,22,70,34,33,25,30,23,63,32
168,37,7,40,59,55,61,54,16,9,46,19,4,48,36,56,8,20,52,43,12,49,58,13,44,15,6,47,50,17,14,72,70,65,30,67,63,33,26,71,62,25,29,32,28,69,68,66
169,56,38,48,14,60,59,52,13,41,10,45,11,15,42,12,50,35,43,53,49,46,55,8,20,7,51,40,61,44,58,32,25,64,21,29,65,23,31,24,27,72,34,30,26,33,22,28
170,43,51,6,18,61,16,58,52,1,7,4,40,11,39,41,19,20,5,48,45,46,54,49,42,3,12,57,59,13,9,72,27,26,25,68,66,23,67,65,33,22,64,30,32,71,34,70
171,2,44,19,42,57,58,17,45,56,52,55,54,61,1,12,20,5,60,47,49,59,40,10,41,18,53,11,3,39,13,33,21,29,71,70,69,32,24,72,26,34,31,68,28,30,22,67
172,20,7,10,11,46,40,16,8,13,19,2,43,47,42,18,56,6,38,59,61,49,44,48,5,17,35,53,39,45,60,30,68,25,23,70,31,28,22,27,24,64,29,33,71,32,34,62
173,60,5,59,46,10,18,19,37,36,17,45,12,35,9,49,48,15,58,56,13,16,4,53,50,61,54,44,57,40,42,68,67,27,24,63,34,28,31,29,69,66,65,71,21,30,33,22
174,60,12,43,8,6,7,56,39,37,50,51,49,61,15,3,38,20,16,40,55,10,5,11,9,1,53,13,17,46,19,25,21,29,65,62,69,28,33,34,68,67,24,27,64,26,22,72
175,19,7,48,14,4,37,2,56,46,45,12,50,13,1,58,40,49,8,3,47,57,42,53,16,61,18,36,54,10,38,30,64,25,33,23,21,26,24,71,22,32,34,70,66,31,65,29
176,38,17,59,58,8,5,6,19,46,45,43,1,47,13,48,39,61,60,16,50,35,3,37,20,51,49,36,4,12,53,68,25,71,26,65,31,69,30,34,64,33,24,63,66,29,21,70
177,19,2,52,14,55,51,56,36,41,8,11,45,59,38,58,61,17,12,50,42,3,60,53,47,16,40,18,20,54,7,69,28,32,21,64,30,65,25,23,31,66,24,70,27,63,34,33
178,8,13,3,57,42,54,38,18,19,36,59,51,53,52,47,17,12,37,40,45,60,35,49,20,61,50,43,4,41,58,22,65,23,68,27,33,28,72,32,71,30,26,25,62,63,66,70
179,50,18,49,42,12,51,7,55,47,11,45,9,44,37,61,10,41,38,3,8,16,58,1,59,56,46,19,48,43,15,22,29,25,69,67,27,24,23,70,63,30,68,21,26,64,71,72
180,8,11,58,39,4,55,60,46,20,6,17,1,44,49,40,38,36,19,56,54,48,5,10,52,18,37,50,15,61,47,70,67,30,23,28,24,34,27,72,68,21,32,26,63,62,69,31
181,1,58,42,48,9,7,20,45,50,14,39,16,57,5,40,37,51,18,2,59,12,55,36,19,60,6,13,4,43,35,26,23,31,69,68,25,27,34,72,65,62,67,71,21,28,64,22
182,39,40,5,13,57,41,1,36,19,10,16,51,8,43,45,47,14,2,6,37,54,49,53,7,4,12,18,11,38,58,33,31,65,68,28,70,30,62,24,63,32,21,66,34,26,69,72
183,9,36,6,60,61,16,44,38,17,40,14,15,52,19,42,12,43,8,41,49,18,48,11,50,13,5,51,59,20,45,72,71,24,28,31,70,33,64,66,29,63,27,23,34,65,32,67
184,15,16,51,44,8,10,39,40,19,18,50,61,49,57,12,55,1,58,11,13,4,5,2,41,20,59,45,42,14,35,23,70,34,63,66,22,68,67,71,31,24,64,28,72,32,30,27
185,9,12,41,61,56,18,7,19,38,3,14,4,55,17,47,36,46,37,5,50,43,42,58,53,51,13,11,6,60,54,65,62,32,70,33,64,21,27,28,22,24,66,67,31,71,72,34
186,1,16,60,40,12,41,6,36,3,54,2,7,9,52,53,4,56,39,48,47,43,17,50,38,20,45,49,44,42,46,23,22,34,31,32,26,27,66,25,69,70,33,63,67,28,24,29
187,5,6,40,13,15,17,16,37,20,52,3,8,57,51,49,38,44,45,10,58,50,61,48,42,55,18,47,1,56,60,70,24,30,68,25,64,29,62,32,69,63,21,34,31,65,33,71
188,3,47,60,39,14,61,58,15,4,54,18,59,41,55,35,11,9,19,2,40,50,52,51,43,1,10,17,38,42,16,65,30,66,27,64,72,62,67,69,71,68,24,34,33,22,63,23
189,52,46,48,2,44,55,45,56,59,20,38,18,39,58,42,16,49,7,9,43,10,61,40,57,19,1,17,11,50,37,65,25,22,29,71,68,63,70,34,30,21,64,72,33,27,66,23
190,49,43,15,59,1,44,6,7,4,35,42,52,37,38,50,36,46,18,57,53,2,17,51,11,20,10,48,45,47,41,67,69,31,72,28,66,32,34,33,26,25,22,63,30,64,24,62
191,38,40,50,42,47,48,35,5,9,41,51,37,2,14,49,7,61,16,18,58,6,12,8,39,11,53,15,57,55,56,28,25,24,34,65,29,63,66,31,22,71,32,26,23,64,21,72
192,5,36,12,50,48,49,19,1,38,46,8,18,60,37,7,39,14,3,40,41,56,44,53,11,61,9,17,35,16,58,68,69,33,71,24,62,21,70,64,25,66,72,27,26,29,22,32
193,7,15,40,56,61,43,44,45,13,17,37,6,38,49,60,54,5,53,16,11,3,20,59,51,42,57,41,46,2,10,68,27,66,67,72,21,65,70,24,31,26,33,62,30,32,63,71
194,49,5,45,37,51,50,48,40,18,36,44,42,55,57,11,17,59,52,7,41,47,58,12,56,13,43,60,4,9,10,72,23,65,29,21,34,67,32,22,70,24,33,30,62,63,69,31
195,40,50,11,42,53,46,3,12,18,51,6,56,57,35,14,38,61,36,60,9,13,7,47,17,39,16,10,4,58,45,23,68,25,24,31,71,28,22,66,27,63,72,64,34,21,65,33
196,5,6,2,3,41,38,58,8,11,60,12,13,40,1,18,4,47,43,50,19,53,49,36,46,39,56,10,55,16,51,64,65,21,29,62,66,69,31,27,68,67,24,33,63,26,72,22
197,55,13,9,36,42,38,59,53,58,5,15,48,40,50,17,10,41,39,47,7,1,46,52,16,60,61,37,49,19,8,21,69,24,64,27,70,66,33,26,30,31,32,71,62,29,65,67
198,18,42,48,1,2,47,50,36,17,20,58,8,4,44,9,56,59,35,49,13,10,46,19,14,60,43,12,52,51,40,64,69,32,26,62,33,25,67,29,65,22,28,27,68,23,63,34
199,48,39,56,45,41,36,60,61,3,13,19,58,2,38,7,12,1,53,59,54,40,49,55,18,43,9,8,50,57,44,71,23,68,21,69,27,62,65,72,31,70,24,66,64,32,28,29
200,43,17,16,8,5,59,54,57,46,14,7,61,49,41,51,4,12,15,52,56,53,3,39,45,58,19,42,10,18,2,30,69,63,64,22,67,26,31,65,66,23,34,72,32,29,62,71
201,35,3,55,51,1,16,2,37,13,36,57,40,56,10,60,61,4,48,47,15,50,49,7,45,6,11,38,53,8,42,67,66,25,63,23,72,24,62,70,30,32,33,65,68,26,21,69
202,12,60,38,16,56,42,55,36,43,9,53,35,5,58,2,10,45,52,6,13,20,15,59,51,18,3,8,40,41,47,32,24,22,67,72,30,66,25,31,64,63,29,71,69,23,26,27
203,47,56,5,18,38,17,39,58,37,60,52,61,45,16,11,53,8,51,50,49,12,1,44,46,4,20,57,9,42,59,71,31,34,70,24,63,69,27,66,67,62,68,29,22,25,23,33
204,3,48,4,6,43,49,54,8,58,14,19,39,61,53,59,7,18,12,57,2,20,5,51,44,55,38,10,40,15,36,72,34,24,67,62,33,70,65,23,31,26,21,63,27,25,68,69
205,53,11,42,1,56,8,52,12,49,41,19,14,43,18,35,38,61,2,3,48,54,10,4,47,5,44,39,36,58,55,27,65,69,31,34,23,30,64,68,67,63,29,32,22,24,66,71
206,4,40,52,18,50,47,59,57,36,45,54,44,58,48,1,6,9,51,14,7,5,42,49,3,15,13,16,17,2,41,71,26,63,23,28,31,21,32,72,33,29,25,68,65,70,69,27
207,11,50,4,57,55,5,3,15,14,40,42,59,54,46,35,38,52,41,16,20,6,58,2,51,44,36,47,56,43,7,64,27,68,30,31,72,25,23,65,66,69,21,71,24,32,67,33
208,59,14,2,38,42,60,35,9,55,10,57,11,16,50,48,43,53,18,51,12,17,61,1,46,39,13,20,19,47,4,69,32,25,24,63,28,34,26,23,66,27,70,21,68,31,65,72
209,40,12,36,35,59,9,54,39,2,10,1,6,53,14,38,11,44,56,58,4,20,42,55,5,45,37,41,8,43,50,63,64,26,29,31,68,66,71,69,33,72,28,25,32,65,27,67
210,40,5,46,37,51,39,36,55,42,44,41,7,35,20,50,10,52,49,53,56,18,38,9,48,3,8,13,2,17,43,24,33,31,25,63,29,32,65,66,62,30,67,72,68,34,28,70
211,53,17,37,4,13,12,35,45,46,36,6,2,60,14,16,11,57,3,1,10,20,39,41,15,40,51,48,47,43,61,22,68,34,64,24,32,29,71,65,67,72,27,25,33,26,69,70
212,42,46,20,48,49,39,53,50,7,4,36,1,51,5,6,54,56,13,57,8,60,11,47,55,37,45,10,38,61,15,29,27,31,66,69,72,68,32,70,28,63,25,26,65,33,22,21
213,40,3,47,49,16,5,19,38,43,54,57,59,55,51,10,41,53,9,13,37,7,45,20,58,17,8,48,14,15,46,33,29,64,70,71,62,30,23,34,22,67,24,65,63,66,69,25
214,60,38,1,19,39,61,7,51,35,6,36,41,45,9,18,3,47,57,58,12,50,20,13,2,15,11,53,37,10,55,71,25,63,23,34,62,22,24,27,69,68,72,31,26,29,21,32
215,40,61,8,60,3,56,37,55,9,16,46,41,2,6,48,14,38,1,11,53,5,47,51,19,4,44,17,57,10,20,21,28,25,30,70,24,69,68,67,32,66,26,31,72,62,29,27
216,54,52,4,12,42,43,45,60,49,46,48,19,16,53,50,39,40,2,13,38,51,59,11,9,47,5,7,35,8,36,67,28,65,22,30,66,70,27,62,25,21,71,34,68,23,31,24
217,60,20,42,8,18,47,4,36,10,54,5,7,52,19,2,39,43,35,59,58,44,46,45,14,49,53,11,41,15,17,27,21,69,62,23,31,29,28,68,66,71,34,26,30,32,65,33
218,20,8,36,2,52,44,1,46,43,14,4,57,16,50,19,5,38,45,35,18,11,17,9,39,60,53,10,3,59,58,66,28,34,21,22,67,72,63,25,70,23,24,69,64,65,71,33
219,46,14,54,37,42,6,15,45,60,61,12,58,7,3,55,47,50,17,48,52,35,10,11,56,41,20,18,4,9,53,21,31,34,66,67,29,27,24,69,71,63,30,62,32,28,70,25
220,56,57,4,7,42,20,54,46,9,10,19,15,40,37,53,16,47,1,58,61,5,51,18,49,50,43,60,2,14,6,70,71,62,24,31,22,65,28,23,29,67,30,63,25,27,69,33
221,38,61,44,45,17,53,12,10,13,56,52,40,36,57,7,42,3,39,2,47,55,35,59,54,41,14,6,19,8,58,69,70,62,68,29,34,72,71,67,63,65,64,25,23,31,66,33
222,42,6,43,45,47,11,40,48,53,14,58,36,17,38,50,57,51,61,54,59,16,2,10,8,13,7,15,1,20,9,23,33,71,67,68,22,64,70,26,32,72,27,31,69,62,25,30
223,16,54,35,10,39,6,42,18,53,49,51,41,4,43,36,60,9,19,50,61,59,45,58,48,11,46,7,37,52,15,63,67,68,62,22,26,72,23,64,27,28,31,21,25,71,24,29
224,49,41,57,44,55,1,45,58,10,54,51,52,39,3,48,16,4,47,42,11,2,53,18,59,9,35,15,8,38,46,63,69,67,34,25,22,33,28,64,21,24,72,70,29,66,23,71
225,44,13,19,11,6,2,52,16,9,37,55,47,7,41,49,18,10,45,56,35,1,20,5,15,43,50,36,60,59,61,28,69,32,23,26,22,25,70,71,29,27,66,67,31,63,21,62
226,46,38,7,14,19,6,17,60,39,55,43,36,10,3,57,51,58,1,47,59,49,5,15,18,35,56,44,16,37,54,32,26,25,64,63,72,21,67,62,65,29,27,22,31,28,70,24
227,8,49,37,1,58,15,44,56,10,45,51,35,11,20,40,4,7,46,61,9,54,36,42,39,5,2,41,59,48,38,30,69,62,71,24,22,72,32,64,31,34,33,63,68,25,70,26
228,53,17,55,51,59,5,45,43,6,41,1,2,54,4,11,14,58,7,18,8,35,39,42,38,19,15,49,47,40,44,67,32,34,33,28,23,64,24,27,63,69,29,66,25,26,31,70
229,15,1,61,45,6,19,18,13,55,37,38,56,43,44,36,2,54,47,42,8,52,46,16,41,9,50,39,14,35,20,30,69,34,24,22,25,23,64,66,70,28,33,62,32,63,65,29
230,37,47,2,36,53,7,43,57,48,54,8,18,41,16,60,44,15,52,1,45,6,17,58,39,11,42,38,35,56,50,70,63,33,30,34,31,28,68,72,29,23,26,69,64,21,66,24
231,49,18,19,42,44,59,36,55,52,43,2,45,10,8,48,41,53,3,37,47,50,9,6,5,51,38,56,46,7,14,63,67,29,70,66,68,30,34,28,71,23,62,32,22,72,27,25
232,11,1,44,39,43,5,48,20,35,13,58,17,10,36,41,14,8,12,42,40,45,7,53,51,59,37,3,16,18,55,32,65,22,66,33,70,63,72,28,71,31,29,25,23,30,67,24
233,18,40,11,61,48,20,38,17,43,36,54,14,8,5,16,13,46,60,49,7,42,10,6,52,19,57,9,1,12,47,28,64,66,62,29,25,67,31,71,32,68,63,34,72,23,33,65
234,47,56,7,54,55,40,49,59,52,12,58,51,13,5,38,10,44,3,37,1,18,60,39,4,50,8,45,61,41,16,23,24,30,63,21,27,32,65,26,25,70,62,64,67,68,34,31
235,40,8,38,45,47,11,39,44,10,16,48,58,20,59,54,17,7,15,60,18,50,3,35,56,42,51,46,2,19,36,25,33,21,29,23,62,70,31,63,28,30,24,34,72,68,32,67
236,4,40,49,6,58,51,55,42,41,60,15,18,20,36,61,9,50,56,2,14,59,13,12,45,52,47,7,37,5,17,26,34,66,72,24,23,68,33,70,64,31,21,69,71,67,29,62
237,2,41,49,4,55,8,56,35,46,52,13,61,1,12,38,39,58,43,51,44,53,60,57,6,42,54,9,11,16,15,64,68,63,71,70,66,22,26,27,34,28,67,21,72,23,31,24
238,15,59,16,42,13,7,10,18,45,41,11,38,37,47,12,20,46,52,14,55,8,6,9,56,54,40,4,44,58,19,62,64,27,71,69,66,23,25,31,67,24,34,29,68,32,28,30
239,61,36,49,17,46,18,50,55,59,43,47,10,1,42,39,15,8,12,53,40,45,5,52,54,9,19,13,20,56,2,31,66,32,72,22,25,30,23,26,33,21,27,71,29,67,28,24
240,18,60,4,57,58,43,39,61,8,2,12,53,40,41,45,59,5,14,37,20,42,48,16,55,56,51,52,38,11,44,34,67,68,22,30,70,27,28,24,66,71,21,26,63,31,23,25
241,35,57,5,12,3,59,49,61,17,6,50,18,1,36,52,45,16,55,37,41,40,19,48,60,20,42,11,44,8,13,27,24,68,72,66,26,71,32,29,64,65,28,69,67,23,21,63
242,13,56,46,12,36,50,61,14,4,37,16,7,43,20,3,5,15,39,54,6,44,59,9,53,8,47,40,51,38,42,33,67,68,64,25,24,21,30,22,70,72,29,34,26,66,32,62
243,39,53,57,46,18,1,12,17,47,2,43,15,35,49,13,56,7,5,6,48,44,54,42,60,8,52,59,40,10,45,33,66,22,21,71,68,26,69,62,23,30,64,31,63,70,72,28
244,19,61,53,3,54,49,58,55,45,6,39,46,51,56,50,13,42,37,15,44,57,14,36,7,48,35,5,17,60,9,67,70,26,68,62,33,64,24,72,22,30,21,34,31,27,25,65
245,59,54,12,1,41,45,43,60,39,55,38,53,47,57,19,37,40,6,18,51,35,14,2,3,8,50,10,7,52,13,24,65,66,27,22,62,33,28,71,32,21,26,29,31,72,25,68
246,54,3,9,41,53,58,5,1,48,40,45,56,61,44,18,51,38,47,36,8,52,10,46,55,20,57,43,59,6,39,69,67,70,22,32,29,27,66,26,63,68,62,64,33,28,34,24
247,37,7,48,2,6,10,8,57,41,58,54,47,3,1,49,53,45,13,35,61,46,9,20,50,39,19,56,42,17,40,70,69,30,24,66,67,33,65,25,32,72,26,27,71,63,23,22
248,53,36,52,41,61,4,35,57,43,3,54,9,40,18,6,39,38,56,48,45,13,5,46,19,55,51,37,1,20,10,33,29,26,30,21,71,34,69,28,66,68,64,32,31,67,27,70
249,58,37,48,60,11,49,15,54,16,7,61,59,45,51,41,40,56,8,9,43,38,42,2,3,10,50,44,13,46,5,30,24,29,34,32,68,28,23,66,25,31,33,69,26,63,67,64
250,36,1,54,57,8,50,53,49,45,14,38,44,12,46,3,47,41,13,5,48,9,55,11,4,40,10,52,59,19,42,30,21,67,63,65,66,62,64,68,26,25,70,34,24,71,23,31
251,52,40,54,18,61,19,42,51,12,1,39,56,7,11,53,47,60,38,10,46,14,49,45,16,8,9,59,44,20,4,62,72,27,25,64,24,29,32,23,26,63,68,69,34,65,66,67
252,37,7,5,17,40,9,60,56,46,1,49,44,16,59,36,39,42,58,19,6,41,53,43,51,50,8,45,15,10,2,66,28,69,25,63,33,68,32,71,27,26,62,31,24,70,34,21
253,5,53,57,41,45,7,3,6,56,43,60,54,12,1,47,48,10,52,4,18,46,14,40,17,39,50,55,59,61,9,27,26,65,63,29,23,22,21,71,28,70,33,69,32,72,34,68
254,59,48,45,43,52,41,39,3,15,19,40,2,8,54,37,17,4,36,51,18,13,46,57,20,61,7,56,47,58,6,72,33,65,24,26,67,68,31,71,62,69,70,63,32,23,25,29
255,59,37,8,35,15,38,57,12,47,6,19,3,45,43,9,52,4,41,7,44,20,5,2,14,42,58,40,39,13,51,26,25,24,69,63,22,32,34,70,30,71,72,68,23,66,29,21
256,45,1,59,38,17,54,16,44,36,58,43,37,7,51,13,35,9,55,57,15,12,6,11,3,61,60,46,19,2,50,22,63,32,67,24,26,27,28,70,69,65,34,71,64,68,33,29
257,50,44,43,41,46,54,42,45,7,47,5,40,49,12,52,14,60,13,36,11,58,59,35,57,17,15,20,56,38,51,70,67,34,22,27,64,29,71,69,33,28,26,63,32,25,72,23
258,14,45,17,18,54,60,41,8,1,2,6,44,52,36,4,61,12,15,53,3,57,37,38,56,48,49,35,39,10,20,71,24,34,64,65,30,66,22,26,21,27,63,62,32,28,70,33
259,61,8,2,16,57,1,4,9,60,46,5,36,55,7,49,39,11,56,10,38,19,54,35,50,59,14,17,12,20,45,22,23,65,28,68,63,29,25,72,31,30,71,32,70,27,64,34
260,43,17,9,11,56,55,61,36,57,20,15,53,52,18,40,38,60,49,37,3,58,47,19,42,5,10,4,14,8,50,71,34,68,72,22,21,31,23,27,30,70,32,62,26,64,67,25
261,5,18,44,8,37,38,50,3,54,17,14,16,57,41,20,58,12,10,51,52,6,49,9,45,1,39,60,47,42,59,65,66,25,67,30,34,72,71,31,27,70,26,64,21,33,63,69
262,8,46,39,3,37,41,10,2,35,51,13,57,4,5,20,19,59,48,40,42,18,14,11,44,36,6,47,1,55,56,67,21,27,31,62,68,64,70,25,33,23,71,29,22,28,72,63
263,54,7,42,17,40,14,11,50,6,59,1,51,35,10,48,55,61,58,16,47,12,18,44,13,53,56,41,19,5,46,32,26,29,34,31,69,27,71,21,63,28,33,24,67,22,72,65
264,3,57,5,10,35,4,16,37,45,13,51,58,19,40,44,49,54,39,61,2,56,17,59,42,6,60,1,41,47,12,71,26,70,69,24,34,23,32,68,29,62,30,33,21,72,31,67
265,19,41,61,3,48,20,54,43,59,56,4,1,7,45,38,11,50,6,16,5,39,52,18,51,60,15,57,36,47,49,23,34,26,30,67,62,27,24,68,25,64,31,69,33,63,29,28
266,54,16,51,61,49,38,2,47,5,17,19,3,20,8,1,37,59,15,14,53,41,4,50,58,9,44,48,39,7,10,71,27,23,66,34,33,68,30,29,21,24,62,70,64,63,72,26
267,56,60,53,35,61,7,1,38,58,57,19,46,2,41,8,59,11,12,47,36,50,37,52,3,44,42,16,55,10,17,26,70,29,68,62,33,34,63,66,65,31,28,71,67,64,24,27
268,11,40,51,42,19,9,4,2,50,1,3,60,54,12,49,36,8,37,35,53,61,43,14,7,13,45,59,55,6,17,28,72,69,68,34,65,27,64,26,25,62,30,24,32,29,66,33
269,35,50,36,38,15,46,60,16,18,41,58,52,39,20,19,3,12,47,61,37,51,7,59,6,5,1,13,57,9,8,69,29,63,65,72,34,31,26,70,23,33,64,22,21,32,67,28
270,13,17,6,18,49,40,8,61,41,43,14,5,19,4,37,51,58,42,20,56,60,9,11,50,55,53,57,38,46,1,25,64,24,70,21,32,28,34,30,63,68,23,22,67,72,33,31
271,8,51,4,20,47,57,55,54,17,18,35,43,13,56,38,15,48,52,46,12,19,44,14,37,2,11,36,59,61,45,71,34,30,27,29,68,24,21,65,31,22,26,64,25,63,62,70
272,18,45,14,20,51,48,1,36,5,52,11,53,46,15,12,41,44,19,37,16,60,6,42,2,55,43,4,10,58,8,31,69,23,72,26,32,66,30,63,67,33,28,70,62,65,25,71
273,57,9,10,3,56,12,48,42,51,2,60,14,19,37,55,11,36,46,6,13,50,54,40,44,61,58,17,1,45,47,68,31,23,72,66,70,34,28,30,64,71,22,63,69,26,67,32
274,18,44,3,9,56,54,19,15,8,52,58,41,7,6,17,59,43,11,10,4,20,12,16,2,50,36,57,38,47,42,26,24,66,28,70,29,72,71,69,68,22,34,62,21,27,25,31
275,10,15,61,40,17,16,46,56,52,59,13,9,36,11,12,8,4,18,5,14,47,43,45,35,20,60,19,57,44,7,28,23,26,68,33,34,66,25,21,69,30,63,27,64,31,71,62
276,15,3,10,35,4,19,39,6,14,58,59,37,46,7,1,42,17,41,56,38,47,61,44,48,49,51,12,16,5,18,27,24,64,26,63,25,33,30,71,21,66,23,32,62,29,31,67
277,51,52,1,37,46,17,14,16,54,3,19,15,11,59,5,35,50,55,60,43,41,47,38,56,12,40,20,7,13,61,24,26,34,67,66,25,71,72,65,29,62,21,32,64,63,30,70
278,36,50,60,13,6,44,61,57,8,20,49,48,4,7,11,42,15,53,40,46,45,9,55,19,51,10,35,38,58,18,23,72,24,66,32,28,64,25,26,34,67,21,65,29,22,69,63
279,13,9,45,6,12,42,8,38,5,43,44,15,47,49,59,54,17,14,60,4,39,35,40,7,48,58,18,11,41,57,31,72,22,64,29,65,68,30,33,28,63,66,21,62,25,26,69
280,6,40,47,60,55,15,51,18,19,9,11,38,5,59,49,2,16,41,4,42,50,45,1,10,61,57,12,13,35,39,33,23,21,66,68,26,72,32,63,30,71,65,27,62,25,29,28
281,4,37,35,7,47,20,13,1,14,48,45,16,18,51,42,52,43,38,3,10,50,58,17,9,6,54,46,44,8,40,33,67,32,24,31,23,69,68,27,71,66,63,72,62,21,28,65
282,41,43,5,38,35,52,45,46,58,19,57,49,40,44,7,14,42,59,15,2,54,17,53,4,1,47,18,12,16,9,33,72,68,71,64,70,62,21,28,27,63,22,34,31,66,26,67
283,44,9,51,37,59,12,45,1,17,18,2,40,41,14,46,53,49,43,11,3,48,61,19,7,57,20,10,42,55,36,24,27,31,33,26,25,21,66,67,28,69,34,72,32,63,30,22
284,16,19,35,47,52,53,7,42,46,17,44,43,38,10,20,41,5,51,4,36,12,58,54,37,8,57,39,50,13,11,26,33,24,34,23,65,62,72,68,31,21,28,32,30,69,66,25
285,20,48,58,14,47,56,35,11,10,57,19,17,61,13,7,8,52,6,53,50,4,16,39,2,44,46,1,18,59,12,34,30,24,68,67,72,31,69,62,66,21,28,22,23,33,26,71
286,39,4,13,55,10,40,5,2,60,15,53,48,7,17,51,44,38,41,61,58,12,35,11,3,57,52,9,50,8,20,31,34,21,62,63,30,29,23,25,27,64,26,68,33,67,28,66
287,47,41,61,36,3,42,58,6,50,57,9,7,8,19,46,44,55,60,12,15,4,56,59,10,53,18,14,17,48,40,23,62,66,33,65,30,71,28,31,24,70,21,25,29,32,22,68
288,12,1,15,4,58,51,35,3,43,42,11,5,56,41,49,52,54,36,10,7,16,20,59,38,40,46,13,55,19,44,29,28,31,30,34,72,69,24,63,71,25,27,62,21,66,64,67
289,50,8,37,61,46,5,54,6,18,41,48,17,60,47,16,51,53,20,7,45,14,55,36,12,4,1,2,38,3,58,72,65,31,67,25,21,69,71,68,28,63,26,32,22,33,23,66
290,48,56,51,10,35,53,57,3,59,6,49,42,55,36,39,40,5,7,14,43,15,9,45,52,16,37,60,17,4,11,34,70,66,62,25,32,64,68,24,65,29,22,33,23,21,28,63
291,35,56,39,60,19,49,44,17,3,58,10,14,15,1,37,12,53,8,50,48,57,20,40,36,61,7,45,6,43,4,68,71,26,72,29,70,66,69,64,65,25,27,32,33,31,63,24
292,43,4,40,12,15,1,8,42,14,39,56,16,37,7,48,20,49,10,35,5,6,53,60,55,13,51,38,9,61,57,31,22,65,68,23,21,66,32,27,67,70,64,71,72,34,25,69
293,43,54,16,3,20,58,52,61,5,37,46,55,2,13,12,40,17,8,53,7,11,38,45,39,4,47,50,42,10,48,70,67,62,26,34,33,28,30,71,27,21,63,69,22,68,23,29
294,38,47,1,11,9,41,50,35,37,55,58,10,39,40,5,16,14,51,6,18,42,36,2,15,52,48,60,7,3,61,71,72,65,32,27,33,26,28,23,62,68,63,64,69,24,29,66
295,43,57,51,55,10,54,49,39,52,37,44,59,3,13,60,17,5,53,9,20,38,8,50,40,36,48,1,18,35,7,27,31,62,71,23,68,70,21,34,65,67,26,24,29,66,28,30
296,51,54,20,41,17,11,55,9,4,52,43,36,8,50,7,12,5,10,61,16,53,15,18,56,2,57,37,42,39,1,71,27,64,65,62,23,24,33,70,67,32,30,66,25,26,69,34
297,4,56,49,46,37,17,2,1,61,40,20,43,57,35,58,7,60,50,18,8,13,19,12,6,47,45,53,9,5,3,63,21,25,28,23,70,69,67,33,71,64,22,31,66,72,30,34
298,53,13,2,49,61,4,55,48,46,43,11,41,58,18,36,17,54,6,59,56,38,52,15,60,10,19,44,8,51,16,32,68,66,72,69,33,21,22,24,27,65,28,62,26,31,23,70
299,18,2,51,56,58,49,6,12,48,13,45,8,19,40,3,44,61,52,46,7,55,4,17,50,59,16,20,37,60,43,68,63,30,26,22,23,69,71,66,33,62,31,64,65,67,34,72
300,14,39,55,11,9,37,20,1,45,60,7,50,5,61,2,53,3,8,4,17,57,59,38,46,43,47,12,58,18,16,33,23,26,62,64,72,29,66,71,34,27,63,65,24,25,21,67
301,59,16,4,61,12,48,42,55,8,40,6,20,2,60,57,45,43,14,9,3,50,58,51,53,13,36,37,46,49,41,23,31,26,65,21,68,25,32,69,72,24,29,28,63,33,66,64
302,12,53,19,41,54,58,50,36,45,57,14,16,20,46,1,13,44,49,2,52,56,38,35,40,10,18,43,42,9,3,22,69,34,31,21,62,32,63,64,66,30,23,65,70,68,71,29
303,60,38,47,8,13,37,50,48,15,54,49,39,12,56,2,14,3,46,41,18,45,51,20,9,61,19,17,10,59,44,25,64,65,69,71,31,29,67,68,24,33,23,22,27,66,30,72
304,19,6,5,14,16,2,8,10,46,38,61,39,54,11,13,57,45,12,1,55,9,7,15,4,18,3,36,53,35,40,34,62,22,69,31,26,67,29,21,23,65,68,66,30,64,70,72
305,54,46,16,58,35,52,7,50,45,15,61,2,20,36,11,1,53,44,48,43,55,8,40,51,56,5,37,57,12,41,24,72,31,62,29,34,33,26,68,22,21,63,69,64,32,27,28
306,1,49,9,44,19,2,35,55,13,5,38,50,51,59,57,10,53,16,40,15,18,12,54,3,56,42,6,45,37,46,23,70,26,69,67,33,31,64,65,72,32,34,62,21,63,30,22
307,8,7,16,38,47,15,59,44,49,56,12,6,19,41,46,4,51,13,55,50,43,14,53,3,48,54,37,9,57,60,33,28,66,68,72,26,71,62,69,64,34,21,63,24,22,27,31
308,19,11,20,61,57,45,13,3,55,41,40,12,39,38,44,4,14,53,10,9,54,58,15,48,59,52,51,50,17,43,67,70,68,24,26,23,62,30,33,63,27,34,25,71,22,72,66
309,10,37,48,12,49,8,5,20,41,36,11,46,61,19,7,47,50,15,40,55,54,2,60,35,38,14,9,51,4,42,67,22,34,33,28,26,27,62,29,65,25,71,72,69,23,31,63
310,37,49,13,20,57,59,39,47,58,1,9,36,5,4,12,6,18,19,54,2,40,41,61,44,10,42,8,15,51,38,29,69,28,22,62,30,66,24,71,63,68,21,26,23,70,27,34
311,56,12,4,20,5,13,38,59,51,60,17,46,8,35,43,55,6,58,41,47,10,54,44,37,40,7,16,49,36,61,62,30,22,25,33,65,28,66,64,34,71,23,31,72,21,67,29
312,3,4,60,53,57,9,20,19,36,35,18,46,56,7,15,45,41,12,13,61,52,43,50,2,14,6,55,42,1,58,66,22,27,28,23,72,69,65,70,64,30,33,71,67,26,34,24
313,43,47,39,42,11,54,2,45,35,51,61,57,59,8,6,53,12,49,5,55,48,14,19,13,3,37,58,56,4,20,28,27,31,64,26,63,24,68,70,62,30,71,34,67,23,29,69
314,2,35,5,17,19,61,45,60,3,9,4,58,55,46,48,20,11,40,13,54,36,8,7,18,53,37,38,42,44,50,68,72,25,71,29,24,28,34,62,63,67,27,70,30,31,66,23
315,16,4,57,20,18,53,15,50,59,3,6,11,56,10,43,41,46,60,37,40,61,7,1,52,45,17,49,44,9,13,63,25,33,22,66,69,30,64,24,32,28,71,27,62,68,31,65
316,47,35,20,8,39,43,17,55,12,13,61,51,56,60,6,45,2,15,9,41,52,46,5,50,10,42,14,18,38,40,33,71,66,34,27,32,26,21,70,63,22,62,67,68,29,28,30
317,4,61,9,12,38,53,51,5,8,18,56,43,59,49,48,36,50,11,15,13,10,37,19,44,14,2,57,55,40,54,28,66,22,34,68,24,33,30,65,29,62,70,31,63,23,71,72
318,47,57,18,44,15,53,8,55,52,13,43,50,45,49,51,48,56,16,42,37,5,4,41,12,19,38,59,35,1,2,65,34,63,22,66,67,32,25,33,62,21,31,69,72,70,30,28
319,35,37,40,46,36,53,11,57,5,38,6,48,50,8,52,18,47,59,9,20,44,39,12,61,10,51,15,58,1,13,25,24,32,65,23,63,71,26,29,64,28,67,34,21,27,66,72
320,54,20,60,40,41,45,14,6,35,7,17,52,4,15,50,38,3,10,1,56,37,9,8,43,36,61,18,5,12,2,69,63,26,33,65,66,25,22,64,67,27,72,71,31,70,34,28
321,51,14,8,56,13,40,61,10,41,35,38,47,9,54,53,59,18,55,42,52,15,2,45,58,50,19,46,57,37,49,71,63,69,72,30,26,68,34,64,32,22,62,24,33,65,29,67
322,41,2,38,51,35,45,49,6,9,56,48,40,46,16,15,7,37,4,44,19,13,17,20,55,36,60,3,42,47,52,21,62,31,65,22,30,26,32,64,28,23,25,70,27,66,68,34
323,8,46,55,5,18,42,59,51,11,16,44,2,19,14,10,38,3,52,37,40,58,17,35,48,45,4,41,36,13,20,67,31,72,64,32,26,21,33,28,23,27,69,24,66,65,25,29
324,52,35,61,41,36,51,53,40,37,54,57,9,6,19,11,44,13,15,3,18,7,47,14,45,38,50,39,60,42,48,23,66,67,29,30,72,28,26,64,24,31,34,68,65,21,62,71
325,40,48,44,39,19,58,42,2,56,38,55,53,3,36,59,12,9,57,10,51,52,5,46,11,1,37,61,20,18,41,30,70,63,65,71,72,64,68,28,69,31,66,24,34,22,26,29
326,60,1,11,51,43,13,3,12,52,16,8,56,41,6,53,2,55,35,54,40,18,14,48,45,20,39,47,10,38,15,30,71,32,34,66,70,29,21,62,67,63,28,22,72,64,69,65
327,59,35,51,4,41,1,50,60,10,11,6,42,18,52,3,58,5,54,45,40,7,9,46,47,44,12,15,8,39,53,29,27,28,62,26,66,33,31,72,21,22,71,68,67,69,34,70
328,48,11,45,52,15,2,57,1,8,9,12,60,7,39,47,16,37,14,50,10,42,6,41,3,54,44,53,4,61,49,30,29,66,23,63,21,64,62,68,31,70,28,72,65,67,69,32
329,56,60,4,18,47,12,20,42,53,38,41,40,13,45,35,16,6,10,8,51,5,52,14,36,11,49,17,61,46,19,70,71,21,33,28,22,66,25,62,31,34,23,24,27,63,69,72
330,10,52,54,50,3,18,58,46,51,1,13,61,2,4,8,44,39,35,59,45,40,53,47,42,9,48,6,56,16,15,64,24,34,31,63,62,25,28,26,33,22,66,71,70,68,30,67
331,20,8,39,3,51,9,52,49,10,35,40,11,59,48,37,7,38,13,6,57,41,58,46,42,56,14,53,17,19,60,27,63,25,68,67,34,21,66,64,70,26,24,31,30,32,28,69
332,49,14,55,52,41,2,16,51,11,44,19,50,39,36,8,18,53,15,59,12,46,7,37,3,43,9,5,35,45,38,65,26,25,32,62,28,21,27,22,24,64,71,34,23,30,72,31
333,58,53,49,56,54,48,61,44,4,15,13,45,39,9,36,1,38,47,46,40,14,2,55,7,8,6,5,60,12,17,31,62,22,32,28,27,70,69,29,25,21,72,65,34,64,33,71
334,40,45,58,16,61,60,50,2,3,5,20,11,54,19,8,51,41,9,1,38,6,36,14,44,49,39,47,48,57,46,26,30,62,65,63,34,31,68,28,25,32,23,33,70,72,22,29
335,60,14,18,52,59,39,51,36,48,8,4,54,3,15,47,37,58,35,5,50,17,10,40,53,42,38,9,1,45,57,34,63,62,23,21,29,33,32,71,27,65,64,22,69,24,30,26
336,38,2,8,43,60,51,15,39,41,19,59,58,13,11,44,10,61,3,42,16,7,56,53,6,12,46,1,35,5,40,71,22,21,72,32,62,70,65,67,27,34,64,29,23,33,63,69
337,46,50,44,57,52,53,49,19,7,41,60,11,8,47,54,17,14,5,61,48,10,13,59,55,2,40,45,1,38,51,31,62,29,70,22,67,65,28,32,23,66,69,30,27,68,64,24
338,17,45,61,47,8,7,42,38,1,4,18,57,36,13,44,3,53,59,20,14,48,49,2,15,39,55,40,58,6,37,27,66,64,32,63,26,28,33,22,62,68,65,67,23,70,25,34
339,46,47,10,45,55,58,35,41,53,36,12,3,37,16,13,40,14,19,39,1,50,20,42,57,52,18,38,44,43,54,68,21,27,24,30,72,22,62,63,25,29,26,69,31,71,64,28
340,43,35,57,7,56,20,47,50,5,42,52,12,8,46,39,13,3,58,19,9,51,59,40,45,14,41,61,49,60,55,31,65,68,67,71,72,63,32,34,70,64,22,30,24,66,33,27
341,8,47,4,60,51,44,41,14,37,1,18,39,53,3,10,6,16,55,58,20,48,2,56,19,50,61,38,49,40,42,65,22,66,28,67,24,33,34,69,62,70,32,68,25,31,26,27
342,13,53,52,35,5,40,55,4,10,41,38,49,3,50,60,54,16,18,39,46,19,12,57,47,56,42,51,14,8,48,66,33,65,67,21,63,72,68,30,69,23,26,70,64,28,22,25
343,36,61,2,13,9,44,1,57,37,19,41,18,3,42,20,40,15,4,16,17,52,8,59,10,38,45,49,50,46,43,63,31,68,71,23,34,21,27,33,32,26,66,65,64,24,72,67
344,5,11,1,15,3,41,9,55,48,52,53,46,2,51,17,59,36,8,58,50,13,12,47,56,42,14,18,10,20,4,29,28,62,65,32,66,22,30,27,31,68,69,23,34,24,21,64
345,14,2,7,11,55,59,60,49,38,42,61,4,44,17,50,37,36,3,40,6,8,46,35,54,53,56,58,43,20,15,30,21,29,22,31,62,65,26,64,69,33,66,23,27,63,25,71
346,39,17,55,3,52,51,61,1,20,18,41,50,12,36,53,13,35,10,15,40,38,11,8,5,14,49,59,42,19,48,66,30,65,23,68,25,24,31,72,29,27,28,64,69,70,32,63
347,12,36,3,60,5,2,47,54,53,41,42,1,43,16,61,7,38,8,40,14,13,59,51,6,52,17,55,56,49,35,72,21,26,70,65,68,69,22,32,30,31,24,66,64,27,34,28
348,55,58,16,53,43,9,2,4,8,41,15,60,61,45,42,17,50,49,12,51,57,54,19,5,18,13,37,46,47,52,63,68,70,24,30,32,33,25,71,26,72,22,64,29,23,31,21
349,44,57,46,11,2,60,38,1,7,9,14,18,17,39,47,55,4,51,19,12,53,41,35,48,56,20,15,3,10,52,68,66,33,21,65,72,63,69,64,30,70,71,29,27,34,25,32
350,51,1,3,7,20,17,5,6,45,13,50,44,19,11,39,61,14,43,42,10,8,54,18,53,12,36,35,60,46,15,72,62,28,25,22,27,30,32,70,67,26,63,29,71,33,31,23
351,37,19,18,8,16,20,50,7,51,61,6,13,58,41,35,46,55,48,44,9,43,12,3,39,14,36,2,52,47,15,71,29,67,64,70,34,66,24,63,72,68,65,26,31,28,30,33
352,49,46,9,5,51,36,1,39,56,4,13,44,17,2,7,52,37,15,59,8,60,50,55,38,48,54,11,45,58,14,26,33,67,22,72,25,21,30,63,31,70,69,27,66,71,64,24
353,52,11,45,38,56,59,4,42,20,48,16,19,10,44,14,47,60,46,58,50,49,12,6,8,54,17,51,53,36,61,68,26,31,27,71,70,32,64,65,63,24,69,30,29,67,33,21
354,9,60,15,35,52,48,1,6,20,47,46,13,55,53,18,42,44,45,11,50,40,7,58,8,17,59,61,19,49,41,64,69,25,67,33,30,34,27,72,68,26,24,32,28,22,71,29
355,35,5,18,53,39,10,49,55,45,51,14,54,7,2,37,60,17,43,13,16,11,12,41,40,47,59,36,56,6,48,70,27,22,68,21,71,69,28,33,32,23,31,66,26,65,29,64
356,3,51,4,1,42,44,57,46,38,56,40,11,16,52,14,60,10,9,18,53,7,13,39,36,59,6,15,55,5,20,30,31,32,71,24,29,63,26,33,62,64,28,69,66,67,23,34
357,52,5,49,51,7,12,60,9,35,42,40,18,13,37,61,6,36,10,17,43,44,46,55,56,20,4,14,41,45,1,33,24,71,28,68,32,69,30,31,25,65,22,21,64,62,63,23
358,5,43,56,10,6,37,19,47,1,36,51,49,57,48,16,41,60,12,54,2,13,15,4,17,3,39,18,40,55,35,67,22,25,70,31,65,62,21,29,72,24,71,30,28,64,66,63
359,37,60,54,41,44,40,8,17,38,47,15,20,13,7,45,46,16,39,14,42,43,11,18,2,48,19,53,59,50,58,72,27,71,69,68,24,30,64,32,28,63,34,62,26,25,67,66
360,35,57,46,4,11,2,58,12,52,10,7,59,16,39,41,3,53,38,5,6,42,61,56,37,13,17,55,50,40,49,66,28,72,29,34,23,64,21,65,27,30,22,69,63,70,33,67
361,1,38,40,57,11,37,14,35,55,18,19,16,12,15,9,59,47,51,61,5,36,4,50,60,49,54,3,13,20,46,32,70,64,69,71,21,23,28,66,33,29,62,34,65,25,72,67
362,55,48,2,60,56,10,20,5,13,6,17,37,50,18,43,40,52,1,9,51,15,11,57,38,45,7,36,19,49,46,22,26,71,30,28,65,31,21,69,24,27,72,62,25,32,33,29
363,6,17,16,38,49,43,57,2,55,44,4,53,48,14,13,39,20,45,18,12,52,46,58,9,15,7,3,50,42,60,33,21,64,69,32,67,71,68,25,23,72,26,29,28,27,22,70
364,47,51,55,16,45,2,1,43,35,56,10,44,11,15,7,5,49,17,40,38,9,36,18,54,41,20,50,52,48,60,68,34,23,70,21,72,32,63,69,71,62,65,33,31,64,66,24
365,17,43,58,51,47,50,15,14,5,18,3,57,2,41,39,38,7,19,12,42,56,4,54,55,16,48,44,40,37,61,31,64,72,30,21,25,67,33,34,28,66,24,32,70,68,23,26
366,54,39,12,44,13,2,45,47,10,57,36,1,51,19,8,59,55,18,58,3,53,48,15,50,20,40,14,61,46,35,25,27,31,63,67,24,62,72,70,22,23,32,65,66,68,69,34
367,39,61,54,60,41,2,6,56,55,49,36,37,42,14,57,51,4,10,58,43,40,19,52,46,59,5,53,12,1,50,63,26,25,22,28,65,24,68,23,30,33,72,27,29,21,31,34
368,3,12,58,7,37,9,18,44,46,52,19,10,51,4,1,36,54,45,56,38,11,13,40,6,60,5,43,17,41,42,62,28,67,27,22,63,69,30,71,24,68,26,72,29,31,66,64
369,43,15,56,7,9,54,42,58,40,10,1,48,46,4,13,39,55,47,3,57,16,11,17,51,41,20,44,38,59,50,68,71,67,34,23,26,69,28,29,31,24,21,70,65,64,22,33
370,52,5,2,14,12,39,18,57,13,37,60,48,54,50,19,47,38,8,61,36,40,42,58,16,43,1,4,51,11,49,32,71,66,69,21,31,34,33,22,23,25,24,26,30,68,63,29
371,4,2,47,48,44,13,7,61,43,8,18,59,37,16,54,5,3,38,40,51,49,6,12,53,20,42,50,17,58,55,22,28,71,63,65,24,72,67,29,64,32,33,21,25,68,31,26
372,35,54,10,2,15,36,37,43,14,61,46,12,38,51,55,59,17,7,19,57,56,13,41,47,45,60,5,44,50,16,30,69,64,26,63,24,27,25,34,32,70,29,33,23,31,28,22
373,42,17,36,16,58,15,9,39,19,13,12,49,2,11,57,3,5,43,48,7,44,4,41,40,47,54,50,60,35,55,69,21,66,26,24,33,71,70,28,22,25,67,65,32,23,31,29
374,42,56,41,60,2,45,50,51,54,44,19,16,35,15,38,43,14,40,49,3,58,17,37,12,36,61,6,39,18,11,32,72,62,30,63,33,34,28,27,71,23,22,31,29,67,70,24
375,13,5,47,18,43,17,16,7,61,54,10,40,8,48,60,20,15,11,2,57,19,58,1,45,53,49,46,52,9,6,23,28,26,29,34,31,27,32,63,62,67,72,71,33,68,65,25
376,7,59,50,16,18,52,58,3,43,57,61,60,56,6,44,45,55,38,10,40,5,9,2,14,17,47,36,37,42,4,29,69,24,33,34,32,71,31,65,66,67,25,68,21,28,30,23
377,45,54,7,1,12,58,56,42,11,52,36,43,41,50,14,57,37,55,60,51,8,5,40,16,59,20,38,61,48,2,66,26,69,23,72,71,31,29,67,63,22,28,25,62,65,21,68
378,48,12,2,6,47,15,14,38,45,1,19,39,55,53,49,51,44,13,20,36,57,46,10,37,9,8,60,50,7,35,29,32,63,71,31,22,21,33,23,26,67,68,25,62,27,28,69
379,7,45,56,6,20,4,48,8,61,13,60,17,54,40,50,43,51,55,16,19,15,38,59,44,3,58,37,42,39,46,22,21,25,66,34,24,64,65,32,68,31,70,69,67,27,28,33
380,40,48,5,51,7,10,15,14,46,56,13,16,36,2,43,20,61,39,44,41,8,50,17,9,38,60,54,35,11,59,34,72,67,70,62,71,26,68,21,64,25,69,22,27,28,66,30
381,35,50,11,20,60,48,4,46,40,56,9,57,17,47,58,2,53,41,59,7,6,13,61,52,19,44,15,1,14,55,71,32,68,63,31,70,26,30,64,27,23,21,66,25,65,29,22
382,14,53,15,41,54,19,3,40,13,1,45,35,47,48,6,7,55,61,43,2,50,57,58,51,52,18,12,11,49,38,28,27,22,29,23,66,32,67,31,21,70,64,72,34,69,71,68
383,41,38,4,14,53,45,37,42,18,15,16,17,36,20,43,11,3,54,58,12,10,39,61,46,9,6,55,19,50,1,71,70,62,64,31,28,29,69,24,26,63,30,67,23,68,66,33
384,7,8,18,16,42,11,43,17,58,50,46,45,59,20,55,53,1,38,51,14,56,41,2,10,61,37,9,49,39,44,32,67,26,71,29,62,68,27,23,64,21,63,33,24,65,69,66
385,47,61,17,39,46,44,1,15,37,54,8,7,10,48,12,58,57,40,55,36,52,59,50,6,51,38,45,42,9,5,22,31,26,66,68,34,62,69,72,64,33,71,70,67,21,29,63
386,46,53,17,6,56,7,52,11,59,38,41,8,48,45,47,36,1,13,20,58,9,14,19,12,51,15,2,61,50,4,70,71,25,27,24,65,33,68,21,62,34,32,66,31,69,30,72
387,37,3,7,8,52,50,43,10,53,41,13,54,2,60,45,35,55,17,11,14,15,20,4,38,5,36,58,46,19,56,25,62,26,32,24,22,66,34,65,71,68,23,31,72,27,30,70
388,42,18,13,38,11,51,52,1,40,48,8,14,61,12,55,44,49,54,2,39,16,19,50,20,59,46,45,37,6,17,27,68,32,63,21,62,26,25,66,72,71,29,33,22,28,70,67
389,37,19,60,7,3,50,14,43,35,8,17,39,11,20,47,41,18,49,4,5,45,12,55,58,16,48,53,44,56,1,31,21,26,33,66,68,24,34,30,70,64,69,23,22,28,62,67
390,51,10,36,44,54,55,8,11,47,1,18,61,52,38,43,2,58,9,6,12,15,17,40,35,37,50,48,53,49,41,29,65,64,34,63,28,68,27,70,30,69,22,26,25,31,62,33
391,15,47,59,5,38,6,49,9,36,8,40,37,56,53,1,19,46,52,39,44,12,11,17,60,54,50,3,58,55,57,30,69,32,34,66,63,31,70,23,22,28,65,29,26,64,62,33
392,36,15,46,56,18,4,6,52,20,55,7,39,19,61,48,49,8,40,58,54,45,59,51,14,47,12,50,5,17,37,65,31,70,64,69,30,63,27,28,24,66,68,67,33,25,29,22
393,2,59,12,8,18,19,40,52,16,7,13,38,51,42,50,15,6,36,43,35,49,44,11,53,48,56,5,55,17,10,27,31,67,68,66,71,62,25,22,72,65,32,69,63,34,64,23
394,38,15,1,4,11,41,7,40,58,42,20,52,19,8,35,6,53,13,3,50,39,17,36,48,54,44,43,49,60,16,32,29,70,26,63,31,69,22,72,30,25,34,62,65,27,33,23
395,11,51,15,43,59,46,49,6,48,9,53,42,10,4,18,52,3,50,47,45,2,13,5,38,17,19,58,1,44,8,31,67,28,23,70,64,32,27,34,30,68,29,72,69,63,25,26
396,3,10,11,12,17,61,4,44,45,55,43,19,5,15,53,56,47,54,52,14,40,48,37,6,58,8,16,35,39,57,28,27,25,23,21,33,22,66,63,69,62,71,34,67,70,32,24
397,15,12,36,45,10,35,40,56,16,42,54,5,61,39,59,17,49,8,37,50,14,11,7,47,43,51,41,57,46,55,22,66,25,34,24,63,62,32,69,33,31,64,23,68,30,21,72
398,16,15,20,13,44,7,10,19,36,50,39,9,49,57,40,46,38,48,2,17,52,18,6,60,35,4,45,41,14,58,25,65,24,72,34,26,33,23,29,32,22,27,63,68,66,70,30
399,3,4,17,48,35,58,56,16,61,13,15,50,20,39,41,11,38,54,60,49,59,47,36,53,42,51,8,43,37,57,34,22,28,67,29,30,23,27,33,32,26,62,68,24,70,72,66
400,7,18,16,3,44,5,9,35,55,59,2,39,45,61,51,10,57,4,56,11,46,14,17,52,53,50,48,54,13,36,23,32,68,29,63,24,66,25,64,22,30,34,69,28,62,27,21
401,19,48,7,4,46,1,59,3,60,13,47,56,57,43,41,61,15,9,38,8,40,42,37,44,50,54,39,12,51,52,66,67,64,69,26,22,62,25,32,33,70,29,27,72,65,23,31
402,60,39,9,17,47,44,55,52,4,11,1,14,12,35,43,48,56,38,7,3,50,40,8,19,10,42,54,36,57,18,21,31,70,22,67,33,28,71,26,30,65,32,64,29,23,69,27
403,48,43,55,18,9,58,46,1,47,5,20,16,42,56,51,13,17,53,8,3,54,40,44,60,52,45,10,19,4,15,30,66,69,24,27,25,29,63,33,70,21,26,22,67,23,68,34
404,3,60,49,48,13,11,42,54,7,47,14,19,20,2,46,39,59,12,41,8,15,17,5,45,53,35,9,50,57,61,72,70,69,63,29,21,71,34,30,27,66,24,31,67,32,22,65
405,3,49,10,61,17,44,56,7,43,12,38,58,15,54,19,2,51,11,35,1,46,41,52,36,6,50,53,16,48,18,68,64,72,33,63,28,34,62,26,22,25,66,71,65,67,27,21
406,7,46,9,15,50,14,59,61,11,4,45,8,41,60,10,51,57,40,39,16,55,6,56,5,13,47,37,42,2,17,28,21,62,31,66,22,71,32,68,26,64,24,30,65,70,29,72
407,13,37,58,61,40,39,50,4,6,17,47,12,35,2,41,42,14,60,43,59,55,7,10,3,51,45,57,53,11,49,69,67,68,22,30,24,64,27,31,26,72,70,29,32,66,62,23
408,53,10,55,52,54,8,14,13,3,7,45,5,4,41,18,44,43,51,12,36,57,20,11,37,56,61,6,2,49,46,34,70,67,24,69,65,25,72,21,23,33,26,62,66,27,71,63
409,3,20,57,54,60,18,2,15,11,10,8,49,35,42,38,16,43,51,58,19,12,48,52,37,50,39,61,47,5,44,67,22,24,21,25,31,64,68,69,27,33,34,62,66,29,28,26
410,52,45,39,19,6,57,54,9,5,56,17,16,41,43,49,18,11,50,14,36,15,20,58,44,53,13,61,35,7,59,24,69,63,23,29,68,33,27,26,22,64,34,28,67,32,70,31
411,20,8,54,46,49,37,45,36,58,60,47,2,11,19,51,48,12,61,15,7,17,50,43,18,44,53,52,39,3,40,34,22,31,62,67,23,69,26,72,64,68,33,28,32,70,71,63
412,51,60,56,15,41,14,46,16,35,57,18,40,6,59,54,47,53,1,43,20,19,9,39,44,50,38,12,3,37,11,26,67,70,21,64,30,32,25,27,23,71,66,22,72,28,24,33
413,46,19,10,6,20,53,18,57,49,55,4,17,54,16,59,3,42,1,2,58,50,9,36,41,40,37,14,61,44,56,33,64,28,26,29,31,21,62,72,66,32,65,27,67,69,68,24
414,5,15,45,13,49,51,50,61,40,20,58,3,55,44,36,14,52,6,19,59,16,10,54,35,42,1,12,17,9,43,68,23,70,24,32,33,62,71,25,63,31,27,26,28,69,22,34
415,45,19,39,46,6,18,11,37,15,14,44,13,47,2,41,20,1,52,9,58,17,56,8,36,61,42,53,4,38,59,23,34,71,68,25,30,64,65,33,66,21,67,69,26,63,27,62
416,7,61,55,18,2,48,56,57,47,37,41,52,5,38,10,46,40,12,3,43,8,35,9,4,14,60,15,13,17,16,70,25,28,71,31,72,63,66,22,26,30,23,29,64,21,67,62
417,52,45,55,6,38,13,58,46,51,15,16,19,10,3,5,54,20,17,4,12,60,14,57,18,61,35,50,43,49,7,64,68,67,32,70,23,25,29,69,65,66,22,28,63,71,31,34
418,46,36,2,15,17,59,53,39,45,43,35,42,50,5,3,58,18,44,47,56,52,10,37,9,6,8,51,60,11,4,69,31,24,67,33,68,27,71,64,63,23,66,70,29,34,28,25
419,42,8,14,15,60,55,17,48,16,2,56,12,61,37,11,13,5,18,47,51,19,3,35,59,54,10,4,49,39,6,32,27,65,69,66,64,26,21,72,68,25,70,28,24,71,22,67
420,47,59,36,58,57,1,20,10,39,53,60,55,2,52,18,9,6,40,46,5,35,19,4,11,49,12,7,41,48,38,22,66,32,34,67,65,23,64,28,33,71,26,70,29,30,63,31
421,57,1,47,45,51,43,17,4,11,40,38,19,49,16,56,58,53,37,15,2,20,52,36,13,54,5,44,35,39,8,32,28,72,22,69,65,21,63,66,33,29,26,24,62,27,34,71
422,42,61,41,51,55,53,58,47,2,35,5,18,43,59,17,52,14,19,8,12,49,46,60,38,50,9,10,37,56,57,28,31,67,22,64,30,72,32,26,62,71,23,63,66,21,27,70
423,41,38,56,58,55,53,39,44,19,48,16,40,12,43,46,13,14,11,18,6,1,42,60,52,37,61,45,57,17,15,62,24,25,34,28,72,27,32,30,21,67,71,66,65,64,63,33
424,48,12,35,20,50,9,41,2,38,3,54,49,13,60,44,57,1,61,36,47,59,18,16,15,55,53,19,37,10,6,22,72,26,71,65,62,24,21,69,31,68,63,27,28,33,25,67
425,54,59,50,4,9,35,60,17,61,41,55,49,36,46,38,57,12,3,20,16,5,56,1,51,43,37,39,58,42,15,23,67,33,62,28,22,21,68,24,66,69,27,29,31,70,71,32
426,19,39,12,50,59,47,38,5,53,17,13,6,10,37,48,41,55,15,35,51,3,20,54,58,7,46,61,9,42,57,28,72,67,30,62,22,34,68,29,21,65,64,69,31,71,63,32
427,12,6,5,44,55,53,2,50,18,1,3,45,54,49,15,60,59,58,16,56,51,42,19,43,57,35,20,38,13,36,32,34,21,68,30,22,33,66,25,64,29,70,28,24,72,26,27
428,39,58,45,61,14,54,52,18,1,50,56,51,12,9,53,16,60,4,5,48,40,44,19,55,13,15,10,11,49,41,67,29,24,68,23,71,31,30,70,63,32,33,21,69,64,66,62
429,3,60,36,8,55,46,15,1,49,51,9,13,59,2,10,5,38,4,47,39,42,52,45,37,6,50,58,20,11,41,63,71,32,67,65,22,24,34,28,70,64,69,62,21,25,30,23
430,37,35,60,43,53,59,16,47,49,57,4,2,3,41,15,39,40,61,12,1,42,48,9,58,17,38,52,13,20,19,29,23,34,62,68,69,22,70,71,27,33,25,65,67,31,32,63
431,43,38,40,55,35,10,11,12,44,18,16,8,1,50,39,37,36,60,4,46,56,7,48,6,54,52,20,2,5,47,63,30,70,27,65,21,26,22,31,71,23,24,25,34,29,33,67
432,14,9,39,5,15,36,42,59,35,11,61,3,48,58,38,52,51,2,13,56,40,43,7,1,18,19,6,41,54,10,62,24,26,28,66,23,25,34,33,69,21,27,29,22,64,65,30
433,38,51,8,42,10,37,11,39,13,55,19,18,4,50,5,14,44,35,52,7,12,43,47,6,36,17,54,15,16,40,34,62,28,64,30,69,29,63,21,26,33,25,65,24,27,66,67
434,15,35,40,11,7,14,16,46,57,2,53,54,17,59,52,13,6,45,8,50,43,49,4,10,9,44,20,5,12,55,33,26,21,32,63,66,69,34,29,72,71,25,23,62,64,22,27
435,38,35,43,4,39,48,60,8,47,6,57,14,51,59,41,36,37,11,50,20,15,58,52,10,12,7,54,49,19,5,21,24,25,69,71,62,28,67,26,65,70,30,68,29,23,33,66
436,9,16,57,46,60,45,47,2,51,53,36,39,3,1,44,43,37,58,48,17,40,19,50,49,42,7,20,18,12,59,66,22,34,28,67,25,29,71,64,27,70,68,24,32,65,72,69
437,57,8,16,42,40,50,53,13,4,45,61,55,60,1,15,19,46,36,9,47,54,48,18,14,11,37,7,10,56,58,68,62,24,31,69,33,66,72,29,21,22,27,67,32,28,30,26
438,11,41,49,19,46,1,51,54,47,18,16,40,14,37,60,13,2,61,44,48,50,5,42,57,36,58,20,45,38,9,34,26,69,62,30,32,24,63,67,33,29,71,28,72,31,64,22
439,16,2,14,6,20,58,40,59,10,8,50,19,12,51,7,52,17,44,55,9,18,11,47,15,53,46,48,5,39,35,24,70,25,21,29,64,32,26,27,30,31,66,71,34,33,67,69
440,57,7,46,45,40,39,50,59,51,20,48,55,18,52,1,5,49,47,3,9,8,14,44,4,41,61,15,37,36,16,33,62,69,23,65,24,71,29,67,21,32,72,25,27,70,30,63
441,46,16,3,40,41,45,11,55,1,48,17,18,14,57,9,58,4,8,38,59,2,53,49,7,43,20,12,10,5,52,28,30,21,65,69,71,31,67,62,27,24,70,63,23,68,72,29
442,47,52,54,1,19,39,49,41,4,17,37,38,51,43,36,7,3,45,16,61,18,58,59,9,10,6,20,13,15,35,31,23,70,28,69,66,65,24,25,26,62,27,63,30,71,32,22
443,38,47,50,15,42,2,57,37,4,20,40,6,1,5,49,58,8,61,16,53,56,17,55,46,52,19,44,10,51,43,25,71,63,70,26,29,24,64,21,66,34,68,27,62,65,23,22
444,10,45,54,14,51,2,16,43,20,53,47,59,40,4,36,7,39,8,55,19,15,1,46,49,18,41,44,61,35,48,63,21,68,27,23,71,70,66,32,22,25,62,33,65,31,24,64
445,4,55,18,39,50,49,35,48,52,51,57,46,36,11,12,56,45,14,16,6,38,15,7,20,40,60,13,54,61,59,64,23,32,63,67,28,69,33,71,22,27,21,62,26,29,70,25
446,49,3,15,40,47,19,52,57,59,11,13,7,20,36,54,50,8,5,53,37,39,48,17,44,58,42,60,55,9,61,65,29,23,62,69,34,26,28,71,33,30,25,68,32,31,24,63
447,49,54,50,8,18,58,59,3,7,57,9,45,17,1,2,48,40,15,14,53,60,13,10,42,44,61,36,11,5,35,69,28,21,68,24,23,66,65,64,62,27,34,32,30,70,63,67
448,38,59,45,51,52,2,14,56,50,36,41,55,8,9,7,40,17,57,37,19,10,54,43,46,48,4,42,18,39,44,29,28,27,30,72,69,25,31,67,70,68,24,32,21,33,65,26
449,5,55,36,47,16,46,39,12,40,17,20,56,52,48,49,60,13,15,8,53,59,1,54,2,11,61,9,37,45,43,23,24,71,65,72,32,25,62,70,33,64,67,21,27,68,66,26
450,4,42,3,46,6,48,56,15,9,1,7,11,16,38,13,61,8,36,50,58,18,40,51,14,20,49,55,59,19,35,30,34,72,71,26,70,67,32,29,62,68,33,66,23,65,22,27
451,10,45,18,58,6,20,55,38,53,56,3,4,50,15,60,46,42,5,13,14,37,61,2,35,49,52,41,51,19,43,22,23,25,69,72,31,70,64,29,62,30,66,26,21,65,63,34
452,41,53,14,55,11,60,6,44,50,51,1,45,16,40,20,4,12,54,9,47,57,56,52,46,42,3,59,8,37,18,27,63,22,23,66,32,62,68,64,71,21,70,26,69,28,29,25
453,16,6,49,47,46,58,14,7,57,54,8,45,36,9,53,55,1,56,11,61,37,60,18,40,41,2,3,17,13,5,33,32,71,70,65,29,21,30,66,62,23,22,72,27,25,68,34
454,53,59,61,12,14,45,16,7,48,6,17,5,8,18,60,38,9,51,3,54,49,4,58,20,36,13,35,55,50,2,25,22,31,24,72,32,63,70,64,23,26,34,65,33,62,69,30
455,50,12,60,18,17,15,5,6,7,48,44,55,45,4,56,13,3,51,20,57,2,1,10,8,11,9,46,19,36,40,30,24,26,32,27,71,70,64,63,33,68,22,31,28,34,66,72
456,38,5,53,58,4,43,41,9,8,51,36,50,15,57,19,17,40,6,10,11,56,20,45,55,18,47,7,14,3,48,33,26,65,24,72,21,31,70,27,30,22,34,32,63,62,67,66
457,42,38,2,5,44,47,19,14,4,35,53,11,13,12,49,60,9,55,51,1,58,43,17,54,16,36,15,39,56,45,31,22,71,21,25,32,30,64,26,67,69,34,23,62,65,29,63
458,14,60,56,59,4,50,40,38,48,18,42,9,41,57,36,47,35,55,6,19,43,49,46,7,3,20,10,58,37,2,31,64,68,28,71,62,67,30,24,34,33,32,69,25,66,70,23
459,49,46,11,18,44,8,52,51,4,19,17,20,13,5,16,9,53,48,54,14,59,43,60,37,39,42,57,10,38,36,34,64,71,68,66,27,67,33,65,72,21,23,22,28,32,26,29
460,53,14,8,3,1,10,47,43,19,50,42,16,60,37,35,61,44,39,5,52,4,51,45,15,59,11,41,49,2,7,63,30,71,69,66,32,27,31,72,62,23,65,34,33,28,22,64
461,46,15,42,10,37,48,16,2,1,12,45,51,55,19,52,18,49,14,4,44,38,20,58,11,36,35,41,61,8,54,71,23,69,68,25,29,30,63,21,66,32,34,64,62,24,72,27
462,35,2,56,37,59,53,3,46,4,12,36,49,1,20,48,40,9,10,6,7,54,8,42,14,52,60,16,43,38,18,33,29,63,64,25,28,23,68,70,21,26,71,66,69,65,62,27
463,3,5,16,53,7,49,57,18,55,44,1,15,13,6,46,9,2,43,56,50,8,35,61,36,47,38,59,14,42,48,67,71,29,64,34,65,27,68,26,66,72,69,33,62,63,28,22
464,13,55,50,20,35,39,37,59,48,40,15,57,36,11,58,43,52,9,1,45,10,60,41,44,16,42,12,8,5,17,31,23,65,25,69,21,64,29,68,28,63,67,72,66,27,24,32
465,15,17,19,57,55,42,39,60,35,2,4,43,5,9,14,1,52,10,16,51,46,11,38,18,41,47,3,56,12,44,26,25,21,22,65,71,24,31,63,68,23,30,69,66,70,62,27
466,40,6,53,57,60,59,16,45,20,51,39,61,10,41,43,56,2,15,55,47,36,44,3,46,18,11,58,4,50,7,34,66,71,24,32,65,25,21,27,62,31,68,67,64,29,30,28
467,42,12,15,9,53,4,1,17,41,56,16,45,14,57,18,47,35,13,61,43,11,36,39,2,20,6,38,50,48,54,70,62,27,72,63,28,68,64,69,30,67,71,33,26,66,21,31
468,14,16,6,15,58,35,8,41,51,52,43,36,19,12,2,44,18,56,38,37,59,1,47,61,17,46,5,11,39,54,63,24,32,68,66,22,65,23,70,64,33,34,67,31,62,26,30
469,61,56,42,3,7,8,54,35,43,48,19,39,12,47,59,1,10,37,17,44,6,36,58,50,11,45,15,13,57,49,29,24,31,33,67,25,32,62,68,63,30,72,69,64,66,27,34
470,56,35,17,55,4,6,51,7,8,9,12,57,1,43,49,40,53,54,18,52,50,47,46,36,59,3,20,37,13,10,29,65,30,22,26,24,28,62,68,63,23,25,21,64,34,66,33
471,15,47,9,35,37,3,57,44,38,36,18,52,6,54,45,19,60,40,43,49,51,11,42,1,7,46,16,5,13,58,32,23,63,25,72,66,21,64,33,30,31,26,24,71,69,28,62
472,1,35,59,6,8,54,41,20,19,61,9,51,4,39,50,46,14,45,13,11,53,42,60,17,57,10,38,55,49,15,72,66,30,28,25,64,26,34,21,62,32,29,65,22,63,70,27
473,10,39,18,15,41,17,38,44,20,61,8,19,4,59,57,54,42,36,37,40,16,45,58,11,52,3,2,7,60,14,68,24,27,63,71,62,25,30,69,33,31,72,29,21,64,65,34
474,16,11,51,4,59,12,8,6,60,18,56,13,45,46,1,49,5,41,2,19,20,39,54,50,40,36,61,44,15,14,21,29,34,24,28,72,62,27,31,26,65,22,23,69,64,33,25
475,41,4,16,48,38,44,49,14,56,37,35,10,9,19,18,15,51,40,11,3,1,52,17,61,45,54,50,6,43,57,25,66,70,31,24,26,69,72,67,34,27,32,22,68,30,21,28
476,14,60,57,6,20,4,40,52,48,35,1,3,2,7,58,11,45,38,19,55,15,17,61,56,5,39,13,10,54,53,23,62,27,72,29,21,71,68,25,69,34,22,31,70,24,26,63
477,5,11,38,55,8,15,17,37,46,19,16,14,20,13,57,52,6,3,45,39,53,40,51,43,56,18,12,61,49,2,21,69,68,33,26,32,34,72,67,70,62,31,63,65,25,71,22
478,37,57,46,49,51,9,19,5,38,35,39,16,1,45,7,17,61,13,10,42,14,15,53,56,41,40,58,59,52,2,25,27,70,31,29,71,24,69,34,62,30,72,63,33,66,65,67
479,20,13,42,38,58,10,8,57,3,1,39,51,46,55,17,2,61,48,35,37,12,59,15,36,6,11,14,50,47,52,62,30,21,64,33,65,67,24,25,27,63,22,28,23,34,26,29
480,14,40,49,6,55,59,53,43,61,58,9,47,41,2,8,3,54,17,46,11,35,10,57,7,42,4,45,48,20,13,22,25,29,63,30,26,31,69,32,67,71,64,66,27,62,65,70
481,51,15,12,35,11,1,41,18,19,50,13,43,39,7,8,10,42,36,57,55,56,44,47,6,61,14,5,49,20,60,70,23,29,27,63,68,69,72,26,64,30,33,62,21,31,24,67
482,2,46,39,55,60,52,7,35,49,51,57,3,44,61,14,6,19,11,43,16,41,18,59,36,47,50,42,12,8,10,26,69,33,71,28,70,66,31,22,32,67,27,72,24,68,23,62
483,45,4,15,59,14,60,38,1,5,41,49,53,46,50,16,7,17,3,37,20,61,48,54,2,10,44,58,36,35,12,33,25,31,71,24,30,34,72,67,28,22,63,21,65,26,27,69
484,49,51,42,45,15,14,50,11,52,46,57,4,13,48,53,35,7,6,20,1,43,40,10,16,61,37,38,60,18,55,29,33,70,25,31,30,69,21,26,65,34,71,63,24,68,67,32
485,58,9,46,56,36,11,8,57,45,6,55,40,42,19,50,4,43,3,61,5,48,35,2,52,39,54,10,47,18,12,31,66,33,28,22,69,62,68,24,34,30,67,26,71,23,65,25
486,53,13,41,35,54,39,7,47,44,19,57,3,11,6,20,14,59,43,16,49,51,46,18,61,2,55,12,15,58,50,28,70,63,65,68,34,30,72,27,25,69,33,71,32,62,22,23
487,11,5,49,37,50,1,17,54,8,48,15,20,18,51,19,44,61,60,41,55,16,59,3,6,36,52,56,14,57,4,33,64,72,70,71,62,68,27,66,26,31,67,32,24,69,63,34
488,58,52,15,18,44,51,1,35,55,9,12,48,11,8,36,53,2,46,7,17,40,54,3,56,41,61,47,45,50,60,30,22,62,64,29,26,65,68,66,27,67,28,72,63,70,69,24
489,15,1,18,3,44,5,46,17,11,6,52,39,10,13,54,42,47,36,51,45,14,38,50,2,41,19,59,57,48,40,23,29,22,21,72,71,32,66,34,69,25,65,64,68,67,26,24
490,52,3,38,14,49,50,17,58,15,48,10,51,57,59,42,45,7,4,2,19,9,5,8,47,61,46,44,53,11,56,22,28,71,66,67,21,25,68,64,26,32,30,62,23,31,33,34
491,10,7,12,38,4,45,1,42,15,41,9,17,48,47,50,40,54,11,49,58,20,59,56,6,2,36,13,51,44,35,27,64,70,69,65,23,31,22,33,68,28,62,67,72,21,71,32
492,16,57,9,45,56,19,17,46,13,43,4,20,54,44,6,60,18,59,7,58,2,47,52,61,40,39,48,42,49,35,29,66,71,72,33,32,22,24,62,30,63,68,70,31,23,25,69
493,1,47,49,9,40,15,53,50,41,13,60,58,20,11,16,4,14,18,8,6,59,44,2,43,10,3,54,52,19,7,22,30,34,68,62,65,71,67,26,64,29,32,70,24,31,66,69
494,58,17,61,6,56,51,36,7,20,13,1,14,19,45,41,16,4,10,8,9,55,54,5,35,40,60,49,2,3,43,29,70,31,32,67,28,66,64,68,22,63,27,69,26,21,25,72
495,17,48,49,55,42,45,14,6,19,44,18,10,37,56,39,12,43,11,52,8,1,50,38,2,58,13,5,15,35,53,31,30,65,71,66,25,72,70,63,28,29,64,33,21,32,26,23
496,19,47,11,50,52,43,60,9,8,37,38,56,20,40,7,2,51,55,44,15,10,53,61,12,36,3,46,59,6,48,27,66,69,29,68,63,32,23,64,26,24,67,62,72,31,71,70
497,15,61,39,12,56,44,54,37,55,14,11,2,51,3,46,9,4,38,52,57,58,41,6,19,49,16,43,36,59,42,63,31,68,27,64,71,30,34,22,69,21,72,33,65,67,23,62
498,50,39,20,13,46,14,40,15,35,11,49,43,55,42,41,16,51,8,10,57,4,2,17,1,53,59,38,3,9,44,30,24,68,66,28,29,27,65,34,25,70,67,31,22,71,33,72
499,61,43,8,58,36,45,52,5,39,49,54,19,51,35,50,20,60,59,44,10,4,37,6,11,15,38,16,55,1,3,70,21,25,23,34,63,22,68,26,64,32,33,71,67,62,27,31
500,39,36,35,8,7,41,52,9,46,50,16,57,56,44,19,1,59,6,54,61,20,48,37,17,40,2,58,53,10,60,67,68,66,64,70,28,71,25,65,33,30,21,24,69,63,31,27
501,1,6,47,15,52,20,3,61,2,57,60,35,53,42,13,36,51,56,5,50,10,40,38,4,44,12,54,48,14,41,28,70,30,34,26,31,69,25,29,68,62,67,24,27,65,71,32
502,43,46,42,17,54,15,57,7,6,20,58,1,16,5,35,52,14,37,10,56,60,59,61,18,41,48,19,12,44,2,26,34,65,28,66,25,31,32,21,71,69,22,72,23,64,27,67
503,37,54,52,36,40,58,55,39,3,50,8,45,46,5,11,6,12,2,51,15,49,61,16,4,44,13,20,35,10,9,69,27,32,66,34,33,31,30,29,64,71,26,65,21,23,22,72
504,53,2,4,58,43,50,41,38,10,42,55,9,5,54,60,14,35,17,11,47,7,6,39,36,44,61,18,13,51,8,69,23,27,33,24,31,29,66,63,30,72,34,28,25,26,21,22
505,52,48,49,58,44,4,3,6,2,19,47,51,57,40,17,35,18,14,36,12,39,10,50,55,42,45,54,9,43,53,31,62,29,71,66,23,64,24,65,67,70,68,69,34,63,21,22
506,2,55,52,56,6,48,16,19,1,44,17,20,57,37,40,45,7,38,43,4,36,13,58,50,42,49,47,9,15,35,27,66,32,71,65,30,22,34,67,72,63,70,29,31,33,64,23
507,46,7,57,35,54,37,43,5,10,61,17,55,19,1,13,41,47,15,60,58,44,3,52,56,53,38,4,2,48,36,63,34,66,33,24,21,28,65,25,23,62,64,68,27,69,26,72
508,17,49,54,6,48,12,44,58,7,50,43,39,1,20,35,55,16,8,51,15,47,61,10,60,46,18,37,53,40,9,62,32,72,30,22,70,69,28,26,24,66,63,29,65,27,64,23
509,40,8,20,42,15,38,58,1,50,44,47,13,16,49,19,36,61,41,46,11,37,51,56,5,2,57,6,10,59,17,22,23,21,26,27,33,62,68,30,31,72,32,63,25,70,28,34
510,58,7,17,37,57,35,48,50,3,13,12,11,16,43,15,18,19,56,20,41,44,40,53,1,60,52,45,54,8,46,24,27,29,64,26,63,33,34,68,62,66,65,21,67,25,70,28
511,19,50,55,36,45,61,16,20,6,8,39,56,43,11,35,17,46,54,59,44,7,4,49,38,58,5,13,52,51,18,34,64,28,24,22,26,63,71,66,25,27,33,31,70,69,29,30
512,4,19,45,50,43,9,60,1,13,56,5,10,39,61,35,48,54,40,17,57,6,37,8,36,14,7,59,46,38,11,29,67,71,21,25,63,32,33,69,23,70,68,64,28,27,66,72
513,56,44,48,9,47,16,3,60,6,7,52,40,38,55,2,13,53,35,4,59,19,39,45,43,14,54,10,5,42,51,23,27,30,33,71,31,66,64,67,65,70,24,28,32,25,68,72
514,61,6,11,48,58,35,51,59,52,7,45,19,44,16,36,50,1,2,15,46,17,9,5,56,18,49,57,10,39,14,26,67,31,25,32,28,68,21,33,24,66,65,69,64,63,27,72
515,50,8,19,44,40,17,53,52,57,45,5,20,2,16,11,18,3,47,12,36,56,37,41,35,39,1,55,14,4,10,68,29,30,25,69,21,27,71,64,22,26,65,23,31,24,72,66
516,51,47,18,1,12,3,53,35,48,59,20,49,2,5,61,13,16,58,40,55,39,44,46,56,50,8,6,7,42,60,66,31,70,27,28,67,62,22,69,63,30,29,26,64,65,23,32
517,49,44,1,41,4,58,11,38,3,17,7,46,9,8,2,15,20,51,45,56,42,40,50,12,60,14,54,57,47,13,33,25,31,23,66,21,30,70,24,67,28,64,26,62,68,29,32
518,42,12,9,11,52,13,51,60,19,36,8,61,57,3,7,56,54,40,47,5,46,37,39,50,58,17,45,55,20,53,32,28,30,24,31,33,66,62,26,68,21,65,64,72,25,27,67
519,52,45,11,4,49,61,39,20,14,44,43,54,48,41,9,16,6,35,7,15,8,56,18,47,36,1,55,57,13,60,27,62,31,21,29,70,68,67,34,71,32,65,69,25,23,66,24
520,9,57,35,36,38,55,56,10,58,7,50,49,4,53,18,37,3,8,12,15,52,17,2,54,5,51,16,59,14,45,62,23,32,66,29,72,21,63,25,30,26,27,65,69,70,24,22
521,1,10,14,60,37,35,57,56,42,3,49,43,39,46,19,55,48,4,47,13,15,18,44,50,17,61,38,20,36,51,31,71,33,25,34,68,32,30,65,66,62,24,64,29,27,22,72
522,61,20,58,11,5,60,49,55,41,18,48,57,15,4,17,9,37,38,42,52,54,53,47,10,7,39,44,43,45,46,67,30,31,62,22,28,32,71,64,24,23,65,33,27,69,70,66
523,61,14,16,5,57,51,2,58,38,48,37,45,55,17,52,3,54,18,8,46,1,15,13,20,50,42,9,36,4,53,21,26,72,69,66,27,22,68,23,28,30,32,29,71,24,70,33
524,46,39,16,17,40,47,43,4,59,15,2,41,9,51,42,8,12,11,58,10,35,55,37,20,7,3,57,48,53,45,31,23,69,71,34,26,70,30,68,22,24,29,27,63,32,28,67
525,37,13,3,17,20,5,57,48,46,40,7,8,1,41,53,60,55,39,6,61,52,44,2,16,54,42,19,36,35,14,29,67,69,28,70,65,62,21,72,22,27,64,33,31,34,24,63
526,20,54,17,61,13,9,52,14,6,49,35,48,45,3,58,51,1,46,2,7,56,47,57,10,5,59,55,60,41,40,64,33,62,30,68,26,72,22,32,21,70,34,69,28,71,65,24
527,15,19,37,38,59,14,61,58,52,13,3,16,6,46,2,50,48,51,54,42,18,56,11,7,1,17,43,9,4,45,29,34,33,64,24,31,70,23,66,67,71,25,32,28,63,30,21
528,54,19,53,40,20,8,17,49,51,55,38,1,4,36,3,5,48,45,9,52,12,46,47,37,15,44,35,56,18,58,24,64,33,69,62,66,27,26,65,70,68,34,32,71,23,31,22
529,7,6,12,51,57,35,11,38,56,61,45,53,1,9,37,3,54,39,40,46,60,19,20,15,16,55,10,13,58,50,63,25,64,70,66,68,29,32,65,30,22,28,24,69,67,33,34
530,53,48,36,5,57,39,16,58,15,50,43,4,52,2,47,38,46,20,51,10,61,60,59,1,45,14,49,12,9,7,29,28,70,27,63,26,34,22,64,72,65,67,24,23,68,32,25
531,43,60,18,58,41,47,15,19,40,14,38,11,16,50,42,57,53,36,7,35,51,56,49,52,17,5,3,39,46,45,68,25,22,34,21,64,62,28,63,71,31,67,24,69,65,70,66
532,20,40,6,58,1,61,41,5,51,9,35,50,3,48,59,53,54,44,45,2,18,56,19,60,15,16,46,57,36,14,70,22,34,32,33,29,62,72,28,66,68,71,27,64,67,21,31
533,48,54,8,47,45,3,55,43,9,13,51,36,39,1,40,5,18,20,53,4,10,46,6,41,15,19,17,42,60,7,71,25,62,33,29,67,65,66,34,23,69,72,28,22,30,64,68
534,44,13,1,9,49,59,60,37,52,14,6,56,61,42,4,7,5,55,38,19,3,36,46,20,51,58,54,47,17,16,21,34,71,25,24,27,66,69,68,23,31,33,30,65,72,29,62
535,17,55,35,48,41,18,9,58,60,8,12,16,13,57,56,61,50,46,38,20,52,51,43,2,15,39,14,40,54,47,72,71,62,21,23,28,31,27,70,26,22,34,32,25,67,33,24
536,1,49,6,13,45,38,58,14,41,55,48,60,43,47,42,11,8,19,5,2,40,37,52,56,44,20,15,4,16,57,28,34,24,64,67,22,66,30,69,65,29,25,21,27,62,72,32
537,46,55,2,5,13,48,40,38,52,11,9,35,53,49,41,37,10,16,20,17,43,50,58,3,6,14,45,44,54,39,72,71,63,33,22,67,65,27,34,25,24,68,69,29,70,28,31
538,13,59,4,61,43,18,46,38,56,47,9,35,11,49,52,37,3,50,20,53,7,39,8,5,1,10,19,48,6,51,32,65,69,30,72,27,29,67,64,33,22,62,28,26,24,68,70
539,46,57,39,6,41,10,15,5,52,35,9,8,43,44,37,38,48,51,36,16,11,18,13,53,54,12,2,58,7,61,66,63,32,65,33,68,24,27,69,23,67,30,31,21,29,71,26
540,48,37,2,57,47,11,50,38,56,43,49,53,16,59,51,9,6,46,15,4,58,10,8,41,7,44,55,39,42,14,31,65,62,63,24,26,67,70,25,22,69,33,32,27,64,72,34
541,20,4,51,52,57,18,53,49,50,45,8,37,56,36,16,17,5,55,40,10,47,11,39,41,61,9,13,35,15,2,29,21,32,27,23,71,33,25,26,22,30,31,64,68,63,34,28
542,9,5,13,38,1,2,44,42,19,49,20,46,11,61,59,52,39,36,3,8,54,6,12,10,40,4,57,55,17,35,22,28,62,31,21,29,66,71,64,24,27,69,70,23,32,25,30
543,60,2,13,14,15,7,45,43,55,59,57,4,40,8,18,35,48,38,1,42,39,58,54,6,46,16,5,36,41,49,29,33,66,26,23,22,24,70,28,63,65,32,34,71,27,72,68
544,5,18,19,40,58,38,55,14,60,45,52,43,2,48,10,9,50,16,53,20,51,41,15,12,39,47,49,44,46,54,24,29,71,22,26,30,64,23,67,72,32,31,21,63,28,25,33
545,45,7,55,40,39,1,14,50,17,61,58,35,47,13,51,4,36,60,44,19,5,8,10,9,48,43,2,57,15,6,23,34,70,24,66,63,67,33,31,26,68,25,65,28,32,29,21
546,44,35,57,50,10,60,56,45,3,54,19,38,16,1,13,41,51,40,15,14,5,58,42,46,55,2,9,37,20,47,29,25,23,32,27,33,68,71,21,72,65,70,22,31,67,64,69
547,49,43,38,20,52,50,11,19,60,6,16,13,37,36,3,2,15,53,42,17,48,8,40,58,55,57,51,61,4,59,64,27,70,34,68,23,22,62,28,63,33,30,21,26,71,25,31
548,15,1,2,53,13,41,4,49,44,56,36,8,42,61,50,10,37,18,7,5,43,12,45,48,11,20,6,60,16,55,31,29,30,69,24,66,64,25,68,27,32,70,34,65,72,33,63
549,17,39,43,20,19,18,50,53,60,6,51,12,49,2,59,14,41,52,35,15,55,45,61,42,57,7,44,56,5,4,64,65,21,26,68,69,24,34,71,72,62,28,66,33,67,31,63
550,52,40,43,3,4,55,57,11,20,51,6,5,56,18,38,49,42,16,36,39,47,60,2,35,45,19,58,7,44,8,69,25,67,68,24,32,30,22,63,65,26,33,29,23,71,21,62
551,44,51,46,40,5,56,61,41,58,49,38,47,52,39,55,35,3,59,10,45,42,50,60,53,16,6,13,11,8,20,31,24,69,63,25,23,26,21,72,29,28,66,67,30,32,71,33
552,43,48,41,6,10,60,3,44,18,47,36,9,50,2,7,12,56,54,49,57,40,39,59,52,14,38,55,37,11,4,31,33,68,22,28,69,25,32,62,24,23,64,26,71,67,27,72
553,40,44,43,37,12,1,54,19,11,55,46,3,4,60,49,9,15,14,61,5,38,45,7,51,16,39,47,20,13,36,62,70,30,27,31,24,21,69,34,28,23,71,26,66,33,72,64
554,2,10,36,54,43,56,18,20,49,13,41,48,50,14,61,44,9,55,15,42,17,59,19,40,45,7,39,52,46,47,33,23,65,67,28,22,30,68,34,72,64,32,24,62,69,63,70
555,46,9,57,60,50,35,12,54,5,14,17,40,45,56,16,59,13,44,48,15,10,53,8,41,2,6,7,1,39,37,23,21,24,68,22,33,64,27,67,62,28,34,66,29,26,63,69
556,6,56,53,1,9,10,11,8,2,7,59,40,5,3,17,16,50,48,61,4,37,35,47,54,46,19,58,15,55,12,31,63,28,25,62,67,29,65,23,69,24,22,34,32,21,66,26
557,57,14,17,2,41,19,56,45,7,9,59,37,49,61,16,5,15,3,58,18,60,43,6,48,20,1,51,54,13,55,22,32,63,67,62,64,21,33,23,72,26,25,69,28,27,66,31
558,36,12,15,5,20,54,19,52,45,2,35,3,17,1,56,51,16,42,58,46,61,39,53,55,40,4,49,50,6,14,27,63,68,32,70,62,71,67,66,72,69,33,21,65,25,30,64
559,1,19,41,46,52,13,40,4,47,17,11,57,61,58,15,48,9,55,12,42,56,36,45,10,3,54,50,60,49,37,62,71,72,32,34,23,66,26,22,24,28,25,30,69,29,63,65
560,51,37,12,16,2,61,6,52,8,38,58,57,3,60,47,48,43,36,20,10,55,18,49,44,56,39,35,11,9,15,72,29,33,27,22,69,30,25,31,65,28,64,26,68,23,24,21
561,15,13,47,10,35,5,20,11,55,49,40,12,7,16,42,56,8,54,51,37,53,39,50,2,17,59,52,9,1,58,30,23,28,33,70,27,24,72,66,64,32,62,34,29,67,68,21
562,9,14,45,35,42,43,59,60,39,1,52,53,46,10,7,13,4,41,36,48,6,37,58,40,19,2,38,44,17,16,62,26,69,65,66,33,64,27,31,25,63,71,21,28,22,68,70
563,35,59,1,6,8,57,9,18,61,41,49,60,37,36,45,5,53,19,54,44,11,13,20,10,14,3,43,17,15,42,29,30,21,32,70,28,31,33,68,64,62,22,27,66,24,23,67
564,8,7,36,54,61,44,60,43,55,59,39,53,10,45,17,20,14,41,50,47,38,2,11,37,9,18,3,57,35,5,23,72,71,68,32,62,21,27,69,29,26,24,65,28,66,30,33
565,6,39,9,57,16,41,46,4,13,51,10,54,49,20,56,48,8,42,60,45,18,19,59,3,44,43,53,1,17,52,66,69,24,32,26,71,34,72,28,70,29,62,65,25,23,68,67
566,49,36,20,3,15,50,18,40,47,45,4,54,52,58,41,10,7,51,13,14,1,12,16,57,37,39,17,43,53,48,69,30,21,70,33,71,24,63,25,62,29,32,28,22,27,72,26
567,39,54,16,41,57,43,7,53,46,15,12,3,10,59,14,55,51,4,5,47,8,50,2,20,11,48,38,60,52,58,68,66,28,31,32,26,24,22,62,70,23,30,69,27,34,65,72
568,17,49,18,55,52,40,56,42,3,10,20,43,35,36,12,45,15,48,53,9,44,60,59,46,39,2,6,38,19,5,65,64,24,69,21,22,66,67,31,71,62,23,70,30,72,28,34
569,11,14,18,20,51,35,53,13,12,16,60,56,19,52,7,58,41,2,45,59,8,37,39,55,15,10,36,40,42,57,24,70,65,28,72,67,26,63,21,64,31,66,71,69,62,27,22
570,59,19,13,8,14,61,17,51,4,9,11,20,39,10,49,16,37,50,44,38,53,15,48,42,58,41,55,7,18,56,34,67,24,30,69,31,21,26,25,71,33,23,63,70,62,28,64
571,17,5,40,55,39,54,18,10,15,9,50,52,2,42,44,3,57,53,1,56,61,4,51,41,20,49,36,35,12,19,70,31,69,24,64,66,65,34,28,62,30,23,25,21,26,29,63
572,13,54,60,56,49,7,35,36,19,39,40,57,6,10,12,5,11,17,53,4,61,55,45,52,2,38,41,58,15,43,64,21,32,72,30,27,70,63,62,34,66,33,65,68,31,29,22
573,59,1,3,17,61,53,38,37,39,60,56,55,20,2,44,47,4,43,50,15,40,5,19,13,49,18,46,10,48,58,66,33,34,64,28,31,32,27,62,23,71,30,63,70,29,68,25
574,18,37,44,16,46,12,49,60,4,48,61,6,42,17,54,39,51,55,15,7,45,56,50,38,20,8,52,36,57,11,21,65,72,68,28,34,24,25,32,27,22,69,26,33,63,23,31
575,44,18,42,2,54,14,51,37,35,45,40,38,12,8,59,9,39,36,20,6,11,41,57,17,5,19,52,55,43,61,71,24,28,34,72,32,70,69,65,68,22,64,27,33,66,26,23
576,14,16,57,44,41,2,50,9,1,61,55,5,20,3,38,58,13,17,8,35,4,7,49,10,45,19,15,56,53,6,67,28,65,69,25,71,26,24,68,22,21,33,66,63,34,29,62
577,12,59,50,40,58,54,51,14,38,3,7,60,41,4,19,44,8,49,15,37,16,11,46,53,61,43,42,13,56,45,27,28,64,21,66,69,72,26,34,71,32,70,24,31,68,23,63
578,20,47,38,19,18,7,16,54,3,58,2,61,10,17,46,14,42,60,52,35,13,12,43,48,37,41,51,56,8,44,62,33,63,30,25,66,34,31,22,29,21,70,69,64,72,68,26
579,42,18,13,61,60,52,48,44,55,56,17,8,2,53,20,14,16,47,39,41,58,57,19,43,49,12,5,9,50,45,32,72,24,69,31,29,66,27,68,34,28,70,30,23,26,63,22
580,55,61,4,1,12,10,53,56,8,49,58,50,11,7,2,46,37,42,41,45,48,54,40,60,35,36,6,43,13,52,63,71,27,69,62,64,32,65,34,25,67,23,33,70,26,66,30
581,40,15,10,51,57,60,39,16,47,4,49,41,12,18,46,43,11,42,3,45,52,2,50,35,17,9,38,8,56,37,65,33,30,67,32,68,24,62,31,25,64,28,26,29,21,71,72
582,11,59,49,48,58,43,56,52,8,35,60,50,47,9,44,20,13,54,42,57,12,53,10,51,3,37,45,55,4,7,72,71,25,67,27,22,64,65,33,68,62,66,63,30,29,28,21
583,60,19,37,2,10,18,51,3,61,36,53,55,15,20,44,39,49,4,12,9,58,56,11,5,47,17,14,45,40,43,24,25,22,64,26,32,33,65,63,72,66,30,67,70,28,23,31
584,14,18,52,20,9,45,42,58,56,1,11,4,50,7,47,6,49,61,19,59,39,41,2,5,60,40,16,13,48,51,31,67,23,28,66,71,29,69,30,34,33,72,22,70,21,65,62
585,45,44,50,39,11,5,7,54,59,36,35,49,8,41,60,38,20,53,40,3,12,61,2,57,15,52,47,51,43,18,72,63,30,27,34,67,65,21,22,70,32,28,71,25,62,29,68
586,36,6,39,18,49,52,45,7,44,8,57,40,58,38,20,17,15,19,12,3,48,53,43,37,11,47,13,60,4,42,27,26,72,25,31,68,30,28,33,24,64,23,71,22,70,34,62
587,46,14,44,60,35,56,16,18,55,10,51,3,19,38,15,36,50,9,12,6,17,40,45,61,52,43,13,11,59,48,28,68,30,62,67,25,32,21,72,71,63,27,31,66,24,69,64
588,3,46,48,45,37,57,39,43,54,17,35,8,58,7,13,50,41,16,12,20,42,14,55,4,6,9,56,40,53,18,63,67,28,32,65,31,69,68,21,70,66,27,22,64,72,25,29
589,51,3,36,20,13,47,60,56,53,16,49,61,18,11,52,39,55,42,45,17,7,43,15,19,10,5,2,1,40,54,21,33,25,23,28,62,67,26,24,70,64,71,68,65,72,22,30
590,43,9,57,4,1,5,20,11,55,17,46,53,38,35,8,18,41,16,13,19,44,2,48,40,47,59,15,49,42,37,21,23,64,29,68,33,70,63,32,67,24,65,31,27,71,34,72
591,48,1,44,50,60,3,9,12,19,6,37,18,5,43,8,49,10,14,53,45,11,51,38,13,36,59,40,4,41,15,63,34,32,64,65,68,69,72,29,67,28,62,71,22,30,26,31
592,58,61,47,2,4,50,41,37,9,57,55,15,16,45,39,56,35,20,10,1,52,38,13,11,12,44,5,17,48,60,34,71,24,62,67,65,69,70,22,25,26,21,64,29,72,33,30
593,12,44,49,9,55,2,10,50,6,35,14,1,4,8,19,7,52,54,5,53,16,17,61,3,47,39,57,58,48,15,34,63,70,24,67,22,66,64,25,23,72,31,33,65,30,69,21
594,60,43,15,37,17,55,18,52,7,5,40,13,12,61,54,48,45,53,6,20,46,4,3,10,11,56,58,41,19,57,25,31,29,24,66,72,34,64,28,68,32,26,69,27,67,70,63
595,8,40,36,13,44,51,4,37,53,39,2,49,1,59,35,58,55,18,16,52,38,12,14,45,6,10,47,48,5,56,63,26,23,34,32,67,33,62,25,31,66,69,24,68,27,28,65
596,56,52,8,11,7,16,10,12,43,18,59,41,35,38,55,1,47,2,44,36,4,50,37,20,46,54,19,14,6,9,67,65,64,68,34,33,30,63,66,29,24,71,25,28,70,72,27
597,6,1,45,14,60,56,35,48,59,15,42,2,58,8,5,55,13,11,50,12,39,52,49,40,37,38,3,54,7,16,23,21,31,62,70,27,66,65,33,72,34,32,26,24,22,28,30
598,41,16,51,57,17,46,39,45,58,8,11,2,61,52,13,60,15,19,56,44,53,9,4,48,59,10,18,14,42,43,68,67,24,26,22,30,63,29,70,72,66,69,32,33,25,71,23
599,54,61,42,4,11,2,16,17,8,37,52,47,20,60,39,45,58,19,55,49,13,12,1,46,7,53,9,15,40,51,30,21,25,63,64,23,32,71,69,67,72,22,66,31,65,62,29
600,49,45,54,46,20,41,7,5,11,50,16,39,51,48,19,53,60,61,57,8,37,52,1,13,12,6,35,17,47,3,67,70,65,23,22,66,31,68,71,72,64,33,69,63,34,30,26
601,8,18,41,1,55,7,59,42,37,39,17,52,57,43,11,19,46,53,40,10,36,16,45,50,5,4,47,56,20,12,22,26,68,30,64,31,72,67,69,29,65,62,25,21,32,27,63
602,5,58,1,2,35,3,50,46,18,43,61,20,53,13,16,15,51,59,17,36,4,48,52,11,41,60,14,38,57,45,33,29,34,66,21,67,69,32,63,70,27,64,28,30,25,26,72
603,17,35,19,4,16,49,7,6,52,40,46,1,50,15,42,57,37,56,20,10,9,54,53,58,14,12,39,41,43,13,65,33,28,29,64,66,32,62,71,63,21,30,26,67,34,69,70
604,40,58,16,49,52,2,41,38,1,13,36,51,56,42,15,57,3,53,20,19,35,46,39,17,9,59,8,4,14,6,28,67,33,31,68,27,69,25,26,62,22,72,34,65,32,66,71
605,7,19,51,9,61,48,50,10,44,20,18,46,5,13,1,57,38,2,36,8,59,45,41,16,60,42,43,37,40,11,70,27,28,30,68,23,72,67,34,69,65,33,21,66,22,26,29
606,7,16,1,56,43,46,8,6,37,36,49,2,17,9,4,54,12,38,41,18,48,10,19,15,60,35,55,57,61,11,30,67,62,69,25,71,33,23,31,72,34,29,66,24,21,63,27
607,13,42,12,4,18,17,43,57,8,16,59,14,54,41,48,47,11,19,36,10,40,60,51,52,7,20,61,39,45,37,63,66,25,65,30,72,23,28,62,26,68,22,21,31,64,67,29
608,42,44,43,53,11,10,50,12,20,49,46,5,14,1,45,56,51,54,36,61,41,60,40,55,58,59,52,16,19,39,72,31,64,22,68,71,21,69,28,63,66,23,34,67,25,65,32
609,44,42,12,6,1,36,49,45,14,56,15,9,54,13,51,58,3,8,7,61,59,18,53,16,11,19,20,40,10,39,31,28,22,26,67,24,72,30,21,63,70,25,65,23,64,68,33
610,39,9,53,36,50,43,58,5,1,60,56,54,12,45,51,7,44,41,6,57,13,11,37,17,52,2,59,3,47,55,28,24,31,66,70,29,32,23,69,68,22,63,62,72,33,27,21
611,61,16,49,7,20,45,58,51,59,1,46,11,57,5,14,43,60,41,52,44,12,2,6,9,53,13,35,17,4,55,31,24,66,26,68,71,29,69,22,27,72,28,65,64,30,63,21
612,61,40,52,19,49,55,48,44,2,12,8,41,50,5,43,47,45,60,14,42,35,18,54,4,58,39,37,57,11,17,24,27,67,69,29,71,28,23,21,34,64,26,62,66,63,31,65
613,15,60,35,13,37,48,40,16,2,51,57,58,8,17,6,53,56,11,7,19,43,5,1,10,9,12,4,55,46,3,66,28,29,65,70,32,21,64,71,31,33,26,25,24,27,22,62
614,13,20,58,38,57,9,10,52,16,54,8,55,43,15,44,7,12,61,6,45,48,56,19,42,41,17,47,46,51,60,24,21,22,30,65,33,63,72,23,27,69,28,62,71,25,68,29
615,56,45,2,37,13,16,5,60,15,40,55,49,35,10,51,19,14,7,44,47,11,12,6,17,41,36,9,20,43,8,32,69,23,28,21,30,26,68,27,71,24,62,64,31,67,63,29
616,40,55,36,46,59,16,42,1,35,14,5,51,57,58,48,49,60,2,38,54,20,18,12,41,45,8,10,19,47,6,65,32,21,28,33,29,63,68,31,72,66,27,25,23,64,34,62
617,61,5,58,19,1,46,59,17,44,55,20,10,16,36,2,14,41,12,15,53,54,4,48,35,47,51,50,6,9,60,23,67,69,32,22,26,24,29,68,66,31,70,27,65,25,64,30
618,57,38,12,40,41,18,37,9,48,56,11,15,47,55,7,5,61,44,54,10,59,2,35,60,42,43,49,51,39,17,67,62,65,25,32,30,63,24,29,72,22,28,64,66,31,33,68
619,19,53,50,10,40,55,42,57,58,60,7,51,41,39,12,45,44,59,14,36,38,35,3,9,54,5,1,17,11,2,64,32,27,30,68,65,24,67,28,71,72,22,34,66,70,69,31
620,41,19,11,50,7,17,58,55,18,48,1,38,10,16,13,51,47,12,49,5,61,35,4,39,60,53,45,43,54,6,31,22,23,34,71,29,30,68,72,67,69,26,65,24,27,25,63
621,2,17,54,40,46,12,7,35,4,41,47,3,59,20,43,45,58,15,16,18,36,57,42,9,38,53,6,50,48,1,34,67,29,26,70,66,31,30,22,71,64,24,62,33,27,25,69
622,6,4,43,49,54,40,2,10,12,57,48,53,46,45,14,44,7,61,37,36,20,18,51,17,59,39,47,58,52,55,70,24,65,34,71,27,30,26,22,69,25,72,23,68,63,67,32
623,3,54,61,58,15,44,56,49,55,45,46,39,5,57,60,40,16,50,48,9,17,38,36,18,14,42,7,2,52,1,68,65,67,72,26,28,32,22,71,25,62,33,34,63,27,29,31
624,55,14,3,9,6,49,17,52,4,50,2,5,46,38,37,60,1,41,45,36,59,16,56,18,58,15,44,19,39,10,63,71,70,64,34,69,32,65,24,72,62,30,66,33,28,26,22
625,53,52,17,37,10,16,9,40,6,4,61,47,43,50,45,1,13,42,51,11,59,57,3,44,35,36,46,19,2,60,31,34,23,33,29,25,69,62,65,24,70,30,72,22,26,68,67
626,58,12,44,20,6,51,19,59,56,4,3,52,38,49,13,17,55,11,42,39,18,10,14,16,8,7,35,9,57,37,68,32,70,71,31,30,29,64,63,62,65,66,21,25,34,22,33
627,17,43,45,46,54,14,20,38,61,35,12,1,15,51,3,58,42,8,5,37,57,48,39,44,6,2,9,56,60,11,23,65,72,32,70,34,68,71,64,29,27,67,62,31,26,69,25
628,10,55,4,52,3,20,37,43,6,51,14,58,35,56,49,50,53,41,2,39,17,15,36,57,54,44,1,11,47,8,72,24,28,67,34,32,31,33,62,63,64,70,23,25,69,30,71
629,2,61,42,54,58,45,20,56,35,43,39,37,48,18,47,36,7,6,19,1,40,10,14,44,16,9,38,12,5,11,72,63,27,33,29,62,30,23,67,22,71,25,24,28,21,31,64
630,45,8,57,46,58,11,2,47,44,14,60,42,19,40,43,52,53,17,9,1,4,49,6,35,15,16,55,61,3,56,62,27,28,21,65,70,24,63,32,66,71,69,72,67,31,68,22
631,10,45,44,2,14,50,35,39,51,17,40,52,7,3,37,11,6,48,5,20,57,60,16,19,55,43,41,8,58,12,70,64,67,23,68,30,65,71,27,66,63,22,33,28,29,26,21
632,11,45,5,38,1,41,59,50,44,19,56,8,7,13,9,43,17,15,55,46,37,16,54,53,58,39,3,4,36,6,30,64,28,27,67,22,63,33,34,29,31,21,24,32,68,72,25
633,44,48,55,14,15,5,9,42,20,57,11,17,60,35,38,50,2,51,56,7,58,37,10,59,13,1,41,43,52,39,31,22,70,71,23,66,62,72,26,25,69,33,68,27,30,21,24
634,38,35,51,44,43,50,57,36,59,7,15,58,40,2,47,13,3,9,18,14,5,17,19,46,42,1,45,48,12,16,63,65,29,30,22,71,25,27,69,64,70,23,34,31,33,24,68
635,45,12,20,46,18,44,53,49,15,14,59,55,6,17,38,5,36,40,2,7,58,50,16,42,51,54,61,13,52,56,32,26,69,65,67,23,68,72,21,66,22,29,27,70,63,28,34
636,47,3,60,46,41,38,58,36,12,51,6,49,5,48,55,39,19,16,59,43,61,14,11,45,13,10,15,50,37,56,72,22,29,62,31,23,28,30,34,66,27,64,21,26,32,63,67
637,56,50,41,9,38,1,14,19,44,61,35,5,13,43,59,37,47,2,18,55,49,16,12,60,10,58,39,36,57,6,62,71,21,64,29,72,68,25,26,33,70,23,27,30,22,34,31
638,58,14,43,54,57,20,39,61,35,18,12,11,53,47,16,7,49,52,60,19,45,46,15,40,48,56,37,1,13,9,25,29,24,64,22,31,65,34,70,68,63,32,30,72,27,23,28
639,59,7,61,19,38,10,56,3,13,42,60,45,50,35,48,39,18,58,4,5,1,54,9,6,47,53,20,2,40,57,69,21,72,28,25,34,27,63,66,24,62,65,70,29,68,71,30
640,39,3,13,19,54,57,16,56,2,47,49,15,60,37,7,46,52,9,44,48,12,42,58,59,20,51,45,55,18,4,63,70,69,22,71,27,21,67,64,30,32,23,72,29,34,66,68
641,53,18,47,44,12,35,50,10,48,3,43,57,42,6,20,11,61,14,19,1,39,37,45,13,8,36,41,40,49,2,27,64,68,71,72,25,33,30,21,63,69,24,62,66,28,32,22
642,2,53,11,7,56,45,4,35,59,5,6,52,55,42,49,46,15,58,48,41,37,60,54,43,13,8,14,61,57,20,33,23,21,29,64,63,30,34,72,28,69,62,31,68,26,65,22
643,57,6,5,4,2,50,49,48,15,35,61,14,42,3,7,54,56,10,60,39,45,40,9,59,38,8,36,11,43,16,26,28,34,63,24,68,72,27,30,23,69,66,65,25,70,29,31
644,52,41,40,15,39,57,49,45,4,35,38,8,2,46,1,48,44,5,58,55,51,10,42,59,37,13,60,6,43,7,68,24,65,22,28,34,63,67,27,62,30,23,26,66,21,69,33
645,60,57,58,17,5,18,37,13,38,39,35,12,2,44,45,46,16,43,59,55,36,14,47,10,19,3,4,11,41,20,63,21,31,33,71,69,29,66,22,72,65,67,32,24,62,25,26
646,41,7,40,12,9,6,61,16,1,45,14,39,46,51,42,8,48,57,56,54,52,49,19,15,58,53,55,17,59,50,67,63,66,31,26,62,28,64,72,30,71,33,22,24,68,34,70
647,38,40,46,18,8,59,11,43,4,55,36,35,9,3,53,39,44,60,14,16,52,50,42,45,17,61,13,19,49,1,27,22,32,63,64,28,69,30,71,70,25,31,72,65,23,62,34
648,56,51,42,36,9,53,5,49,15,57,11,54,18,10,16,47,41,43,46,61,1,4,40,44,48,39,3,52,58,55,70,21,33,30,28,27,62,71,65,72,32,34,29,26,68,64,23
649,44,37,36,2,5,35,39,9,13,55,51,11,10,52,12,20,58,16,3,6,45,43,54,61,19,7,18,46,56,48,33,28,22,23,70,64,72,31,24,25,66,26,68,69,63,67,30
650,56,8,5,40,17,19,13,11,51,3,35,37,43,10,44,60,61,48,39,57,47,49,1,9,50,42,18,6,14,46,25,23,33,21,31,62,66,28,70,71,63,24,32,64,27,68,26
651,47,35,37,60,61,41,13,3,45,54,38,52,40,59,55,49,56,20,10,57,18,2,1,39,7,43,16,51,46,36,30,27,34,64,21,66,32,23,68,72,70,67,28,69,25,31,22
652,53,12,43,55,10,42,52,15,61,19,5,46,59,51,39,50,44,2,47,45,57,60,14,35,54,17,18,58,6,37,72,32,62,34,69,27,25,26,24,67,64,71,70,30,29,28,63
653,41,17,57,35,50,5,15,51,12,59,61,6,11,48,16,53,2,19,40,46,9,60,42,47,58,39,13,38,49,20,71,70,21,32,65,23,27,62,24,26,64,68,33,66,63,25,29
654,48,1,17,47,38,56,15,57,2,39,7,9,37,11,12,19,55,53,16,59,3,43,45,58,42,36,5,60,6,49,29,21,32,68,23,24,62,72,22,63,34,25,71,27,70,65,64
655,3,9,54,51,61,46,39,8,12,10,5,19,44,55,36,45,52,2,11,43,47,48,50,37,57,38,49,59,41,53,29,31,25,66,70,71,65,72,68,30,24,28,33,21,62,27,22
656,14,41,61,12,60,39,52,40,15,54,37,48,38,55,46,18,6,35,5,20,42,45,13,16,51,43,19,8,36,49,24,72,25,30,23,27,34,32,31,28,71,69,29,65,63,26,70
657,6,52,50,12,55,56,57,61,14,39,20,4,11,58,7,43,53,49,41,38,9,2,37,47,48,40,13,60,5,1,63,66,27,25,29,65,69,64,23,30,26,21,70,32,34,62,72
658,37,53,42,47,18,40,7,44,61,10,57,35,52,3,11,46,2,43,19,14,17,36,15,38,8,16,56,49,12,59,26,33,24,64,68,70,62,71,23,69,27,63,32,31,67,65,25
659,44,6,13,1,16,15,17,4,50,47,12,51,14,9,49,8,3,20,55,57,41,11,10,42,59,38,35,56,61,48,22,64,21,68,65,72,66,24,30,69,71,29,32,27,26,25,34
660,59,45,9,53,36,37,46,35,48,2,3,43,19,38,8,41,42,18,51,17,7,16,15,57,20,60,13,50,39,11,69,23,68,63,30,67,64,24,28,31,27,22,34,62,66,21,29
661,20,60,59,19,5,12,43,13,48,9,46,53,4,58,1,10,42,8,49,15,45,35,2,41,55,11,38,47,51,56,25,27,64,34,31,32,63,62,28,23,30,29,72,24,21,71,65
662,43,12,20,16,15,48,56,8,14,36,38,17,2,18,60,19,39,4,57,3,42,54,44,35,52,45,61,7,5,47,34,69,23,27,68,29,33,31,64,65,26,28,22,66,24,62,70
663,14,50,43,6,16,55,57,59,51,12,41,61,5,39,35,13,58,45,46,53,9,38,37,15,52,3,20,56,54,19,27,68,64,25,62,69,72,67,33,26,24,23,30,63,21,66,32
664,12,44,57,10,9,43,52,54,15,50,13,51,46,3,55,40,45,48,38,60,2,39,14,61,19,16,35,37,58,59,21,27,33,68,28,29,34,62,63,32,72,31,22,26,70,64,66
665,10,51,45,7,44,57,48,8,9,12,47,14,43,61,11,53,58,16,46,41,39,35,42,49,4,56,18,40,52,13,70,65,30,71,68,31,34,63,22,62,28,25,66,69,72,23,64
666,49,37,51,35,5,44,39,10,47,8,36,15,1,18,2,38,55,46,59,7,6,20,4,56,48,14,13,60,41,16,27,69,67,70,71,25,24,32,33,22,72,65,64,63,34,66,31
667,11,54,47,35,12,19,46,17,42,40,43,41,4,18,2,45,57,14,39,48,7,59,49,9,1,50,37,61,13,52,25,33,69,71,62,68,65,23,27,21,28,34,72,70,29,24,67
668,61,60,6,18,52,48,40,3,17,47,11,45,56,7,41,1,49,8,38,19,36,59,20,50,58,46,4,54,53,37,67,21,66,22,28,65,27,23,69,68,31,29,26,30,64,71,34
669,5,15,40,10,36,41,8,14,13,46,56,3,37,48,19,42,18,44,16,4,39,20,1,2,51,58,12,60,54,59,29,63,70,69,25,24,23,22,71,31,66,72,26,33,62,67,30
670,60,42,49,11,7,61,51,8,39,5,54,45,2,19,52,56,12,4,1,41,48,55,16,13,10,14,44,17,6,18,72,27,21,23,22,70,26,69,30,68,71,33,62,31,65,63,34
671,40,43,57,49,58,47,16,36,11,8,51,17,4,54,1,50,41,20,55,38,12,60,46,13,42,19,18,56,61,45,27,62,67,66,25,34,68,33,22,64,21,23,72,65,63,29,31
672,20,54,3,59,50,41,38,57,14,18,44,36,45,40,60,49,51,16,10,4,55,7,11,9,5,19,13,56,12,42,25,32,72,33,29,22,27,31,63,68,24,70,65,66,71,30,21
673,43,1,15,55,54,10,36,5,8,40,12,59,44,53,18,19,47,37,61,7,14,3,49,20,2,57,41,16,45,48,23,22,25,29,34,72,30,32,71,67,21,31,27,70,24,62,26
674,42,49,47,10,3,19,61,57,8,13,35,53,7,20,18,17,38,58,54,48,5,1,11,52,36,40,6,44,15,45,63,27,22,65,62,32,31,29,33,34,28,68,69,24,21,30,23
675,40,59,9,53,20,41,42,14,7,49,46,56,43,2,60,51,19,45,17,48,13,50,37,57,44,54,58,18,12,35,64,65,25,66,70,26,67,33,30,68,34,31,62,32,21,72,22
676,61,42,20,48,47,36,41,18,7,53,39,6,40,45,16,5,60,58,2,50,52,13,46,17,59,51,44,19,56,35,68,71,72,62,24,27,21,25,65,31,63,69,22,70,23,67,26
677,38,49,47,46,16,59,15,50,4,44,10,8,39,51,55,18,19,60,40,41,37,43,1,57,14,42,17,53,13,61,31,29,32,67,72,65,26,22,24,25,66,33,68,27,34,71,62
678,11,37,4,36,47,17,3,56,8,10,20,48,16,45,54,7,12,58,50,14,42,18,38,57,39,13,46,1,5,44,29,72,63,33,28,67,71,30,65,32,70,64,21,25,68,34,31
679,11,54,8,7,38,20,12,41,18,6,35,43,9,57,53,42,55,17,3,40,46,47,48,51,15,45,50,2,14,1,62,66,71,27,30,33,32,24,22,29,70,26,28,72,23,21,67
680,1,50,44,3,56,5,42,2,20,18,57,41,13,6,14,10,47,4,8,37,61,52,40,36,48,12,39,17,9,15,68,63,26,66,27,30,23,65,62,34,69,33,24,29,70,28,67
681,56,49,42,54,39,1,36,3,13,7,43,61,37,18,5,38,41,35,46,2,40,10,11,14,48,17,4,12,52,60,71,29,68,63,27,70,33,25,32,30,31,64,23,22,66,26,21
682,2,47,15,43,8,5,1,56,60,11,59,4,40,18,48,10,39,41,58,42,38,37,13,16,52,44,35,46,53,3,29,23,68,72,70,22,31,67,62,63,64,33,25,34,28,69,27
683,40,56,52,1,3,13,39,61,47,15,51,16,60,41,44,49,19,42,54,55,43,50,10,53,11,36,18,2,38,4,31,33,32,30,62,28,69,25,24,29,66,65,67,21,71,64,68
684,45,54,52,17,59,43,55,6,57,10,8,44,46,53,42,20,1,19,16,36,56,50,14,48,7,5,40,37,61,39,32,28,27,34,65,66,24,23,68,33,21,29,72,26,22,64,62
685,54,40,16,49,12,35,43,50,56,41,46,59,3,19,60,44,14,37,52,18,10,2,45,36,1,4,9,58,61,48,31,25,21,29,71,67,33,70,66,64,24,32,65,72,27,22,69
686,8,58,10,5,6,12,42,20,19,54,48,16,56,40,11,53,2,1,38,3,50,57,39,59,55,37,41,45,15,44,28,62,32,69,65,34,66,70,26,33,72,21,64,27,29,71,22
687,9,45,12,2,49,18,35,50,4,19,11,36,44,39,56,59,61,15,17,37,7,58,6,47,16,14,10,5,1,8,34,65,23,66,21,25,22,70,26,32,30,33,24,28,27,68,29
688,10,54,60,53,1,4,61,37,12,19,6,45,51,56,55,5,2,47,49,43,20,41,16,44,9,52,59,17,50,7,62,65,25,26,34,32,27,24,70,67,31,72,69,71,23,64,22
689,50,56,52,5,59,7,61,53,60,14,51,20,18,2,41,11,48,8,15,3,4,44,17,10,54,6,12,57,37,49,25,70,66,28,26,71,64,27,29,30,33,21,69,67,63,34,68
690,12,6,18,43,16,58,41,36,37,8,39,44,48,20,55,46,1,15,40,59,50,2,9,54,11,13,35,38,52,49,24,71,23,70,31,32,25,63,69,66,67,72,21,26,29,27,62
691,38,47,7,58,35,13,6,11,61,41,51,60,10,57,43,9,56,16,8,14,36,42,5,15,49,19,2,46,45,53,25,21,72,65,68,71,64,67,70,33,62,27,69,31,26,63,32
692,19,55,20,38,1,46,3,40,16,2,8,18,12,11,49,13,51,36,45,57,17,37,10,9,48,58,41,7,6,5,62,23,26,68,21,30,32,66,27,25,65,71,72,64,33,22,67
693,37,58,40,14,3,16,35,15,56,4,43,47,48,41,12,13,5,52,57,42,11,50,7,19,54,6,39,53,2,49,62,33,68,70,71,26,23,32,22,63,25,31,30,67,72,24,64
694,15,16,20,36,38,41,61,11,48,56,58,19,18,39,5,8,45,46,17,49,57,6,1,55,13,40,4,14,2,35,21,63,25,31,24,22,28,69,33,72,71,70,66,64,32,29,68
695,58,19,47,18,53,42,20,2,59,8,11,61,44,49,10,14,17,45,38,5,54,16,35,48,7,56,12,51,6,13,31,30,67,68,25,71,63,70,32,33,62,65,28,23,69,29,64
696,45,9,13,1,4,8,17,61,43,5,15,7,56,2,58,18,49,42,35,47,6,36,54,51,3,19,16,11,59,38,69,70,29,62,26,31,65,72,33,23,22,68,66,21,71,28,32
697,6,49,15,12,13,51,61,54,48,10,50,55,8,7,2,37,16,11,57,44,14,4,42,53,19,3,9,5,36,52,66,32,68,63,25,65,26,34,30,29,31,33,23,22,71,70,27
698,14,55,49,51,42,59,53,13,56,45,57,46,58,60,6,36,39,19,9,37,1,10,3,47,17,50,43,48,4,15,27,65,28,70,69,72,71,63,62,32,22,30,66,33,34,64,68
699,57,45,4,19,48,51,49,53,56,20,1,41,52,17,7,43,60,59,11,2,10,9,35,58,55,18,8,44,3,54,63,31,21,62,67,34,25,29,71,65,32,69,66,33,28,23,30
700,57,12,55,15,60,45,46,52,58,19,8,39,14,35,40,5,56,61,48,10,47,36,43,13,53,54,49,18,51,6,68,24,23,22,69,63,66,62,64,32,21,31,65,25,33,27,34
701,17,55,7,61,59,4,8,39,18,11,53,41,43,57,40,42,49,50,47,56,37,3,44,45,60,54,14,51,19,2,32,66,62,64,67,72,25,70,30,26,68,34,23,63,71,31,24
702,61,11,60,1,46,3,4,10,51,37,50,17,58,9,18,19,36,53,16,20,47,39,45,55,40,7,12,2,54,48,29,63,65,31,22,32,28,72,64,25,26,62,68,24,69,23,70
703,14,36,35,53,9,43,56,59,18,17,11,13,41,44,1,48,58,16,42,4,46,37,45,3,5,49,40,57,51,10,27,29,66,31,67,33,28,34,72,64,21,25,30,63,68,62,26
704,42,45,54,43,16,19,60,11,55,20,3,18,39,12,41,13,47,53,5,14,48,8,51,40,1,2,50,9,7,15,71,22,31,27,67,21,68,66,32,63,29,25,65,30,34,69,70
705,4,52,19,59,15,1,56,53,54,10,18,20,61,17,35,3,58,12,9,6,49,47,16,38,60,48,41,11,57,45,64,28,31,65,24,27,21,72,69,68,22,26,62,71,29,23,30
706,56,46,61,8,50,5,60,43,57,6,4,10,49,16,39,3,52,36,44,47,59,1,41,42,14,54,53,13,9,55,62,69,31,27,26,25,29,67,65,32,23,71,66,28,21,63,68
707,54,58,14,57,49,20,3,59,44,55,10,50,51,46,2,37,36,61,16,60,18,13,39,11,40,7,8,45,42,53,22,21,27,26,32,70,62,66,65,25,67,28,23,33,64,34,72
708,50,9,56,57,13,44,60,12,19,49,52,55,36,38,39,10,54,5,18,8,58,7,20,46,41,1,16,43,61,6,65,31,29,62,70,66,28,21,63,30,71,67,72,32,68,26,22
709,18,20,47,36,56,40,35,46,43,13,50,60,59,1,54,9,45,44,11,55,48,39,15,4,57,49,41,10,16,37,22,27,62,64,33,69,30,63,72,66,68,67,21,29,28,70,71
710,48,52,56,12,45,44,13,3,8,39,57,19,20,59,49,41,7,61,35,16,51,1,40,6,18,60,9,11,54,53,26,24,33,67,32,23,21,72,64,69,25,27,66,31,65,70,62
711,7,17,54,60,48,50,10,61,9,36,55,11,37,4,38,3,35,12,2,19,6,59,46,15,49,58,47,51,53,1,24,72,28,31,23,63,70,30,29,34,32,62,66,33,27,71,26
712,37,49,39,19,3,7,61,38,12,6,40,52,50,53,57,55,18,2,47,11,9,58,10,5,35,43,20,17,41,16,27,22,68,69,29,25,26,66,30,67,62,24,65,70,34,64,28
713,53,12,41,42,1,5,57,56,10,43,40,50,55,20,7,13,52,15,18,58,11,47,45,14,59,19,49,35,39,2,27,29,23,22,69,24,25,65,62,63,31,32,26,67,72,71,64
714,13,15,40,60,38,45,17,14,59,54,61,8,39,4,10,37,56,58,43,18,51,46,41,36,44,9,6,20,11,42,30,71,65,24,63,25,27,72,67,33,32,28,23,69,62,29,64
715,38,19,51,48,47,16,60,55,54,7,6,45,37,53,15,52,9,56,2,43,17,50,49,5,42,58,36,41,3,59,70,71,65,72,33,69,27,67,64,66,26,68,24,34,25,62,63
716,13,9,55,1,11,50,5,60,47,53,6,59,58,48,39,18,14,17,57,16,41,54,37,8,61,56,49,36,12,19,26,23,31,72,71,29,63,21,28,30,32,27,34,65,67,64,22
717,36,11,14,37,57,18,4,47,16,6,12,39,59,48,41,1,49,60,51,9,19,45,40,55,44,15,42,7,8,54,64,28,68,23,66,69,70,24,30,72,62,67,25,21,63,22,29
718,15,18,12,14,57,16,2,19,53,49,20,39,38,61,6,52,60,47,44,5,7,17,43,4,35,41,11,1,37,42,64,72,28,21,71,33,30,69,29,23,62,27,34,67,24,65,66
719,36,51,13,55,59,49,9,3,48,12,43,57,60,35,5,11,6,46,16,19,20,52,38,50,17,53,1,2,8,37,67,63,71,68,21,33,34,23,30,25,31,22,72,28,24,29,27
720,7,17,1,61,59,45,10,47,56,15,12,43,52,58,55,6,14,4,11,49,5,35,38,8,37,9,39,46,16,18,67,30,66,65,22,69,32,68,27,33,62,24,31,29,72,26,34
721,17,53,4,35,19,55,8,51,6,1,38,16,15,42,56,37,48,52,7,20,59,39,3,14,45,11,58,61,57,2,68,62,34,21,70,31,71,28,22,23,69,27,72,67,30,25,64
722,10,6,43,13,48,49,57,7,1,15,55,47,46,2,50,17,40,14,18,54,44,16,59,53,37,58,20,56,60,36,63,27,68,21,31,30,22,66,62,71,33,29,23,34,67,69,25
723,59,44,3,2,6,47,7,54,5,14,35,17,53,41,58,8,15,57,60,55,38,49,43,9,61,16,1,40,13,37,68,30,62,69,72,28,29,26,66,25,34,22,31,71,23,32,24
724,60,8,19,3,14,59,47,16,17,2,5,45,39,53,56,4,61,42,12,50,51,7,48,40,43,11,36,46,38,44,23,21,71,22,34,32,62,25,69,63,27,29,30,24,72,28,67
725,9,47,52,3,61,56,5,36,15,4,8,42,50,44,49,38,53,16,45,60,10,46,19,58,14,12,54,20,55,6,71,24,29,67,32,72,30,70,63,68,69,65,23,64,34,22,21
726,56,40,8,2,3,50,16,45,13,17,58,59,35,61,19,54,41,55,53,43,5,14,38,42,11,18,46,48,4,12,28,66,64,25,68,72,69,33,27,63,29,65,62,26,32,30,34
727,39,50,54,52,61,45,17,18,47,11,60,5,46,14,49,35,55,19,3,38,12,16,9,1,20,37,58,7,44,57,71,62,33,28,26,25,66,23,30,65,29,21,70,34,69,68,32
728,60,52,17,51,55,11,59,48,54,49,53,20,43,56,14,47,8,2,19,35,4,40,42,9,45,7,50,57,18,41,34,72,31,32,22,64,29,33,21,65,71,69,25,23,66,68,27
729,59,14,7,49,10,20,54,11,15,48,39,61,52,43,36,60,37,12,55,46,8,53,57,4,13,50,16,41,6,18,29,28,62,31,70,24,34,21,22,32,26,64,71,30,66,65,69
730,43,59,9,37,53,61,52,57,10,56,36,1,6,50,8,51,19,2,16,38,47,45,55,41,3,18,40,46,17,44,67,30,33,31,64,29,34,71,68,23,32,63,24,62,70,28,26
731,41,45,15,50,54,49,19,60,58,44,8,11,16,37,10,53,7,14,47,36,39,12,18,56,61,6,51,35,46,20,63,33,71,68,69,21,72,64,29,22,24,66,23,25,30,28,62
732,35,12,41,42,55,52,50,56,46,2,17,53,44,13,49,36,38,51,4,14,45,18,60,59,48,40,5,3,20,1,64,67,70,34,72,30,29,22,27,31,23,66,69,62,26,71,63
733,44,47,55,35,52,1,18,10,15,36,37,43,56,9,14,13,50,54,7,53,40,41,45,12,20,16,2,4,19,3,29,33,26,24,72,30,71,67,65,68,23,63,31,21,62,27,25
734,51,46,42,36,61,37,13,6,14,55,47,20,4,45,1,38,3,50,57,2,41,52,39,18,11,12,60,16,15,10,62,23,32,21,63,70,67,25,65,22,34,69,72,31,30,27,71
735,2,9,18,50,3,35,53,43,10,59,37,15,20,16,52,55,1,13,12,17,48,7,8,56,38,61,5,49,36,41,23,21,64,22,24,31,26,65,69,68,30,72,62,67,25,63,33
736,36,39,17,57,11,53,10,4,59,16,51,8,7,3,18,49,14,55,43,9,54,46,40,2,19,35,60,42,15,6,27,63,31,70,21,65,29,32,26,25,30,67,22,64,71,69,33
737,4,55,45,18,46,1,20,12,5,38,41,35,48,54,6,42,44,8,57,11,43,56,36,9,3,49,14,19,52,39,33,21,69,34,31,68,64,27,65,24,72,28,63,71,32,23,67
738,8,57,48,1,2,13,56,6,3,41,7,35,11,43,17,40,37,15,19,50,47,45,54,16,4,51,42,53,49,46,32,66,21,23,64,31,34,68,70,22,62,71,27,67,33,26,28
739,5,37,44,3,50,51,13,14,47,59,9,18,58,57,12,20,16,49,38,52,55,6,56,43,17,1,41,15,36,4,27,30,25,29,64,24,71,31,72,65,66,69,70,33,26,68,28
740,45,51,61,38,54,44,11,12,13,46,40,39,20,7,1,19,50,2,35,15,18,41,3,4,9,52,37,42,55,59,64,27,31,66,34,30,32,67,72,63,21,62,29,25,28,71,24
741,46,44,56,8,40,16,14,13,49,2,59,43,60,41,52,42,4,39,53,1,50,47,11,38,5,3,9,58,12,54,67,29,30,68,23,72,66,62,32,65,34,27,64,22,71,31,26
742,53,44,13,45,51,58,42,38,17,4,52,55,6,8,14,56,9,7,61,15,54,11,48,41,5,36,49,46,47,1,24,68,62,70,23,22,34,32,29,67,63,25,33,27,72,64,71
743,20,59,11,46,61,4,12,41,18,53,13,9,47,39,55,16,52,14,8,38,45,2,6,15,58,57,60,43,51,5,29,67,71,28,69,22,72,64,33,62,31,65,70,63,27,26,30
744,52,54,11,48,45,50,8,7,59,14,9,38,17,12,4,18,57,19,16,46,43,5,10,39,56,61,47,55,51,13,33,62,27,32,22,71,26,70,30,68,24,72,67,64,34,25,31
745,44,36,54,37,18,10,8,13,35,6,20,57,17,53,60,50,56,59,5,49,4,40,55,9,16,45,12,14,11,39,22,30,69,70,65,67,66,29,68,24,33,23,62,71,28,34,64
746,53,10,39,4,14,56,9,51,3,19,43,50,40,59,2,11,38,54,58,55,37,45,7,6,18,42,46,48,15,49,23,65,22,28,69,29,66,21,32,25,33,24,71,27,26,72,63
747,2,55,11,60,14,19,47,17,54,12,9,52,3,51,15,61,45,5,42,13,8,16,49,53,7,4,43,46,44,56,30,67,32,66,24,26,64,65,69,25,31,33,72,71,68,22,70
748,54,4,50,14,39,47,56,53,13,5,9,57,48,42,7,58,60,18,8,49,20,38,16,19,52,36,55,10,6,12,66,34,21,65,25,26,64,68,30,67,29,69,72,33,28,24,71
749,41,11,6,53,48,7,9,45,18,60,51,43,42,19,3,40,50,2,12,39,20,57,10,16,46,55,15,56,61,58,34,28,63,70,67,68,30,31,27,64,21,72,71,26,23,32,33
750,4,55,6,39,20,48,14,8,54,49,61,19,47,51,56,36,59,17,57,60,3,18,38,5,37,9,2,42,58,11,32,22,34,21,26,25,63,31,72,27,28,33,30,68,66,70,69
751,39,43,60,55,61,52,3,16,2,57,15,6,9,40,50,46,11,45,4,44,53,8,35,10,5,54,56,48,19,18,21,32,66,30,62,34,24,23,64,27,33,67,69,68,29,63,26
752,12,49,20,46,13,56,2,5,58,57,41,19,55,36,11,35,38,3,52,43,7,40,53,37,6,18,50,9,39,48,69,70,29,64,28,31,27,65,32,24,68,21,67,23,25,66,34
753,54,18,13,38,61,40,36,20,43,44,14,41,51,11,37,53,56,8,12,10,60,15,7,42,55,59,46,1,16,49,70,26,65,25,67,27,66,22,24,23,64,21,29,62,34,71,63
754,15,43,18,39,1,4,45,9,16,49,48,38,46,6,20,50,37,42,14,13,36,41,58,40,19,11,17,61,54,5,66,63,21,69,26,23,70,24,33,28,65,32,72,27,29,71,31
755,59,39,42,18,17,57,50,20,37,15,14,48,6,56,13,2,19,38,60,1,45,46,51,58,4,43,12,52,36,7,72,27,66,65,22,26,25,23,64,33,28,29,24,21,31,32,34
756,43,10,15,60,41,37,5,44,2,52,20,8,58,13,16,42,57,6,9,53,11,50,39,19,49,17,1,46,45,55,70,67,22,66,62,26,68,32,63,28,72,31,21,25,65,34,64
757,6,19,45,55,2,49,52,20,15,46,7,54,43,37,18,11,41,13,10,42,1,61,44,16,9,40,47,14,59,53,21,69,29,32,67,28,68,26,65,34,25,66,70,27,23,22,72
758,41,10,12,42,6,16,58,54,61,53,1,3,55,40,15,2,11,46,57,20,4,18,13,43,52,56,48,35,39,37,22,62,71,66,33,21,34,28,69,72,63,25,30,24,65,31,68
759,37,54,51,19,13,14,10,2,59,57,40,61,20,58,8,46,15,3,48,47,45,11,36,39,4,50,6,38,43,55,33,22,70,26,23,31,63,72,67,25,62,24,28,71,27,21,69
760,19,12,36,42,11,8,45,58,44,38,17,20,5,49,6,7,54,43,41,61,10,57,56,16,14,18,46,4,2,51,63,21,68,28,31,62,34,65,27,69,32,23,64,67,29,71,24
761,58,54,51,17,36,45,55,40,8,44,37,12,19,11,20,59,7,38,14,41,53,49,43,57,10,3,61,50,46,39,28,34,69,68,71,30,65,23,29,64,26,27,22,24,31,72,33
762,10,50,53,59,46,52,7,54,18,14,49,4,51,39,36,37,38,47,45,40,44,58,12,56,3,43,1,41,2,17,32,21,65,30,23,68,31,24,25,33,29,72,69,22,64,67,62
763,35,8,59,39,61,9,49,17,57,18,45,55,46,50,60,40,44,3,15,10,41,53,58,1,20,12,48,36,56,5,62,64,72,65,66,26,63,22,30,28,23,33,24,27,21,70,71
764,46,55,53,15,59,19,57,41,2,12,58,6,7,43,52,61,50,37,14,48,18,4,3,51,16,39,5,60,8,49,23,70,63,64,29,31,27,69,25,32,24,34,72,26,68,67,30
765,50,49,44,36,4,43,54,57,11,48,35,58,15,6,45,42,10,59,9,52,1,37,3,20,38,14,40,18,16,17,32,29,63,23,21,64,68,72,28,62,25,65,66,33,27,26,71
766,57,13,11,58,54,5,49,7,44,46,41,18,47,1,42,8,50,53,20,52,56,9,6,43,38,10,36,16,14,2,34,71,33,32,68,65,28,64,30,21,72,70,27,24,69,62,26
767,53,17,57,36,50,12,37,47,1,48,20,14,19,56,49,9,3,8,39,10,58,61,38,60,42,59,4,15,16,46,26,69,27,25,28,66,22,33,31,67,72,71,62,21,70,32,24
768,57,10,58,59,2,18,1,46,47,49,5,36,61,35,60,8,11,52,6,44,17,51,42,16,9,7,20,56,13,50,21,26,71,65,63,32,62,31,66,28,22,72,27,29,25,67,24
769,16,59,9,47,57,39,36,40,20,11,45,55,18,44,19,1,5,35,48,14,38,61,56,6,7,46,17,54,8,41,64,62,65,29,22,72,34,33,68,63,27,31,24,32,30,25,67
770,6,57,41,54,8,16,56,59,45,55,9,58,1,47,14,4,35,39,53,2,50,36,42,7,38,43,3,37,11,48,34,64,69,30,67,21,63,68,70,29,31,65,25,26,22,27,23
771,61,10,17,51,4,42,58,41,14,59,1,16,36,47,20,35,39,37,46,19,48,38,12,8,3,43,52,6,45,40,66,33,62,30,64,32,65,69,63,28,71,23,67,21,70,68,24
772,54,3,8,43,35,47,60,6,50,38,7,18,16,36,1,37,56,42,5,59,44,53,46,17,55,48,10,20,45,39,72,31,25,29,26,68,23,64,24,33,62,28,65,32,27,22,67
773,2,43,15,13,52,50,58,49,45,48,44,18,59,57,1,17,36,39,60,20,6,54,46,61,8,55,5,14,4,53,30,33,24,32,66,70,28,23,22,25,69,63,71,67,34,65,68
774,13,8,35,61,44,20,53,37,46,5,40,36,51,3,19,58,57,38,11,1,42,9,14,50,48,6,39,7,47,15,22,29,66,33,64,72,31,34,71,67,62,63,26,32,70,69,65
775,47,57,14,49,15,45,48,36,43,20,13,3,50,12,59,60,4,51,35,44,42,16,19,8,41,52,54,37,40,61,25,69,70,27,31,26,23,34,68,65,67,63,33,71,72,29,24
776,3,55,45,5,59,8,41,50,11,16,46,13,43,17,40,56,48,4,19,15,51,54,44,35,10,42,57,14,52,61,69,34,70,33,23,25,28,29,24,30,66,21,31,32,26,22,27
777,40,6,16,19,44,49,11,4,60,41,43,36,3,51,2,54,55,39,42,20,46,13,18,5,37,58,10,48,47,52,27,32,30,71,31,66,69,25,29,21,24,22,62,72,65,33,67
778,46,37,61,3,6,18,60,55,13,41,45,49,44,50,38,59,7,11,56,47,51,40,42,16,35,58,39,57,1,9,32,29,34,67,66,28,31,30,69,70,65,63,33,21,62,25,64
779,61,46,43,51,8,20,40,35,7,9,49,55,36,4,60,5,37,19,18,14,13,59,6,56,3,52,38,58,41,12,27,71,30,62,72,68,31,67,64,22,29,65,70,24,21,33,63
780,10,58,15,35,47,3,8,38,55,2,1,50,57,56,5,46,7,51,40,59,49,12,18,14,53,52,9,6,16,42,68,27,26,62,32,31,22,23,64,21,33,29,28,67,69,66,24
781,38,13,18,12,19,56,40,41,15,35,47,5,14,2,4,55,9,49,44,52,54,58,36,57,53,3,48,16,42,46,21,33,34,25,29,62,23,65,68,32,71,28,63,66,31,22,26
782,53,49,41,45,54,56,2,59,57,17,16,48,4,9,13,42,47,51,6,3,43,50,18,15,52,44,14,38,40,10,69,27,64,24,72,33,68,22,32,70,71,65,34,31,25,21,28
783,41,38,12,35,43,8,54,14,53,40,9,52,49,61,37,4,1,13,44,16,46,36,47,3,10,48,5,58,2,42,26,27,63,65,64,62,68,23,33,66,71,70,34,30,69,21,29
784,6,4,55,49,12,16,44,50,19,45,40,36,8,52,41,5,3,39,9,56,54,51,43,42,11,46,2,59,14,13,28,68,64,26,34,29,23,25,24,71,67,33,21,65,72,32,22
785,35,60,8,13,56,6,17,49,3,20,43,58,51,39,1,16,50,54,37,52,5,12,40,53,45,19,15,59,47,57,25,65,23,69,67,27,34,21,24,63,71,26,22,30,31,29,32
786,16,19,53,1,12,20,13,10,54,37,4,40,8,38,46,42,39,18,35,49,55,6,36,2,45,14,57,9,50,56,71,66,67,32,33,22,70,26,68,64,65,24,29,23,21,72,25
787,38,46,14,54,52,61,44,35,5,49,50,41,59,12,60,57,3,6,7,55,45,8,2,15,10,18,16,42,19,11,63,31,69,64,71,32,72,65,33,23,25,21,28,29,66,67,22
788,11,37,20,6,15,51,2,50,40,52,45,5,42,4,57,36,60,43,9,47,55,13,12,61,18,46,53,14,48,1,21,27,25,66,72,29,70,71,65,33,63,62,28,68,32,64,22
789,48,57,6,60,59,16,44,39,14,35,5,56,4,17,49,3,42,8,18,38,58,45,43,10,46,36,52,41,2,40,68,62,24,65,69,34,32,63,72,66,21,64,33,29,25,23,22
790,9,58,10,51,46,36,52,41,4,57,1,45,14,13,60,59,5,56,40,47,39,11,61,35,17,2,12,43,7,20,34,62,65,70,29,66,25,27,71,69,30,21,63,68,72,26,67
791,9,20,15,48,58,2,13,55,11,18,19,52,14,1,59,46,7,8,42,50,12,56,40,3,53,43,61,45,47,41,64,70,25,34,29,21,22,32,30,28,33,31,23,66,27,24,63
792,2,49,59,43,4,55,5,19,41,11,58,13,42,61,45,10,12,44,57,17,1,54,35,46,6,36,18,48,53,14,65,21,24,34,29,22,23,64,30,25,27,26,70,28,31,69,66
793,37,35,6,17,40,36,55,53,54,2,12,13,42,56,61,19,5,10,58,51,7,8,49,45,4,48,38,46,18,14,68,67,66,25,31,72,71,30,34,65,29,27,28,24,26,70,23
794,59,53,42,6,20,18,36,58,14,8,52,12,44,46,51,10,56,40,41,4,39,16,48,54,13,45,2,1,50,57,72,25,62,21,65,26,22,31,24,29,66,63,32,23,64,33,71
795,57,60,52,50,7,3,41,42,40,5,54,49,53,44,1,59,48,43,9,18,45,39,46,36,13,37,19,16,4,58,34,23,72,66,25,64,71,29,30,63,68,32,24,70,27,31,21
796,59,49,11,54,17,53,3,44,48,39,36,14,61,51,2,5,45,35,60,8,16,9,7,37,58,50,6,41,18,56,34,24,69,25,70,71,21,67,32,64,29,28,27,22,31,33,68
797,14,55,52,53,54,46,2,57,44,41,4,58,20,15,16,8,19,3,12,47,60,18,6,17,7,56,45,35,13,11,65,21,30,33,64,22,66,68,70,34,71,67,29,32,28,23,31
798,54,5,38,55,10,9,59,50,3,16,46,39,56,51,11,6,19,61,45,36,35,18,41,15,4,49,1,40,58,48,62,66,34,29,30,26,31,69,21,72,63,33,25,23,65,68,71
799,59,45,49,19,6,52,54,14,50,11,9,15,35,56,60,41,55,36,42,57,48,5,3,17,61,39,51,47,10,53,23,31,33,65,67,64,26,71,29,32,30,62,72,63,69,34,25
800,16,1,42,47,9,41,36,54,51,37,5,44,46,15,60,20,43,17,57,4,7,8,6,50,59,11,39,38,35,48,21,22,32,29,70,71,69,64,67,28,72,25,68,65,34,23,62
801,5,59,12,16,58,36,19,45,42,6,56,7,2,13,37,57,44,55,39,8,4,46,53,50,38,35,14,41,1,9,25,24,66,67,71,26,31,62,64,34,29,63,28,69,30,21,70
802,10,44,40,55,2,60,17,39,38,35,14,9,54,12,59,6,49,7,41,19,47,46,11,61,51,53,4,5,36,8,62,32,27,63,31,71,28,66,24,29,26,65,67,30,64,68,72
803,12,60,1,48,55,39,35,19,57,10,49,51,6,54,38,43,17,13,18,56,3,14,59,5,8,16,58,7,15,40,22,32,70,30,71,66,62,23,25,27,63,69,65,67,29,31,28
804,60,3,44,14,15,8,53,6,12,2,1,37,57,10,46,47,48,52,36,17,61,7,4,5,35,39,42,20,55,19,32,28,69,30,26,29,22,34,23,21,66,63,68,62,25,65,67
805,40,51,45,55,13,59,41,6,19,12,17,3,49,18,36,46,16,53,52,38,61,43,37,44,11,1,35,7,5,42,71,69,63,31,23,68,64,62,21,65,30,32,33,28,24,72,70
806,54,47,49,14,39,20,9,50,17,43,18,35,4,56,5,53,41,58,51,16,19,59,38,11,61,10,45,12,15,6,66,33,27,67,69,26,70,21,32,72,25,63,65,28,24,23,22
807,1,7,37,2,16,11,57,42,19,39,58,45,49,35,36,12,14,48,51,53,4,13,3,54,56,55,15,6,10,60,30,71,68,62,22,21,72,66,24,25,63,23,32,29,31,26,67
808,60,15,12,40,18,20,17,1,13,3,10,39,59,55,50,58,48,11,53,38,5,52,9,14,56,4,35,37,46,57,68,72,71,23,30,34,28,63,64,25,62,67,66,65,22,29,24
809,49,41,59,18,51,43,20,54,53,14,38,13,9,1,40,55,57,5,35,36,45,15,8,61,37,3,6,60,10,17,22,62,70,21,68,24,69,63,65,67,26,30,27,28,33,64,32
810,4,44,35,40,2,1,58,5,13,52,12,20,57,59,11,49,56,61,51,43,3,6,41,50,14,45,47,42,60,48,30,24,69,34,25,32,64,21,70,28,65,27,22,62,68,26,63
811,13,59,9,15,52,55,51,56,57,38,36,47,42,7,37,40,17,46,50,11,53,20,54,14,16,48,39,58,12,5,23,26,25,69,21,33,68,22,65,31,62,32,71,66,28,67,70
812,51,6,5,50,13,1,61,12,60,7,54,3,41,42,11,19,17,4,52,58,36,46,40,43,59,38,9,16,8,45,33,26,67,65,34,69,71,66,70,62,63,27,21,29,68,30,25
813,37,15,57,60,5,14,53,40,56,12,2,59,4,36,54,45,46,1,47,58,8,50,11,55,10,38,18,17,39,42,69,63,66,27,21,64,25,23,29,24,34,67,72,65,22,28,30
814,41,52,45,50,46,54,58,1,40,13,12,42,20,49,60,18,39,48,3,7,53,5,38,61,36,2,16,19,43,37,62,26,29,30,70,63,31,66,34,24,27,21,28,68,69,64,32
815,3,14,5,60,7,42,55,48,15,54,52,38,37,20,11,57,59,43,18,36,8,2,40,39,50,61,49,4,51,12,33,65,68,32,23,29,24,64,70,25,30,21,69,67,27,66,63
816,38,3,58,61,48,4,10,55,11,51,37,49,42,9,15,8,14,16,43,56,13,52,12,46,59,20,5,57,17,2,69,33,62,34,22,24,70,71,29,68,25,32,63,27,65,30,31
817,1,39,59,56,18,11,49,5,42,4,14,41,7,44,16,46,10,60,47,13,9,52,54,45,19,61,2,8,40,51,26,27,71,24,69,66,28,29,23,65,22,63,30,25,32,70,34
818,60,13,37,51,17,5,35,55,40,48,49,9,59,42,4,2,7,20,45,15,18,41,44,57,53,56,14,3,6,39,30,31,34,33,24,69,71,70,72,27,26,62,28,63,32,23,65
819,57,20,54,2,1,52,59,19,35,50,4,18,38,13,53,48,51,3,58,10,40,47,12,44,37,6,7,41,46,36,29,25,34,65,71,28,33,26,21,70,63,64,66,23,31,72,32
820,45,1,59,53,42,58,2,18,3,19,7,48,16,47,41,37,6,15,50,61,20,49,9,12,43,13,36,4,35,56,69,23,72,29,26,34,70,65,22,28,33,71,63,25,68,32,62
821,44,45,4,42,3,18,37,58,35,15,49,19,39,14,47,46,61,50,1,54,17,51,48,53,7,11,55,56,16,40,62,32,69,25,29,22,70,23,31,64,66,24,28,72,33,68,21
822,46,20,4,1,54,16,60,52,41,11,43,13,59,53,12,7,55,18,6,19,48,36,61,51,39,50,9,56,10,47,24,30,28,25,27,69,63,26,64,34,22,67,68,71,32,62,70
823,11,35,2,14,39,55,6,1,20,38,43,4,60,17,19,47,13,16,59,3,49,36,44,41,48,56,54,5,8,15,64,68,62,23,26,22,71,24,72,66,25,32,21,34,67,31,33
824,11,16,56,12,9,2,58,49,42,14,54,4,38,43,39,5,45,41,6,47,3,52,19,60,35,51,57,8,44,53,33,26,28,21,66,29,65,22,70,72,25,62,27,31,69,32,71
825,2,59,53,18,11,14,43,54,37,45,44,19,61,52,8,10,49,47,48,55,51,40,38,12,1,3,46,35,41,6,29,27,68,71,31,21,24,62,34,28,65,30,66,32,22,67,64
826,48,7,50,3,14,61,5,43,46,58,40,54,20,36,47,53,13,57,1,56,44,8,12,4,45,17,10,60,55,11,66,23,63,31,71,72,65,62,26,67,34,32,25,70,33,28,22
827,54,9,50,15,35,58,45,61,1,46,47,37,10,18,44,51,13,42,3,16,20,19,5,55,11,57,43,56,48,4,33,72,21,29,31,30,64,23,28,24,69,27,70,65,22,67,62
828,11,16,51,13,2,54,15,46,17,60,45,36,35,50,58,8,6,4,41,5,10,14,38,37,1,52,49,19,3,44,63,62,72,26,66,30,65,27,68,31,28,32,25,21,24,33,67
829,13,20,60,51,54,10,46,52,37,4,11,43,58,47,57,16,36,56,38,8,18,61,41,17,40,1,19,50,6,7,62,27,33,23,70,28,68,32,67,72,21,26,30,29,22,34,31
830,48,43,11,56,9,3,20,44,18,5,12,41,38,59,8,7,17,57,60,39,46,35,37,16,50,15,58,2,14,6,25,23,34,66,63,22,32,64,31,28,29,33,68,69,21,27,70
831,45,3,14,9,42,19,4,46,49,55,61,13,50,44,43,57,39,59,5,56,53,11,2,54,15,16,18,60,48,12,32,33,30,24,25,27,29,21,34,23,31,63,64,67,28,65,72
832,46,13,6,14,39,51,1,16,19,57,49,12,11,3,15,40,37,38,18,5,35,43,44,17,55,7,42,54,53,36,34,72,26,30,23,21,70,67,29,33,27,62,66,65,31,22,32
833,49,10,19,9,13,43,5,18,16,40,8,7,3,2,58,54,61,35,1,56,45,36,48,14,41,6,51,11,59,4,64,22,70,23,26,28,67,24,34,68,29,69,62,65,31,63,33
834,2,7,48,36,11,51,12,1,47,39,35,6,44,61,8,38,41,58,4,40,45,59,43,15,56,3,49,57,42,55,28,69,31,25,23,64,26,24,68,22,67,65,34,62,30,71,63
835,55,52,12,38,3,16,56,5,44,4,61,20,40,18,10,39,14,46,54,17,58,2,42,9,50,15,45,35,53,60,27,32,29,26,25,33,71,65,24,22,68,69,72,30,31,64,66
836,35,61,42,5,9,60,13,2,8,1,17,46,4,15,37,41,10,45,48,54,58,36,18,51,57,16,47,40,56,6,66,33,30,34,69,22,28,24,21,25,29,32,64,68,23,70,63
837,36,3,40,1,15,56,8,39,5,47,9,48,50,55,7,10,2,18,53,20,59,37,4,58,12,16,17,41,49,51,29,24,33,69,67,28,62,68,25,26,23,65,22,21,34,64,71
838,6,49,53,35,19,52,7,16,38,58,12,14,18,56,4,41,42,39,57,60,46,1,48,44,47,15,51,36,55,61,34,28,25,64,21,22,72,23,67,26,66,30,27,32,29,31,63
839,20,42,14,12,44,13,51,45,4,8,11,5,49,18,60,2,43,57,59,46,58,40,41,9,10,6,15,7,50,35,69,68,66,30,63,32,62,70,22,65,23,29,72,67,26,33,21
840,45,42,61,6,20,2,1,50,3,48,51,18,35,59,9,53,54,43,19,10,55,52,58,16,5,7,57,56,36,60,69,70,24,63,27,67,66,23,68,32,30,71,26,34,31,25,22
841,7,2,59,46,43,8,5,47,18,9,36,35,39,42,11,40,56,57,61,51,12,15,55,17,3,53,14,19,37,60,64,30,31,23,68,70,29,62,63,25,65,24,69,32,33,28,21
842,3,61,18,17,48,56,47,8,9,14,40,38,44,36,5,41,42,58,1,46,15,37,43,6,39,10,60,45,16,53,22,31,28,27,24,30,64,32,26,70,34,63,65,72,25,69,67
843,16,1,39,49,14,55,38,44,11,13,5,41,57,20,7,12,52,59,3,56,19,54,43,46,15,10,61,47,8,48,25,23,69,30,24,62,22,68,27,21,72,65,33,31,71,64,32
844,42,14,36,16,11,8,48,1,15,61,13,47,60,3,18,45,38,54,5,59,7,52,53,40,41,17,9,39,51,4,66,32,71,70,22,28,68,62,27,67,34,29,24,31,72,25,26
845,3,55,50,49,2,39,1,7,42,45,52,58,9,12,47,48,19,35,18,60,17,53,38,11,46,54,14,8,10,13,23,69,30,22,31,62,71,28,67,68,29,63,26,32,65,72,66
846,45,40,42,46,19,58,1,43,53,39,51,37,11,35,49,12,38,16,44,59,14,9,47,56,3,7,10,18,15,6,21,27,70,65,22,62,26,33,67,23,29,66,30,24,28,71,72
847,43,50,8,9,19,51,13,47,16,12,48,11,37,55,15,41,40,4,42,61,60,18,59,35,45,49,46,53,38,52,27,28,26,30,67,69,29,25,63,21,71,66,33,68,31,34,24
848,13,58,15,4,54,55,47,9,42,6,38,19,2,10,16,48,1,51,44,12,39,60,3,49,20,14,8,57,37,5,63,68,62,69,34,65,71,23,28,21,64,22,66,26,25,67,29
849,19,61,12,36,2,46,6,9,58,37,20,18,10,45,50,41,52,13,4,43,17,5,38,1,40,8,16,14,15,49,68,69,26,33,62,67,72,65,25,27,23,34,64,21,71,28,22
850,37,19,5,43,7,15,40,53,1,9,47,44,39,20,18,42,45,57,16,61,4,14,11,8,2,3,35,56,38,54,23,21,22,64,27,62,25,24,29,66,70,67,72,26,65,30,34
851,1,17,59,61,48,10,54,52,45,18,15,60,49,8,5,20,35,11,39,37,43,40,57,44,36,14,41,16,47,13,27,32,21,66,34,24,67,25,64,22,30,70,72,31,63,29,28
852,60,1,11,20,49,61,16,53,55,19,45,44,18,51,46,57,39,9,35,12,15,47,2,54,17,7,8,48,58,56,70,34,62,71,31,24,63,65,69,68,29,22,72,26,67,21,27
853,13,15,20,8,44,58,45,2,14,7,38,12,60,56,4,19,61,52,16,40,53,55,49,57,3,47,48,17,43,18,34,65,25,69,64,72,71,63,27,21,33,31,66,62,70,23,29
854,36,60,59,14,56,53,17,55,52,40,48,8,43,18,54,57,2,1,38,44,19,11,7,45,4,58,61,16,41,50,67,26,21,71,23,65,34,30,69,22,64,25,63,70,29,72,31
855,46,49,54,58,36,55,44,14,52,5,12,8,40,6,56,11,50,47,19,35,15,42,1,10,59,48,57,43,4,9,65,62,34,33,29,69,30,64,63,70,66,27,26,23,24,22,72
856,47,17,42,35,3,55,13,2,51,60,59,1,49,18,8,45,12,37,10,57,50,58,44,36,56,20,39,16,54,7,72,66,71,34,70,62,64,68,25,26,67,29,30,23,31,33,32
857,7,40,42,51,9,41,52,61,59,48,47,10,11,3,2,35,37,44,38,54,49,19,60,58,55,43,13,5,8,46,69,66,29,25,68,27,67,70,26,30,72,32,21,22,62,28,33
858,52,56,58,7,38,43,37,6,51,13,39,12,3,8,48,61,2,47,5,59,18,49,1,50,57,10,4,35,14,15,32,66,29,33,70,24,69,63,67,62,71,64,26,28,30,34,22
859,56,40,15,35,61,5,1,60,42,2,45,46,38,53,4,8,55,11,39,12,3,18,7,49,20,6,43,14,47,19,26,32,71,25,68,33,72,67,23,69,66,24,34,63,64,22,21
860,20,4,49,36,6,60,2,51,3,56,42,39,9,37,38,43,55,47,18,12,14,48,8,53,35,40,7,17,5,59,23,29,21,69,24,67,63,26,72,25,70,64,34,32,22,30,68
861,39,60,37,8,57,36,15,54,7,6,48,11,17,13,9,41,45,43,12,19,14,42,5,38,51,49,59,4,50,46,22,30,68,71,64,21,62,29,72,26,65,67,33,31,66,34,70
862,52,11,39,4,8,18,46,51,19,17,36,37,50,15,43,49,35,9,38,42,7,10,16,47,12,20,13,40,2,60,21,34,33,70,29,66,30,64,23,22,67,26,65,71,32,31,28
863,52,16,13,59,10,53,57,47,9,54,39,49,50,37,36,7,41,6,42,2,1,20,5,15,55,3,51,44,38,40,30,65,32,69,71,64,26,70,67,33,21,22,31,29,24,34,28
864,19,45,55,4,44,5,3,20,59,12,10,46,49,9,57,36,48,54,13,50,41,7,47,40,53,52,2,60,58,38,63,24,62,67,65,30,29,34,28,70,31,68,27,66,64,21,69
865,17,35,20,16,44,41,49,2,58,12,14,48,55,18,46,8,54,38,51,3,11,39,60,19,36,9,61,56,4,50,25,63,30,67,34,62,28,23,22,32,66,71,24,64,69,31,68
866,13,42,57,58,54,9,1,36,7,4,41,6,38,45,15,3,47,35,51,50,11,39,60,52,17,19,59,43,10,8,26,67,28,27,70,32,25,71,64,33,62,22,63,68,21,29,66
867,37,48,50,9,36,13,14,38,10,18,61,43,52,60,41,42,58,51,8,1,44,16,35,40,49,53,12,56,15,4,28,34,21,67,25,68,26,30,22,71,69,33,29,23,27,64,72
868,10,61,6,14,58,41,2,48,12,52,16,18,46,55,47,45,50,13,1,56,40,19,39,4,5,35,36,15,20,7,34,23,71,67,69,33,68,22,27,21,72,31,25,66,70,30,65
869,16,6,5,8,17,59,38,7,53,1,11,15,45,36,20,43,56,40,13,54,39,35,50,47,58,18,2,12,9,46,27,66,72,28,29,32,24,33,63,31,71,65,26,30,22,23,62
870,47,60,39,52,6,13,40,53,36,17,50,19,51,58,37,10,56,35,3,54,61,38,41,18,5,49,9,43,44,11,22,24,69,68,66,29,23,27,31,63,34,30,67,25,33,65,72
871,20,56,61,51,44,52,16,17,39,8,15,18,14,58,4,5,1,53,48,49,10,12,55,13,50,42,6,37,46,54,69,34,24,29,27,71,30,62,67,33,28,32,66,70,23,26,22
872,11,37,53,39,14,16,4,3,50,35,41,15,38,17,60,44,9,13,36,10,47,52,43,20,7,2,61,19,54,49,64,23,68,32,31,24,67,71,63,33,72,66,65,69,27,70,34
873,17,39,6,61,20,43,44,10,19,41,47,56,11,45,46,40,42,5,52,50,3,54,18,1,36,12,49,13,35,9,65,30,33,67,32,72,69,26,23,21,70,34,62,25,68,22,63
874,17,59,35,61,3,1,41,14,18,45,5,10,20,56,47,39,53,15,58,48,50,4,19,2,43,16,60,54,8,51,62,28,25,66,72,63,27,67,34,70,68,69,21,65,24,64,22
875,36,35,15,14,39,7,44,52,10,13,58,48,49,61,42,4,9,41,54,1,8,5,53,56,45,55,57,51,11,50,24,67,33,71,63,32,27,70,68,64,72,62,34,31,26,66,69
876,13,12,46,9,44,47,57,61,56,37,16,5,20,59,39,40,38,11,14,4,48,51,54,45,8,1,60,6,3,35,23,25,27,24,66,62,22,64,65,21,33,30,63,68,67,69,72
877,1,44,36,59,8,58,39,18,50,54,51,45,43,48,17,15,56,37,55,41,16,4,14,10,2,57,49,7,53,38,70,33,32,25,68,30,71,63,21,28,31,27,62,65,24,72,66
878,20,37,52,46,35,13,45,38,7,43,51,40,36,41,17,9,6,4,50,53,55,19,58,3,56,1,44,48,10,59,30,33,21,62,29,64,72,26,71,66,63,22,34,65,27,31,23
879,36,50,53,4,7,41,46,58,14,39,43,40,11,12,8,16,1,35,59,55,3,15,49,42,18,61,47,48,51,13,69,32,66,70,23,34,65,21,62,29,63,22,67,24,25,33,64
880,1,41,3,56,44,40,17,11,20,52,60,2,49,47,55,13,6,50,42,16,59,19,48,18,12,53,37,61,14,51,32,22,21,34,62,26,67,23,64,27,72,28,25,65,33,68,30
881,8,59,52,36,10,53,7,61,40,39,15,45,47,58,48,2,46,55,60,35,1,50,5,20,57,11,18,51,43,38,71,69,26,22,23,67,21,27,33,28,72,63,70,65,68,30,32
882,14,41,49,44,46,51,38,57,55,59,15,48,58,1,56,52,20,11,12,35,40,53,39,17,54,61,9,13,2,18,25,21,27,68,26,63,30,23,31,33,64,66,71,28,72,69,32
883,2,50,8,4,35,41,48,7,54,15,5,47,13,44,14,9,1,19,18,59,45,37,3,17,10,58,36,52,42,60,25,23,72,70,66,71,29,31,64,67,32,62,34,65,28,22,26
884,4,20,1,11,7,44,36,40,43,59,12,6,10,19,35,45,56,49,13,52,41,54,5,3,50,16,47,58,14,57,34,70,26,71,64,62,22,28,30,33,32,72,27,65,29,31,24
885,17,46,53,59,15,1,6,14,49,54,4,36,61,42,7,51,38,58,44,37,50,40,41,3,9,13,45,5,52,11,32,62,24,31,65,67,22,29,25,63,34,64,68,30,71,27,33
886,5,50,58,15,48,10,42,56,8,6,16,37,3,55,20,51,47,14,61,12,35,39,53,40,52,11,38,19,7,18,65,30,23,72,29,63,24,26,68,22,66,69,62,32,28,25,21
887,6,35,38,36,39,54,2,47,60,48,40,20,9,4,56,43,59,11,13,53,55,14,46,41,8,51,1,42,61,45,63,68,21,31,27,69,65,26,62,32,66,71,72,23,22,29,33
888,5,2,38,56,48,20,7,59,13,8,60,39,15,50,61,37,16,44,9,41,11,52,55,10,3,46,1,49,53,43,28,26,23,31,30,67,27,22,68,65,29,64,25,24,63,70,69
889,38,12,44,14,3,9,19,13,55,15,40,58,53,35,10,57,48,56,51,60,17,45,37,52,47,18,61,4,8,59,28,62,26,72,30,24,64,27,34,25,21,69,65,70,67,33,31
890,10,47,1,48,14,42,45,54,17,19,2,18,44,4,8,37,15,35,36,60,12,43,41,56,16,9,51,40,59,38,63,25,28,70,32,27,64,65,67,31,29,68,69,33,34,66,30
891,53,1,47,16,36,11,14,38,9,12,5,20,59,50,10,61,51,42,8,17,19,2,7,43,37,3,55,6,15,13,68,65,34,26,21,32,64,67,29,23,69,27,22,30,33,62,24
892,16,17,59,1,40,58,5,38,42,6,7,4,52,49,36,12,14,37,46,54,15,9,50,10,11,45,47,41,3,53,66,71,67,31,28,34,64,72,30,27,70,25,26,23,32,68,21
893,48,39,37,14,18,41,55,51,49,56,45,15,7,58,19,1,20,8,61,35,3,9,57,36,13,5,53,59,54,2,28,30,29,62,72,31,71,68,67,66,22,34,63,21,25,64,69
894,49,2,50,10,6,16,9,58,8,18,14,41,40,59,42,38,4,5,43,46,60,3,47,53,19,57,1,15,55,61,29,63,32,70,21,34,72,26,28,65,67,71,68,22,27,64,62
895,61,39,20,52,46,40,53,49,35,15,17,10,16,6,44,50,12,54,7,51,14,11,36,47,55,45,60,19,3,48,29,66,65,71,32,23,33,69,72,30,34,24,31,67,25,28,21
896,8,61,46,45,54,14,57,55,44,9,37,56,4,47,39,36,3,41,35,15,38,49,11,58,12,40,53,18,1,7,63,69,71,67,30,70,27,65,31,72,22,68,33,64,32,25,26
897,15,35,53,43,9,50,4,38,40,41,61,55,6,46,17,16,20,39,3,13,56,7,14,19,8,10,5,11,45,12,30,27,25,21,29,23,68,65,31,63,71,70,33,66,26,67,62
898,8,55,9,53,51,11,1,20,47,15,58,4,45,52,2,61,46,19,48,36,17,42,35,60,49,38,59,14,18,6,65,71,33,63,62,21,70,64,66,31,26,25,32,72,68,27,34
899,61,8,2,51,60,59,39,58,15,20,10,57,36,37,4,35,48,38,3,49,6,12,40,14,1,46,9,17,13,42,23,67,24,70,69,64,62,30,72,28,26,68,31,21,29,34,63
900,35,4,44,15,50,39,9,57,3,7,20,42,14,1,53,17,58,61,49,11,6,51,43,60,48,38,55,2,5,36,24,64,66,69,25,21,26,65,32,22,29,23,72,62,70,27,33
901,40,3,55,1,6,14,39,9,19,15,51,57,60,50,11,48,5,20,44,37,38,59,13,56,35,61,58,46,16,2,69,68,33,70,71,72,21,28,31,64,25,66,34,67,32,29,30
902,47,36,57,52,15,50,8,58,46,4,5,3,53,7,55,2,18,44,54,59,13,16,48,11,43,60,40,19,61,9,28,30,34,23,26,32,25,29,68,27,63,72,62,66,71,21,70
903,2,9,59,13,3,6,44,19,18,58,56,20,35,11,36,37,38,41,57,49,40,39,42,12,5,45,7,50,51,17,23,33,64,72,66,26,34,69,32,28,65,31,70,63,67,62,30
904,50,44,60,51,19,56,46,38,48,42,18,6,47,9,36,58,53,59,61,17,14,40,41,35,57,13,15,49,7,45,24,32,23,64,31,29,66,28,34,33,70,69,21,26,22,27,25
905,57,50,49,8,6,4,38,19,37,54,35,5,3,40,42,17,43,2,51,12,16,53,58,59,46,9,1,41,13,61,63,71,23,64,68,27,25,32,22,31,70,29,34,66,30,65,24
906,57,40,17,39,20,54,53,16,7,8,60,6,56,5,9,1,12,58,14,61,13,50,11,44,38,45,55,49,47,15,69,68,65,72,31,28,27,30,63,67,64,62,29,33,71,66,24
907,9,61,39,60,59,50,20,51,37,18,42,54,15,52,19,3,58,4,45,40,7,44,56,47,16,2,38,46,1,12,30,27,28,69,70,23,65,32,26,66,34,21,22,29,72,62,25
908,2,17,40,5,45,43,35,53,61,46,19,37,50,6,42,7,49,13,59,36,4,10,52,8,48,20,51,54,16,39,62,33,70,63,22,69,34,26,24,68,27,72,32,29,67,66,23
909,47,48,36,52,9,60,14,45,38,58,54,5,40,16,35,44,6,11,20,49,37,8,2,59,51,57,3,55,46,7,64,28,21,26,66,65,68,63,22,32,23,67,70,71,29,62,24
910,51,55,40,39,36,17,20,37,45,52,35,8,16,19,53,1,49,9,50,13,56,61,54,6,48,59,47,4,44,58,67,65,33,34,63,24,23,62,22,30,26,64,72,25,70,31,28
911,9,7,13,3,39,19,59,37,5,15,14,53,35,8,36,43,47,50,48,49,55,52,20,6,18,11,1,38,51,16,68,64,69,22,67,28,30,24,65,29,34,21,63,31,62,25,26
912,16,53,43,57,60,15,19,51,46,45,54,35,4,44,41,17,37,2,50,5,47,59,38,58,11,7,52,61,48,1,64,21,26,27,33,68,31,23,65,32,34,30,66,72,67,70,69
913,5,35,6,48,39,10,54,61,4,20,1,15,13,37,2,17,41,14,3,57,18,40,58,16,8,46,45,50,7,60,31,30,62,65,25,22,63,68,29,69,70,27,33,24,32,34,21
914,45,7,49,20,37,43,19,53,50,8,40,47,11,35,59,58,48,36,55,1,2,54,3,4,42,57,39,14,9,51,67,33,29,66,72,31,70,69,34,68,25,64,28,63,30,22,32
915,20,41,59,61,18,1,12,42,11,45,13,46,3,55,8,38,53,54,9,40,56,7,36,2,50,16,19,52,60,43,22,24,34,67,68,29,72,62,69,65,27,30,66,23,64,33,21
916,52,16,1,44,55,43,7,46,42,59,19,5,18,48,14,2,37,17,58,60,57,61,12,54,51,9,20,4,56,50,22,68,34,66,65,64,70,27,28,71,67,32,62,69,29,24,30
917,9,47,55,7,18,54,44,50,46,8,59,6,36,35,20,15,12,11,43,49,5,37,38,52,61,10,1,56,42,41,30,34,62,27,69,21,33,64,65,23,22,67,29,25,26,32,28
918,13,60,40,55,8,46,11,42,49,10,3,50,9,20,37,54,7,5,58,44,1,45,53,61,36,4,56,6,12,2,30,63,25,29,65,28,23,68,24,71,21,69,33,64,31,32,22
919,38,10,17,13,18,49,4,55,8,56,16,3,7,2,12,52,1,11,44,5,59,36,53,58,46,60,39,6,45,20,31,26,65,69,34,66,29,72,22,32,70,68,25,64,63,33,62
920,45,11,1,42,12,48,4,20,9,40,59,13,18,38,49,51,53,58,61,16,15,17,60,35,10,5,47,41,7,56,70,31,34,32,24,23,71,62,64,67,69,30,26,33,29,21,65
921,18,46,12,7,37,48,2,17,20,14,39,45,47,41,8,56,43,55,54,6,44,15,50,49,10,52,51,16,13,38,71,67,69,22,21,70,28,62,25,23,33,65,26,31,63,32,66
922,46,60,47,44,16,58,19,51,38,14,15,2,42,36,53,56,13,48,61,9,7,54,40,43,11,41,52,35,39,5,62,65,64,21,25,30,31,32,66,71,28,70,26,69,63,33,22
923,58,13,56,10,9,12,54,6,3,36,7,15,35,57,60,50,5,2,59,61,37,46,19,53,48,47,39,17,18,42,32,71,63,72,24,62,69,25,66,23,34,28,65,22,27,26,31
924,39,54,42,41,47,36,53,57,17,52,37,16,2,45,56,10,3,58,61,60,13,12,1,18,14,59,19,11,38,35,21,66,68,25,71,28,31,23,72,24,34,69,29,63,67,30,64
925,18,13,19,50,37,55,59,48,42,5,4,7,58,12,52,40,10,44,41,56,51,3,60,43,53,20,16,54,6,9,24,28,22,63,66,62,68,25,31,27,26,34,23,69,33,21,67
926,58,43,55,10,2,57,61,41,50,39,3,9,51,20,13,44,36,42,8,1,17,60,46,4,19,59,45,47,35,40,21,69,68,72,28,67,24,26,65,27,30,63,31,62,33,34,29
927,50,43,19,45,37,8,41,52,36,1,20,14,11,5,46,38,35,55,18,6,47,61,7,49,12,4,9,60,57,59,23,30,33,29,22,31,63,65,28,21,62,24,70,32,72,68,25
928,39,53,9,17,18,16,2,5,55,45,42,58,54,3,46,43,37,20,47,10,40,12,52,1,44,36,51,4,48,8,67,33,71,30,34,28,62,24,22,69,63,31,29,21,66,64,65
929,36,46,47,15,4,43,2,56,6,39,49,59,55,11,3,19,45,35,20,38,14,5,40,52,48,10,60,17,9,41,34,67,21,24,64,30,72,28,26,68,27,32,33,66,62,63,70
930,16,15,3,56,51,44,41,46,2,40,61,19,10,43,38,52,6,12,48,36,8,7,60,37,1,9,11,59,55,53,69,63,34,23,68,24,65,22,32,31,71,62,30,64,33,28,21
931,9,2,46,13,59,8,45,37,14,16,55,20,61,56,1,50,3,11,5,51,36,19,53,41,10,17,38,15,7,57,72,27,62,66,67,63,30,31,68,21,24,23,71,34,28,65,64
932,1,47,17,20,59,39,41,55,58,12,42,51,46,4,7,54,16,19,38,35,52,13,43,44,57,15,50,10,37,8,23,24,67,33,27,66,65,71,28,69,64,25,21,62,29,72,32
933,54,41,43,35,18,5,36,17,6,20,51,37,14,50,3,16,39,19,56,10,60,57,55,44,15,4,7,9,45,40,28,63,67,27,34,70,66,32,71,21,29,24,30,25,26,64,62
934,16,12,8,35,17,9,49,58,7,53,39,48,50,57,61,45,51,46,42,4,19,55,1,47,41,60,56,5,43,14,31,24,67,66,23,69,34,27,64,32,26,70,71,65,29,30,63
935,56,7,49,51,58,46,61,13,60,43,18,45,10,5,50,57,4,47,14,12,9,3,41,55,37,16,6,8,39,53,31,72,63,22,64,65,25,62,30,69,21,27,32,34,23,70,29
936,12,15,14,47,55,13,54,17,44,1,37,39,6,8,52,35,3,61,56,49,36,58,10,50,16,42,45,40,19,43,72,21,65,26,62,71,34,24,22,31,29,69,67,27,25,64,33
937,57,14,12,17,45,13,40,52,49,3,6,10,5,11,18,7,56,60,38,53,47,16,4,55,19,61,46,43,35,42,72,63,22,33,28,26,66,71,69,21,68,32,24,29,70,30,25
938,11,4,6,61,37,49,55,50,38,1,20,43,7,47,41,12,46,13,8,52,15,9,10,14,3,48,18,16,35,44,68,69,34,25,67,63,64,66,65,23,30,70,29,24,71,31,62
939,43,8,48,20,41,16,19,44,56,17,60,11,3,58,7,57,49,5,40,52,2,39,36,61,6,46,1,14,55,38,69,24,25,22,68,70,26,63,65,72,27,62,29,28,71,66,34
940,20,52,61,42,13,49,9,47,38,4,55,14,6,11,44,60,8,2,7,36,37,57,5,53,16,43,54,56,50,41,25,29,26,22,31,28,72,67,34,32,33,64,27,66,30,65,68
941,58,40,42,53,57,13,45,47,39,2,20,1,12,50,8,44,52,38,11,17,18,41,14,3,19,15,48,51,5,10,32,68,62,27,24,25,72,71,26,70,64,67,21,23,22,69,63
942,15,36,40,18,48,54,53,2,56,51,58,13,35,47,1,44,7,60,61,12,17,49,3,46,5,57,4,38,14,55,72,68,25,24,63,62,71,33,70,28,31,69,34,65,27,21,23
943,50,58,42,47,61,53,57,4,8,3,56,6,37,20,16,40,49,17,44,39,35,60,45,38,41,11,1,46,52,43,64,66,71,63,34,23,72,68,70,24,32,65,27,69,22,62,67
944,11,13,55,9,54,43,50,36,46,14,41,45,51,57,17,35,42,48,19,52,39,61,38,12,59,18,49,60,16,40,29,23,65,71,67,68,31,26,66,28,72,62,30,25,34,33,64
945,2,43,19,48,6,46,61,54,15,51,35,1,36,42,14,60,55,59,38,44,47,12,17,16,40,9,53,49,8,56,69,65,24,63,30,66,67,28,32,26,27,72,23,70,33,68,64
946,37,48,46,35,50,4,15,49,40,61,9,54,47,6,18,56,14,41,58,20,52,13,19,17,16,12,42,53,7,45,70,29,27,32,25,30,71,68,21,64,34,24,26,31,23,72,28
947,58,54,41,7,20,55,44,36,4,45,38,18,2,57,52,51,16,8,60,14,19,35,6,3,56,61,42,15,46,49,27,70,65,62,72,30,71,31,68,66,34,67,69,28,21,29,23
948,43,48,4,60,55,2,54,45,53,49,8,35,14,16,17,36,50,19,12,39,56,5,59,40,38,42,41,15,52,51,24,69,31,67,72,32,27,29,62,33,30,25,63,23,26,22,65
949,43,15,59,36,20,8,5,49,18,37,51,38,57,10,60,61,4,54,13,46,6,7,9,48,45,14,42,56,53,41,26,21,62,65,67,30,22,23,29,66,24,71,34,69,64,31,27
950,38,36,39,59,12,4,46,42,41,2,47,6,61,50,51,1,13,52,9,48,8,44,19,54,3,18,14,15,20,56,70,26,63,29,33,72,25,30,22,62,31,24,65,64,66,27,28
951,13,39,48,18,52,6,38,46,36,49,50,57,58,7,16,37,59,4,15,54,9,40,5,43,19,55,17,10,12,47,30,62,71,67,33,65,21,28,66,69,64,72,32,70,63,26,29
952,4,37,1,41,47,11,58,38,18,13,39,49,35,55,43,19,7,36,56,44,8,51,53,9,16,5,50,10,40,12,31,28,32,21,68,71,63,67,62,72,26,65,69,70,29,24,22
953,46,58,19,13,44,56,16,48,9,11,18,40,60,45,20,35,6,43,38,42,5,2,39,57,41,10,17,8,59,49,63,29,25,68,27,32,72,66,64,28,65,30,23,69,34,67,21
954,38,1,12,20,60,40,54,14,37,49,35,51,50,44,8,53,11,5,10,6,4,19,56,17,46,61,47,58,13,55,25,63,26,62,29,64,67,34,66,68,70,27,33,21,30,24,32
955,8,46,61,51,44,9,59,58,5,45,49,56,2,40,14,60,20,16,55,41,54,6,48,42,53,35,50,38,4,18,27,66,71,21,22,25,62,69,26,30,31,68,64,33,28,70,32
956,50,5,1,52,7,46,19,14,54,51,20,10,40,4,41,9,16,61,60,17,53,6,48,44,2,45,8,35,55,42,26,66,27,65,31,34,24,30,22,64,69,63,70,71,72,33,21
957,18,49,2,61,3,16,4,20,45,1,40,58,11,6,51,19,35,15,36,5,48,56,53,7,12,57,50,59,55,14,32,24,63,68,64,26,69,23,33,67,31,34,30,25,28,71,22
958,8,12,46,18,3,36,41,57,17,60,47,40,37,50,9,2,6,1,20,51,15,43,35,61,48,54,49,19,7,14,63,25,21,31,64,68,33,23,28,26,71,62,65,29,66,69,67
959,49,44,37,45,18,59,3,55,52,14,35,47,10,38,5,4,46,56,60,50,1,19,39,36,43,53,16,2,40,20,70,67,32,33,68,34,72,30,71,66,29,25,65,24,31,27,28
960,13,46,15,51,36,57,47,59,43,55,48,58,38,5,10,49,14,1,54,3,12,52,7,53,44,11,41,4,39,19,64,24,65,27,25,31,63,72,67,23,22,66,34,33,21,69,29
961,43,6,4,40,49,61,11,44,50,56,42,52,45,60,54,36,7,8,3,2,18,15,46,5,9,19,37,1,58,59,64,71,25,63,70,22,30,62,28,68,24,27,34,29,69,32,26
962,1,45,2,57,48,60,5,54,42,37,3,8,14,15,4,16,50,7,53,19,12,56,44,41,6,20,36,43,52,13,27,66,31,25,21,68,34,64,71,63,72,22,69,33,30,23,67
963,35,48,56,42,44,19,51,58,39,13,43,5,57,14,11,47,46,36,45,6,55,9,52,18,1,4,59,7,37,38,22,63,28,29,33,24,70,64,23,72,69,62,26,66,32,71,25
964,1,38,36,55,39,8,2,49,12,7,47,15,57,4,52,41,56,40,9,59,3,50,18,53,58,6,44,16,42,45,22,29,23,30,31,71,64,67,72,69,62,34,32,66,24,26,68
965,51,16,5,9,2,49,50,44,19,56,48,35,60,18,6,10,53,45,38,8,12,13,14,37,52,42,61,47,1,58,65,62,70,69,26,27,22,34,31,64,33,68,67,71,66,72,30
966,20,51,14,1,6,50,53,3,40,47,41,13,4,19,59,39,42,45,37,61,8,49,52,11,46,48,60,44,15,36,31,62,72,65,26,68,71,63,70,21,67,29,23,64,32,34,22
967,13,42,50,17,61,49,19,47,39,58,53,46,60,48,12,56,2,20,57,9,6,43,36,14,16,51,54,15,37,18,24,72,66,68,63,25,32,65,28,34,21,69,33,22,29,67,26
968,7,51,55,14,43,4,50,52,15,2,54,59,1,56,12,44,60,37,40,9,11,38,49,18,47,45,57,41,6,13,27,22,63,24,34,67,23,33,31,21,65,26,71,25,32,70,62
969,40,51,38,43,2,53,8,6,60,4,1,47,50,15,10,16,14,57,42,9,39,36,3,49,59,7,55,5,56,41,27,63,26,25,71,69,70,24,21,29,62,65,67,30,28,33,31
970,41,51,36,52,44,37,11,42,2,59,17,46,50,56,20,12,35,19,9,45,18,39,40,3,8,5,10,16,57,48,70,23,67,25,63,24,34,30,29,22,71,26,21,27,72,31,66
971,7,4,58,10,55,1,51,40,42,8,41,61,11,48,43,13,5,53,36,14,57,3,15,2,45,46,52,49,19,59,30,67,62,32,68,65,69,22,23,71,70,29,24,25,31,27,64
972,48,3,51,52,36,57,56,55,35,17,60,58,1,37,14,16,8,4,12,45,39,44,18,43,53,42,10,13,40,61,67,27,62,24,28,71,31,26,63,70,66,68,32,72,22,29,30
973,53,11,15,40,12,56,3,4,19,20,17,8,41,55,35,43,7,45,39,46,48,13,50,58,9,10,60,14,57,36,68,62,69,22,34,33,31,65,26,66,72,24,64,32,30,25,23
974,58,15,53,38,45,17,60,44,13,36,51,12,9,5,16,50,3,41,55,48,11,57,61,8,35,46,19,14,1,43,71,31,70,21,28,26,62,67,30,69,68,66,24,63,23,72,65
975,7,39,2,37,52,51,59,40,38,11,10,56,1,42,50,17,12,13,6,15,43,55,19,3,8,18,54,4,60,5,69,27,31,30,65,66,67,21,22,28,64,29,32,71,25,23,26
976,17,46,54,57,53,55,52,1,14,2,36,48,44,7,19,10,9,45,3,11,59,16,51,39,20,41,18,12,13,43,67,65,64,69,62,72,23,63,30,22,28,32,26,70,25,27,66
977,60,20,3,53,5,9,56,46,37,2,19,17,54,45,41,39,55,59,1,51,18,49,61,12,43,36,48,50,40,4,32,29,66,68,67,33,72,31,69,34,64,71,26,21,63,30,22
978,6,46,38,7,55,41,57,10,52,1,2,54,9,36,58,20,19,13,35,5,39,47,11,40,53,56,4,60,17,48,72,27,65,67,30,62,34,71,24,28,26,21,32,33,64,31,25
979,14,13,46,3,9,47,45,43,17,53,2,48,49,58,44,37,61,56,54,50,7,19,41,38,52,4,15,55,18,10,29,27,25,70,23,24,66,33,30,34,32,22,65,64,69,72,67
980,39,51,20,56,59,44,50,53,8,55,49,40,46,45,52,47,11,37,9,19,36,14,3,61,1,5,38,41,15,58,34,31,26,24,21,67,64,22,68,71,32,63,72,62,66,70,29
981,7,20,1,16,41,48,59,45,37,12,58,10,55,5,44,42,35,56,47,3,8,52,57,53,54,38,43,46,19,51,27,24,25,65,70,26,33,66,62,28,71,64,29,22,69,21,23
982,11,55,1,52,10,42,47,12,6,4,56,20,43,13,38,5,2,37,59,50,60,54,9,35,41,48,8,7,61,17,71,63,72,23,70,28,67,24,32,34,62,27,30,25,69,26,29
983,11,13,39,48,56,46,49,6,5,53,45,15,19,16,35,52,9,42,54,3,43,17,59,51,41,1,57,44,40,12,63,32,71,66,28,62,25,64,29,70,69,26,34,21,65,27,31
984,53,43,46,57,50,36,52,40,41,44,6,42,55,3,20,60,9,47,48,10,5,7,8,37,19,13,61,1,56,54,31,71,62,32,63,72,69,24,67,23,22,27,34,28,66,70,30
985,10,37,56,9,60,18,50,12,2,59,16,4,46,8,39,42,1,38,15,47,61,13,52,57,43,20,19,40,11,44,66,67,26,31,72,25,22,28,63,65,24,71,62,68,32,64,69
986,11,14,47,9,15,37,1,56,59,55,38,51,12,8,13,35,54,45,17,7,18,20,46,42,60,3,39,10,5,44,32,70,71,69,72,21,31,65,28,64,24,25,66,62,68,33,29
987,3,46,41,57,19,60,61,42,7,53,13,50,51,16,1,15,56,36,10,38,11,58,47,4,18,40,6,14,37,52,32,63,24,33,68,62,31,25,22,23,28,26,66,29,21,70,71
988,38,47,6,39,57,13,4,58,42,44,55,5,15,59,18,45,37,43,12,17,53,54,2,9,7,51,50,60,14,1,29,66,27,23,25,21,31,26,64,69,62,34,33,68,24,67,30
989,14,39,56,8,17,7,13,52,53,6,10,3,37,2,57,38,19,41,36,46,50,15,9,60,45,43,47,18,35,48,66,34,22,26,67,24,25,63,28,71,72,68,33,64,62,65,31
990,4,60,2,42,44,5,20,58,61,53,57,13,16,11,18,38,52,19,51,40,17,9,48,56,50,12,39,54,49,15,33,22,30,69,70,24,68,21,66,32,23,63,34,71,26,27,64
991,54,1,4,38,17,49,2,36,45,57,48,20,52,16,7,60,35,51,50,41,11,56,14,44,61,15,42,19,47,59,69,25,33,70,31,29,28,32,63,34,67,24,23,72,26,64,66
992,40,51,10,3,9,35,20,5,15,57,55,42,37,50,39,11,45,1,38,43,58,8,49,56,14,4,13,52,2,36,62,71,66,24,64,68,22,26,23,28,27,72,63,32,33,69,21
993,18,16,15,57,38,10,56,6,20,9,60,43,52,37,1,8,44,2,5,55,45,54,53,14,39,4,59,13,35,58,23,72,24,27,65,31,67,68,33,21,29,22,62,34,66,32,71
994,8,14,4,36,19,39,17,44,1,61,53,54,16,41,10,58,40,55,47,35,3,43,7,51,18,49,9,60,2,59,27,34,33,72,71,31,62,70,29,69,22,65,25,66,67,21,64
995,58,8,50,48,19,45,12,36,41,60,7,15,13,1,52,43,51,44,16,61,5,39,4,9,10,59,35,17,2,11,66,31,32,23,69,27,28,34,71,70,65,72,29,33,22,25,30
996,5,9,6,14,52,61,12,47,54,42,20,16,36,57,1,56,35,15,49,43,17,44,53,39,18,41,38,4,8,60,24,72,65,62,31,28,34,71,70,66,63,26,33,23,25,32,30
997,58,43,38,1,3,51,52,48,45,35,9,15,5,39,59,6,18,57,4,36,10,7,49,2,13,20,54,37,44,17,30,64,67,72,23,29,31,62,28,22,68,32,27,65,70,34,63
998,45,12,10,43,41,2,53,9,36,49,11,37,35,3,19,59,6,4,60,38,13,48,39,44,40,58,7,54,17,14,24,23,71,25,68,30,27,72,64,29,21,33,66,31,70,63,26
999,50,45,11,18,48,14,35,52,13,36,38,15,42,20,41,12,61,10,51,44,19,46,39,56,5,54,17,2,59,40,25,69,65,71,70,64,30,34,29,26,24,62,21,28,33,66,23
1000,41,46,7,56,59,51,11,42,53,14,16,17,6,19,57,52,38,20,54,10,43,4,61,47,55,2,45,1,49,44,24,29,28,68,62,30,67,32,23,65,22,70,25,33,63,64,72
1001,5,40,45,44,6,39,12,14,51,43,50,3,41,37,17,36,49,2,7,47,13,56,9,19,1,54,48,35,8,59,24,62,68,66,63,64,30,72,70,29,23,32,27,69,65,34,21
1002,37,40,9,3,2,56,8,60,10,44,45,47,16,15,6,1,49,53,20,46,50,7,4,58,38,43,42,14,41,54,65,62,64,32,23,69,26,72,27,31,34,70,30,66,25,28,71
1003,52,12,46,59,9,15,19,60,45,38,14,48,57,11,7,58,2,10,18,37,16,17,35,39,36,43,47,1,49,50,24,29,72,63,25,31,70,66,68,30,62,65,21,22,33,64,32
1004,54,38,14,46,51,44,55,13,56,42,43,20,5,45,18,16,9,59,47,49,12,7,53,61,36,39,17,37,6,1,21,71,22,26,25,31,29,69,27,70,64,68,67,23,62,32,33
1005,61,7,55,5,45,6,57,50,1,10,17,14,20,3,16,52,51,36,19,18,8,4,37,53,40,60,56,35,2,46,25,64,22,69,28,62,71,27,63,31,32,21,66,65,23,33,72
1006,36,8,58,35,61,54,44,9,45,15,13,51,52,11,19,46,3,14,17,50,1,2,59,16,43,49,37,48,4,42,22,24,69,21,72,25,26,64,67,70,34,29,31,33,23,27,62
1007,5,35,17,46,3,45,61,16,12,50,36,11,39,10,20,15,19,47,51,7,42,1,57,2,53,38,9,55,41,40,70,24,67,30,34,68,29,63,26,27,33,25,23,62,69,21,64
1008,12,44,18,58,17,13,43,3,16,6,7,54,20,8,56,52,61,2,15,42,35,37,50,55,9,1,19,38,14,59,67,26,32,21,64,28,70,24,34,27,65,22,71,68,31,62,30
1009,55,61,11,40,19,47,59,44,46,53,15,5,12,51,20,39,52,7,16,17,1,54,4,35,10,3,43,57,50,48,22,28,33,65,21,27,31,68,72,66,62,30,24,67,34,26,70
1010,14,45,55,9,35,7,2,20,43,4,6,59,42,53,15,48,39,1,56,3,51,58,16,52,54,49,40,61,17,57,72,24,62,67,68,30,29,27,32,70,25,64,34,23,21,33,31
1011,19,38,10,60,43,4,47,36,12,7,2,39,53,14,8,20,55,11,48,56,52,13,1,54,46,18,17,15,41,59,27,23,69,65,66,21,64,22,68,25,62,67,31,32,24,70,34
1012,42,12,19,36,47,43,3,1,52,15,53,4,37,6,56,39,48,16,41,55,7,8,46,54,61,51,59,44,38,57,64,30,33,63,26,21,71,69,22,28,23,72,65,27,67,31,62
1013,47,1,50,51,11,41,60,54,46,4,45,43,55,35,16,44,12,15,18,3,58,7,38,59,9,36,10,5,57,37,65,25,26,23,21,30,27,70,68,31,29,33,22,67,32,64,72
1014,18,51,12,19,5,45,17,53,2,44,60,41,55,16,14,59,7,4,38,47,43,50,11,42,35,39,49,46,57,40,67,72,63,21,26,66,34,27,30,29,31,71,64,69,28,68,24
1015,40,48,12,42,47,3,8,17,37,35,9,39,59,52,60,18,41,51,56,10,61,55,1,58,20,6,7,13,44,54,64,69,66,29,22,31,68,72,67,65,27,25,34,23,21,24,62
1016,10,54,7,53,6,55,46,60,52,11,36,8,37,35,19,49,12,5,20,48,3,44,4,16,57,47,38,58,14,50,28,29,64,65,24,69,66,31,70,71,63,68,21,25,34,33,30
1017,50,4,53,52,57,18,43,45,40,14,60,10,35,13,61,15,8,41,42,11,38,48,19,54,44,56,3,16,58,37,28,32,23,27,33,65,24,72,66,31,63,30,22,34,67,68,69
1018,47,36,52,51,5,2,49,43,60,19,14,58,16,18,53,10,39,44,46,56,61,50,59,57,6,41,4,17,55,37,24,69,25,34,63,70,68,33,21,29,66,26,31,71,64,65,22
1019,10,41,6,49,56,8,40,35,51,59,44,11,14,1,50,43,47,16,13,12,46,39,52,15,7,19,4,57,9,58,22,62,32,25,65,34,68,66,69,64,23,28,27,67,63,21,30
1020,38,7,12,39,61,51,59,57,36,14,16,3,42,53,6,50,18,54,49,43,17,52,55,9,46,44,4,11,58,5,64,26,32,31,33,24,27,25,21,29,66,30,67,28,23,62,70
1021,12,40,3,56,18,60,6,15,61,35,57,37,19,42,8,11,59,49,36,47,2,44,14,5,46,41,51,48,55,58,24,72,67,25,34,30,31,22,66,23,28,63,26,71,27,29,64
1022,12,13,41,38,47,19,7,54,42,14,55,18,15,3,45,43,37,11,4,36,61,16,1,6,48,8,5,56,59,49,69,72,30,23,32,68,31,26,65,67,62,71,25,70,29,28,24
1023,48,47,41,14,49,12,6,18,3,61,7,51,53,57,20,40,8,56,35,44,60,15,2,52,10,13,36,43,9,1,70,30,68,34,25,22,28,64,72,21,26,62,23,63,27,71,29
1024,7,61,1,10,44,59,60,8,14,3,18,51,52,19,39,35,17,36,40,55,53,9,20,5,16,58,12,11,47,56,29,71,65,34,22,33,62,70,28,26,64,69,32,21,23,67,27
1025,13,55,11,60,38,48,59,42,18,39,16,5,7,36,46,1,35,61,6,20,3,10,4,45,41,54,8,15,51,43,34,71,21,64,23,70,67,25,31,63,33,72,68,30,69,66,28
1026,7,58,43,53,4,49,51,60,48,56,57,41,19,61,15,14,16,8,3,40,12,54,6,45,1,10,44,11,47,2,28,71,30,62,24,32,25,33,31,66,65,21,72,63,29,68,23
1027,56,2,11,17,5,55,60,14,50,7,47,53,3,45,18,57,1,40,39,54,49,52,48,16,4,38,19,51,6,59,72,29,26,30,22,34,28,27,25,23,66,64,33,65,21,31,69
1028,3,47,4,12,35,8,11,37,53,59,40,36,48,2,18,13,51,42,60,14,58,7,6,1,17,9,52,55,46,38,27,28,25,68,26,67,65,34,23,30,32,21,29,66,62,72,69
1029,43,55,47,49,16,41,2,58,6,18,61,52,37,51,59,53,17,54,42,35,8,50,60,20,4,5,7,1,13,36,21,69,24,28,30,23,66,70,71,64,62,33,34,29,25,68,63
1030,4,14,43,19,39,58,61,5,55,11,48,47,13,49,6,50,35,3,37,16,54,42,53,45,44,59,17,2,40,46,62,69,64,26,30,66,23,34,29,72,25,32,22,33,70,71,28
1031,46,43,35,39,13,11,8,41,51,36,17,44,47,52,58,2,19,3,40,61,37,38,15,48,57,54,10,1,49,20,26,70,69,28,29,23,64,72,67,32,62,34,65,31,21,63,27
1032,36,53,54,50,18,46,51,6,38,47,15,35,5,4,16,8,11,48,39,9,17,40,56,2,49,3,20,13,37,55,72,63,24,32,69,21,27,33,64,30,31,28,23,62,65,66,29
1033,61,58,17,1,60,37,11,54,41,39,55,40,52,20,47,51,49,59,10,7,53,14,43,44,50,12,18,42,35,48,70,29,68,67,22,71,25,30,33,64,66,26,32,21,62,69,23
1034,38,16,58,51,1,39,57,11,44,20,56,10,45,8,49,7,40,52,9,47,50,18,55,2,19,5,13,36,3,37,24,64,30,33,71,25,26,67,28,63,22,62,31,69,29,34,21
1035,18,16,44,52,46,38,8,59,60,55,58,5,20,49,37,35,48,6,56,1,13,50,12,17,7,2,57,9,10,19,24,70,33,34,25,69,26,30,31,32,27,23,66,63,21,71,64
1036,3,2,7,44,53,1,43,38,59,39,57,48,42,20,50,58,4,18,46,36,14,49,56,45,15,60,61,9,40,54,26,68,28,24,69,33,71,22,27,63,23,21,31,64,29,34,70
1037,38,6,44,51,20,5,12,11,41,50,55,7,58,13,3,39,57,53,16,56,59,10,4,1,43,40,17,14,42,35,30,29,65,21,26,62,69,33,31,28,24,27,25,22,66,72,34
1038,35,44,38,4,40,53,7,19,51,42,3,17,2,13,49,60,16,20,46,45,5,14,41,1,12,11,57,8,47,6,63,65,23,29,21,25,31,24,33,34,66,70,32,62,69,28,64
1039,18,6,3,5,4,41,48,16,59,1,13,39,2,47,20,50,53,51,40,10,46,17,11,56,57,54,58,44,42,38,25,62,24,32,65,28,31,67,23,22,21,71,34,66,64,72,70
1040,53,54,42,10,16,19,37,45,17,6,36,12,3,48,15,55,8,58,57,43,51,47,46,40,60,41,50,59,2,56,24,63,22,66,62,69,67,32,64,68,23,31,65,71,21,26,34
1041,11,50,1,19,20,18,54,6,44,35,53,52,16,2,5,37,47,7,59,45,61,9,13,39,12,46,42,43,3,60,66,22,64,62,24,32,30,68,28,33,29,34,70,71,21,69,67
1042,35,53,5,60,36,45,12,43,3,40,37,49,11,16,50,56,58,4,18,7,38,39,44,13,14,10,20,54,47,19,21,23,65,26,66,62,67,68,28,31,69,63,70,72,33,25,30
1043,40,1,11,18,47,49,43,41,39,51,17,13,37,3,42,35,48,15,61,5,54,6,19,56,57,50,59,20,36,8,72,62,71,69,64,28,66,68,30,27,67,25,65,63,34,33,23
1044,6,49,55,14,51,44,43,16,9,2,1,37,60,57,46,10,17,40,4,58,39,19,52,56,45,48,47,15,20,59,68,28,71,62,30,23,34,22,64,72,67,29,21,27,69,66,32
1045,53,4,50,11,61,35,57,60,3,48,36,8,1,45,6,56,47,51,15,37,2,41,42,46,10,54,16,12,7,5,23,25,62,32,71,68,30,29,33,70,21,64,67,72,28,66,31
1046,12,57,1,38,55,15,59,53,20,39,14,3,44,52,5,36,41,10,35,11,50,56,2,49,46,6,19,60,7,18,70,25,31,62,28,30,27,23,24,65,68,21,67,69,34,72,32
1047,48,37,11,57,35,52,9,12,36,20,4,10,13,6,38,51,53,43,56,61,3,49,17,14,54,45,5,44,15,7,72,26,34,30,27,68,62,28,33,66,25,29,65,22,21,24,70
1048,13,9,35,60,58,59,10,39,17,19,7,36,56,14,20,8,41,44,2,57,52,11,15,43,38,37,48,6,18,45,22,25,62,31,34,21,64,29,28,70,33,32,66,30,27,23,65
1049,57,58,43,48,44,39,46,56,12,45,4,59,50,7,47,41,10,17,20,51,40,38,1,36,60,19,35,11,49,61,62,31,67,22,25,26,71,66,63,30,34,23,68,33,64,69,29
1050,58,41,49,15,59,38,40,61,37,18,56,8,57,47,16,4,44,13,17,20,50,52,1,42,46,19,45,3,53,48,34,69,70,23,62,67,72,22,65,32,66,21,64,33,29,25,63
1051,2,57,56,36,8,37,41,54,48,59,17,49,35,61,14,58,19,51,10,18,45,11,39,12,52,55,38,7,4,46,28,34,62,29,66,22,23,65,70,64,26,21,31,25,32,30,72
1052,56,9,37,59,6,13,48,18,16,14,55,46,20,45,36,61,7,53,39,42,41,15,51,58,60,47,19,4,44,57,22,71,28,21,72,66,67,30,70,31,62,63,33,24,23,32,26
1053,10,42,55,44,38,36,12,54,9,17,14,53,51,19,5,13,39,16,1,47,58,43,15,2,35,50,11,45,46,8,72,66,30,69,29,28,65,24,67,22,71,27,23,63,62,68,33
1054,48,61,35,60,16,50,20,49,39,37,58,59,12,54,52,5,53,57,3,14,1,17,11,18,15,4,40,38,47,55,62,71,64,25,66,68,32,27,34,69,65,63,67,23,22,21,30
1055,7,16,20,44,57,38,58,50,11,47,2,49,19,59,43,40,42,36,53,14,4,9,18,6,52,8,1,55,39,17,24,29,28,26,70,32,72,65,66,62,25,30,68,69,64,31,34
1056,59,54,11,7,15,2,44,41,58,20,38,60,37,18,56,1,47,40,42,51,48,39,10,52,13,8,49,45,16,43,31,26,21,32,30,65,69,34,62,64,25,22,66,29,70,33,68
1057,52,7,43,53,13,49,50,47,18,55,58,10,20,51,4,16,45,2,44,60,6,3,12,5,56,57,15,38,14,19,22,28,30,32,64,34,70,62,67,69,23,29,71,31,65,72,21
1058,47,57,39,13,7,49,61,5,40,3,12,41,42,56,19,59,55,17,38,53,35,18,45,1,43,50,44,9,4,51,70,27,29,33,72,24,71,28,32,63,65,25,66,31,21,26,30
1059,15,2,4,45,18,10,47,49,58,42,46,8,13,17,20,11,38,40,51,44,61,41,57,55,7,36,5,56,14,19,21,68,23,69,24,65,25,32,66,28,29,22,71,70,30,62,34
1060,45,52,55,39,35,19,50,43,56,18,7,47,48,54,20,57,8,61,60,53,5,4,13,38,37,6,36,3,46,59,72,62,63,23,67,65,68,31,24,66,71,30,26,33,25,70,32
1061,39,18,1,44,3,9,53,15,48,8,14,57,51,46,35,19,55,20,40,38,2,5,50,42,10,11,37,60,17,45,66,27,33,34,22,69,31,32,72,29,65,21,30,70,24,67,26
1062,54,9,45,15,7,17,14,37,46,2,3,12,49,42,1,53,51,20,4,41,36,19,48,10,44,39,18,61,40,6,65,72,25,23,64,62,63,31,24,27,29,69,70,26,32,66,33
1063,39,15,9,3,11,6,44,2,57,14,43,52,8,59,45,41,17,47,18,37,55,36,48,60,50,16,4,49,20,40,32,22,26,63,29,27,33,68,28,72,71,64,30,24,31,21,34
1064,3,52,47,51,4,6,35,42,5,14,61,17,59,38,36,12,16,58,7,50,44,43,18,13,19,55,48,15,9,40,72,31,70,71,62,34,24,65,23,68,64,33,28,25,32,66,26
1065,60,20,53,39,49,56,14,19,50,1,38,6,55,36,3,47,11,48,17,4,2,9,57,18,54,52,37,51,44,61,25,31,62,22,27,29,68,26,33,72,63,30,67,70,28,66,21
1066,15,60,46,50,18,20,47,17,35,48,8,37,2,40,42,1,36,53,49,45,57,11,55,44,59,54,41,51,4,6,69,24,64,27,28,34,67,63,65,68,72,21,25,32,66,26,23
1067,13,61,48,2,59,9,60,7,39,43,15,55,36,41,37,4,50,56,35,45,18,58,14,51,49,53,1,52,47,46,69,67,30,27,70,21,62,66,65,25,26,34,29,64,28,63,72
1068,4,37,40,55,13,48,57,11,47,19,36,41,12,14,35,53,59,60,58,1,5,52,2,49,8,56,16,18,54,15,70,33,30,63,34,62,24,21,66,29,64,25,71,32,67,26,31
1069,8,16,5,9,13,51,10,17,6,48,37,56,20,36,46,54,43,57,45,7,11,12,52,38,18,44,15,61,60,2,69,26,21,29,66,63,30,24,70,22,33,65,71,67,32,62,27
1070,57,19,11,17,60,36,20,3,54,39,10,12,13,49,16,8,15,61,42,37,58,50,46,1,44,40,45,35,59,7,68,23,66,69,65,22,31,67,32,63,70,62,24,26,33,64,30
1071,49,17,41,59,44,14,4,11,50,38,1,8,9,55,37,58,5,13,54,60,6,48,53,42,47,10,51,20,46,7,34,33,63,26,21,30,22,69,31,66,25,67,70,64,27,71,29
1072,17,54,20,48,16,56,4,15,61,2,36,50,13,9,38,6,58,18,45,40,11,1,47,55,46,57,44,52,5,12,29,67,21,72,25,68,66,23,65,70,26,33,69,64,71,63,24
1073,55,47,56,49,43,36,9,42,6,11,61,48,60,40,59,54,18,57,39,4,2,17,51,37,5,41,53,50,12,46,23,31,72,67,32,24,34,26,33,64,62,63,66,65,21,28,30
1074,43,3,41,6,9,48,13,4,36,16,49,51,15,5,19,20,45,47,35,7,42,18,10,61,50,40,8,57,37,60,27,23,70,32,24,62,29,26,71,25,28,63,67,65,72,34,69
1075,1,60,39,61,42,49,38,8,40,56,55,48,12,17,47,20,54,45,59,19,16,44,53,10,57,52,2,58,13,46,68,67,69,62,22,66,33,64,25,21,63,26,28,24,34,71,65
1076,48,8,17,1,10,16,19,12,38,9,39,4,61,50,15,53,3,60,51,44,2,42,56,37,14,46,58,20,35,13,28,31,25,63,27,71,66,64,72,67,26,34,21,68,33,24,69
1077,1,46,61,4,58,35,3,57,8,37,13,48,14,49,53,41,44,43,11,42,18,52,5,12,10,56,19,47,51,16,21,70,26,71,34,28,68,22,63,30,31,27,29,32,64,65,62
1078,45,13,53,50,15,58,4,51,8,48,38,17,9,55,57,47,46,10,19,42,44,18,35,54,43,6,5,60,36,3,24,63,70,21,71,62,72,33,26,27,64,22,65,25,32,66,67
1079,48,37,9,57,44,40,16,51,18,5,19,53,58,46,13,54,45,55,11,52,4,6,12,3,56,50,60,20,10,36,69,26,65,24,31,63,33,62,71,25,29,64,34,28,66,21,30
1080,59,16,49,39,47,42,19,35,13,18,7,3,10,6,15,56,1,36,45,11,52,5,37,50,14,43,2,51,46,8,31,71,33,63,30,24,27,32,65,23,70,67,21,22,26,25,29
1081,37,36,1,39,13,42,7,41,14,51,52,53,35,56,45,11,59,10,12,40,4,9,2,47,44,50,38,58,54,60,23,65,64,31,22,21,34,71,68,24,32,70,33,27,62,67,28
1082,45,44,59,18,35,17,2,14,36,41,19,8,60,49,42,20,61,15,53,52,39,40,3,11,10,16,38,48,47,6,28,30,31,63,32,22,66,68,25,62,21,69,27,23,65,26,24
1083,61,17,8,48,52,36,20,46,50,55,42,43,54,6,39,12,5,4,1,53,2,41,51,13,11,7,47,49,58,10,63,65,32,22,27,62,33,72,71,25,24,23,67,30,69,29,31
1084,10,58,42,49,55,35,39,45,56,54,38,18,16,46,8,7,53,12,3,40,14,57,48,41,59,37,17,47,36,20,22,72,25,33,63,70,31,23,64,65,68,24,26,67,66,32,30
1085,20,42,8,4,38,49,54,36,59,56,11,35,13,37,52,61,58,51,60,7,48,16,2,47,17,44,40,12,39,14,29,31,64,72,66,25,69,24,34,70,33,32,23,27,30,22,21
1086,6,20,4,3,9,13,46,48,40,52,59,10,18,42,38,37,41,51,54,17,2,55,35,47,12,11,7,53,50,16,30,26,27,63,32,23,31,25,62,33,71,69,67,24,28,34,29
1087,16,61,20,10,44,36,45,46,56,39,3,49,59,8,60,57,41,51,50,1,2,11,15,55,9,17,38,14,47,4,63,32,71,64,25,28,26,33,65,24,67,21,23,31,70,34,27
1088,20,15,41,6,13,43,39,10,42,8,59,58,35,5,12,11,50,61,19,53,17,47,36,45,48,46,4,57,37,54,29,64,68,72,27,23,66,71,31,28,32,65,22,62,70,67,24
1089,41,55,60,38,59,40,36,56,39,17,35,14,11,53,61,4,10,6,43,49,8,45,48,57,3,16,51,54,1,58,34,31,66,21,69,22,63,28,67,70,72,71,65,27,33,68,23
1090,57,1,40,16,8,52,61,53,38,48,36,54,60,47,56,9,45,13,49,11,12,42,39,41,50,2,44,4,59,7,68,62,65,33,72,26,30,29,21,24,31,22,69,63,70,27,66
1091,41,51,18,55,52,8,60,56,16,19,9,20,42,5,4,1,6,59,17,13,61,3,43,14,12,39,57,15,11,7,64,32,25,62,71,22,27,31,24,68,30,72,65,63,66,29,26
1092,1,51,5,55,46,15,11,41,13,9,43,16,40,53,10,52,18,50,60,12,37,2,36,45,4,59,17,61,57,54,69,29,68,65,21,28,25,31,66,71,72,26,63,64,24,22,27
1093,15,50,20,57,35,44,19,39,11,48,59,13,2,43,40,10,46,41,60,55,36,17,51,9,12,5,53,14,38,52,66,28,63,24,68,70,34,32,27,21,31,69,23,25,26,33,72
1094,50,51,5,54,41,12,38,13,46,17,60,55,61,42,10,2,1,44,48,36,52,18,43,4,11,49,35,53,59,9,28,33,68,63,21,64,69,22,26,32,27,65,67,23,24,31,70
1095,2,5,7,42,59,8,44,18,16,20,6,36,45,12,41,49,58,50,51,46,38,35,37,57,15,3,14,1,61,53,69,33,63,21,23,27,68,32,62,71,70,66,64,29,72,34,67
1096,1,52,59,20,58,56,38,47,60,4,8,13,51,43,46,2,48,61,7,12,45,39,16,35,6,50,3,49,55,18,32,26,67,21,65,23,28,64,66,69,29,62,27,31,24,22,33
1097,14,42,11,58,47,49,40,16,60,5,57,36,2,56,37,10,61,41,6,51,43,15,45,12,18,44,54,39,55,3,30,33,32,69,67,62,34,29,64,31,66,65,27,26,28,70,24
1098,14,13,11,51,60,17,48,41,40,9,45,1,10,58,59,61,55,44,53,38,35,52,5,36,16,49,43,54,42,20,30,28,70,21,33,27,63,67,32,34,64,23,69,65,29,62,72
1099,10,47,1,58,60,51,54,46,17,19,56,8,59,11,39,13,14,38,36,57,55,50,48,37,44,42,12,5,45,6,66,34,62,29,70,67,27,69,31,64,30,24,25,23,32,33,71
1100,36,3,13,54,49,61,6,7,10,18,40,8,9,35,44,4,55,1,14,11,45,42,12,39,38,48,47,20,57,17,31,23,64,63,22,28,32,67,65,27,34,33,69,21,66,62,25
1101,50,19,10,59,18,53,55,41,35,36,51,14,13,52,43,60,58,49,45,42,54,16,3,11,8,47,38,48,39,2,70,25,30,33,62,29,64,21,72,27,69,65,26,71,32,22,28
1102,39,2,16,8,61,46,15,12,9,49,56,17,5,35,37,19,47,4,3,57,55,45,18,7,41,10,38,52,1,54,70,66,72,21,34,25,67,22,24,30,62,64,26,69,71,32,65
1103,13,41,60,58,3,12,51,8,11,50,52,5,19,7,18,2,39,55,38,16,4,56,9,43,36,57,14,10,47,48,69,22,62,65,70,23,32,31,21,30,64,26,25,24,68,34,29
1104,16,45,14,60,53,5,12,37,11,15,10,40,57,50,59,18,54,8,43,41,56,2,49,20,48,38,19,52,44,58,66,32,21,22,71,33,25,26,31,69,63,70,67,62,29,34,23
1105,17,37,43,52,11,4,46,41,42,7,45,50,1,3,9,14,18,51,60,58,47,36,57,54,61,13,15,53,12,2,21,23,22,72,63,65,64,30,25,26,27,32,62,24,67,28,29
1106,55,39,36,1,59,60,38,13,7,56,3,20,4,47,48,12,8,46,17,44,11,40,9,16,58,54,6,61,43,45,71,67,69,30,23,27,68,70,26,72,65,21,28,33,66,31,25
1107,49,42,55,46,61,20,12,13,37,36,3,53,40,54,17,18,44,14,8,4,2,39,38,35,9,1,47,5,19,58,29,66,25,33,31,68,71,65,72,70,27,23,22,69,64,30,26
1108,18,20,47,54,1,51,42,49,38,46,37,58,56,50,4,59,6,48,39,53,35,12,41,7,43,2,60,52,13,19,70,66,21,72,64,63,34,62,69,33,67,30,25,31,22,23,65
1109,39,35,18,17,52,48,45,46,3,10,11,19,40,14,57,53,5,9,13,56,6,36,44,47,49,15,12,58,4,37,27,33,32,30,29,71,31,34,70,68,28,64,66,63,26,23,24
1110,52,8,12,35,16,2,55,9,10,48,56,42,51,59,17,18,19,60,14,45,7,38,13,44,11,5,36,40,49,53,72,32,31,65,29,64,33,66,30,21,26,69,63,24,22,62,70
1111,43,10,20,6,44,50,36,55,16,45,13,3,12,52,4,49,35,58,41,46,19,42,9,18,57,40,11,61,60,38,33,34,26,63,30,27,31,21,67,72,66,25,68,32,24,62,69
1112,53,38,19,8,58,51,6,48,2,52,41,44,57,4,16,56,47,39,49,43,50,17,46,35,7,37,60,3,45,12,26,29,72,67,65,32,63,30,34,22,64,69,66,24,23,31,25
1113,49,41,61,37,19,7,52,2,35,40,36,13,3,51,60,1,16,18,55,4,56,10,44,12,57,53,6,47,58,5,30,27,24,62,22,64,21,67,63,72,25,34,65,23,31,66,70
1114,8,40,54,43,18,58,35,45,13,53,36,55,57,12,20,16,51,44,42,56,41,4,15,52,46,48,39,60,1,14,67,30,33,70,25,65,72,71,66,28,69,24,23,62,26,31,63
1115,59,18,55,17,6,60,45,13,7,44,61,10,43,35,52,46,16,56,2,4,12,58,19,51,41,49,5,20,48,36,62,29,21,30,69,27,26,64,33,67,25,28,22,32,24,65,72
1116,50,41,51,1,14,57,35,45,18,47,60,59,49,10,12,5,11,42,53,16,52,17,8,54,44,56,43,46,6,36,23,24,29,22,63,25,62,66,33,26,31,32,28,72,69,30,64
1117,61,40,10,41,3,20,12,8,44,42,58,48,15,59,56,36,19,14,60,6,13,51,9,45,39,47,55,16,54,4,23,21,33,66,27,64,34,62,65,26,25,22,30,68,67,70,71
1118,51,6,9,49,18,45,61,20,4,10,37,60,14,36,15,58,40,50,41,44,7,1,42,13,11,8,55,12,52,47,30,28,33,23,32,65,64,72,70,66,24,31,29,68,71,62,22
1119,61,4,1,6,20,40,39,60,35,42,41,56,16,18,11,51,3,45,10,43,37,8,38,9,44,58,53,15,52,46,28,62,33,25,68,26,66,32,29,71,21,22,67,64,31,23,30
1120,9,17,57,11,1,18,56,45,40,10,2,54,15,46,19,41,3,44,55,37,58,59,39,43,8,51,48,20,16,7,30,28,26,24,25,33,63,27,34,23,32,65,68,21,29,71,66
1121,52,10,8,54,48,38,49,44,59,39,16,41,53,37,17,12,7,46,43,36,61,14,15,56,50,58,35,5,55,3,33,29,30,68,31,28,27,65,26,70,64,24,34,62,23,21,66
1122,54,35,19,45,44,18,2,17,42,15,40,55,53,57,14,47,36,20,37,8,1,9,3,38,46,48,58,60,39,43,72,26,69,71,21,65,24,34,62,63,27,66,70,23,31,25,64
1123,18,36,17,52,47,8,20,54,44,42,6,19,53,15,37,45,2,40,57,1,38,60,56,3,9,14,7,58,51,61,25,22,33,28,64,71,70,67,65,34,27,66,21,30,69,62,24
1124,18,51,41,46,55,17,2,57,13,37,11,16,58,47,7,35,1,36,8,6,60,14,52,54,48,43,12,20,39,49,70,28,71,63,21,23,64,24,26,65,27,68,29,22,33,62,32
1125,49,37,16,14,58,13,42,7,3,40,5,8,57,18,55,48,41,50,35,6,4,44,61,20,19,9,11,52,39,12,64,71,31,25,72,68,22,69,34,30,27,21,62,66,24,32,28
1126,8,1,60,38,15,47,4,14,5,41,50,59,61,17,35,57,18,43,49,13,36,37,19,2,44,42,40,3,51,53,68,34,67,27,21,25,64,63,28,33,29,72,26,30,22,66,23
1127,51,60,20,57,48,45,15,46,50,36,40,56,10,42,3,47,13,38,17,5,43,2,61,59,9,19,18,12,16,53,21,64,22,71,28,26,31,62,67,27,66,25,32,29,30,69,23
1128,40,50,36,61,3,51,55,20,7,45,53,43,39,6,47,37,13,44,5,15,12,59,9,18,48,8,38,16,11,57,72,64,33,22,24,67,65,27,70,29,31,23,28,26,68,62,25
1129,36,61,6,48,37,3,20,12,50,7,17,1,18,35,14,11,40,9,54,8,42,41,52,60,2,53,16,55,51,5,69,22,28,72,24,67,71,34,63,29,33,64,32,25,21,66,68
1130,42,60,44,20,8,48,37,39,38,59,51,36,5,50,1,56,40,15,12,14,17,55,58,47,13,16,46,18,49,3,33,31,29,69,72,65,24,27,68,26,70,32,67,28,22,23,21
1131,56,37,35,55,12,49,57,4,19,38,5,47,59,16,14,13,3,52,48,58,6,41,8,36,1,9,54,44,39,20,33,64,67,30,72,71,66,28,24,21,62,27,31,26,69,63,65
1132,61,9,20,49,52,6,60,48,35,39,58,36,56,5,43,14,8,46,17,15,38,51,2,41,59,10,55,16,4,40,32,25,34,71,24,72,33,29,69,65,22,62,70,27,68,26,21
1133,51,1,40,5,6,53,36,45,60,57,58,37,10,16,38,47,50,56,3,11,14,43,54,17,48,44,52,42,18,2,29,28,33,71,67,30,24,62,34,22,66,23,31,63,64,72,27
1134,56,60,6,58,40,4,9,51,52,15,57,7,13,48,38,59,19,3,10,49,20,8,61,50,37,14,18,41,12,17,65,64,27,70,21,28,22,26,71,33,68,32,67,24,72,63,34
1135,11,38,17,14,7,16,48,59,60,13,39,46,57,47,12,1,36,20,9,5,2,15,18,19,4,45,61,40,51,3,25,26,69,34,63,70,64,65,31,32,72,22,27,21,24,71,29
1136,19,43,3,47,16,8,49,52,42,53,45,50,40,6,57,11,12,55,7,39,9,51,58,54,48,61,36,38,20,15,71,31,72,62,64,28,34,32,29,33,30,65,63,25,24,66,70
1137,6,36,55,8,13,51,15,48,49,61,40,35,42,44,18,19,4,5,54,53,1,41,43,17,2,16,20,58,38,9,70,65,25,68,30,29,62,24,28,69,66,63,31,23,27,26,34
1138,16,2,15,7,49,35,36,47,17,10,38,19,1,8,12,4,60,6,56,55,57,54,53,44,45,59,61,9,39,46,26,68,33,22,63,25,29,70,23,69,21,71,64,28,31,67,62
1139,49,11,10,15,19,35,43,16,59,17,44,52,57,48,56,51,45,36,7,41,3,4,46,9,37,1,39,50,14,18,69,31,25,33,66,32,23,70,26,72,28,65,68,21,30,64,62
1140,39,56,53,19,35,59,40,12,41,47,16,57,1,18,17,49,6,5,4,42,50,8,13,60,14,37,48,11,2,43,22,31,25,67,26,27,62,68,70,33,32,63,71,28,65,64,72
1141,42,56,61,2,1,52,48,40,35,14,53,10,57,20,58,59,46,60,43,54,18,11,12,9,36,38,4,15,39,49,63,26,69,72,68,33,67,70,32,71,24,27,22,28,21,34,62
1142,45,61,11,41,59,55,37,50,9,38,19,58,49,16,54,5,36,1,44,48,10,13,6,4,51,60,42,8,47,2,63,24,33,64,23,32,29,34,69,68,67,27,30,71,22,21,72
1143,49,11,47,20,61,6,40,60,57,39,36,52,18,42,7,14,43,13,35,53,46,12,2,58,41,51,55,1,54,45,34,26,30,23,32,31,70,63,28,25,65,62,33,66,64,24,29
1144,37,7,13,3,10,35,47,18,52,43,8,9,16,55,36,57,15,51,58,50,6,2,5,11,42,49,54,45,46,14,26,72,71,68,29,62,24,66,25,70,30,23,33,27,34,28,69
1145,39,1,36,19,38,5,20,48,59,44,61,58,42,43,53,10,17,8,3,37,47,18,40,55,7,45,60,14,6,49,72,62,29,63,25,31,66,27,69,67,68,22,32,23,70,71,26
1146,59,53,49,16,52,57,4,6,47,8,51,56,35,40,60,37,46,44,55,3,5,12,20,48,18,13,45,38,11,50,65,71,34,23,25,29,64,31,30,24,21,26,66,33,28,70,22
1147,61,51,7,8,6,18,43,9,14,13,40,15,2,45,36,50,57,42,35,41,56,39,4,37,49,20,52,53,3,58,67,64,24,32,30,70,26,21,25,69,33,31,72,62,23,22,27
1148,42,2,7,56,51,17,15,5,48,4,47,53,14,18,11,44,20,39,8,6,54,37,40,41,1,13,3,38,36,57,30,26,65,28,67,71,22,27,69,29,31,68,25,66,33,24,63
1149,61,54,45,5,40,35,13,39,18,4,55,48,17,50,7,52,37,16,57,43,20,14,8,38,1,2,11,19,51,60,62,24,28,66,26,30,68,70,63,29,33,27,22,21,34,65,23
1150,3,11,14,7,17,44,39,36,42,1,16,47,56,37,4,19,57,61,38,51,20,43,55,12,52,53,41,35,58,60,34,65,24,72,63,28,67,66,30,31,21,71,64,25,33,69,70
1151,58,48,56,45,53,47,44,49,16,39,38,59,2,52,14,11,51,42,55,4,20,15,18,35,50,36,46,12,5,54,27,21,31,34,67,68,26,69,63,70,72,32,24,23,65,30,66
1152,3,17,56,37,55,5,45,12,46,53,10,48,44,19,43,57,40,1,42,49,14,59,4,39,8,20,54,51,13,35,64,68,31,63,70,67,72,32,27,30,62,69,21,25,29,28,34
1153,3,15,1,10,16,46,54,5,49,18,2,20,51,40,11,47,61,9,59,8,41,13,56,35,60,39,48,37,57,7,68,32,21,72,31,63,27,28,71,67,26,66,62,70,23,69,24
1154,15,13,4,56,17,61,9,2,60,46,36,39,58,38,5,18,6,42,41,37,47,59,55,48,45,43,10,52,8,1,71,30,69,65,31,21,25,22,33,64,63,29,70,26,34,32,68
1155,60,1,41,58,36,17,44,61,47,16,11,38,50,57,40,13,10,7,43,4,35,20,37,42,9,19,15,45,2,56,71,65,62,32,22,68,28,63,25,21,34,66,70,24,67,69,26
1156,53,59,7,19,55,16,49,60,17,42,20,5,44,1,18,10,14,46,51,3,52,15,13,11,57,39,50,56,2,9,32,64,66,22,67,63,27,26,70,23,28,21,34,68,72,24,30
1157,11,19,9,48,4,55,2,5,17,49,18,59,57,36,8,14,1,38,10,60,15,40,6,12,52,37,47,56,13,20,28,27,65,26,21,29,67,63,32,22,33,62,66,64,69,25,23
1158,38,2,46,13,52,1,35,45,10,37,7,55,39,16,3,50,43,19,53,59,9,15,42,14,44,12,20,56,8,57,67,22,64,24,69,21,28,66,25,65,63,30,29,62,68,71,70
1159,45,35,43,54,11,16,38,57,37,1,55,48,61,51,8,12,46,39,42,60,4,56,17,5,7,53,3,18,52,59,21,65,28,27,29,70,30,68,63,72,26,69,22,64,23,34,32
1160,1,49,6,48,9,3,20,4,54,38,7,8,53,45,16,52,43,5,19,47,50,60,37,51,46,17,57,35,61,36,68,71,22,23,66,70,21,28,65,33,62,30,32,29,34,26,69
1161,46,20,58,18,40,1,45,5,19,35,50,47,13,14,57,9,51,6,42,39,10,43,37,16,61,41,48,52,7,3,67,34,72,64,29,24,28,62,23,31,68,27,66,70,22,69,30
1162,35,12,40,3,46,42,20,44,19,17,16,37,58,47,2,53,52,4,36,13,49,10,9,56,41,60,48,7,61,15,26,63,30,65,31,23,67,69,34,24,22,33,66,32,71,27,64
1163,8,43,35,51,46,47,45,39,5,56,49,11,38,18,3,12,2,42,41,17,54,60,19,53,52,61,37,10,59,13,66,68,32,34,26,62,70,27,28,67,31,30,24,21,33,23,71
1164,58,19,20,40,59,43,44,47,15,39,51,57,12,61,56,2,3,36,41,52,42,11,37,53,49,60,14,46,16,45,67,66,24,64,72,28,31,65,30,29,27,21,33,71,68,63,23
1165,19,37,44,47,49,35,5,53,42,11,36,46,6,4,48,15,57,38,1,54,8,43,59,9,40,13,52,12,20,16,30,63,22,65,66,33,29,31,24,26,23,71,25,64,28,70,68
1166,20,50,42,18,15,10,17,59,16,51,2,43,47,13,57,37,39,46,36,11,3,38,19,49,60,45,8,7,58,4,30,27,24,21,29,25,70,32,26,23,33,69,22,28,64,68,66
1167,5,47,61,55,3,54,52,42,41,9,1,12,48,59,58,19,37,38,2,56,17,50,44,60,11,7,39,49,8,16,26,67,28,72,30,27,71,23,64,70,66,33,63,65,68,21,24
1168,10,35,54,37,43,8,57,19,3,12,6,18,17,14,47,56,20,4,60,2,44,61,45,48,5,42,58,39,52,51,25,23,66,31,33,21,63,30,70,67,26,71,64,27,62,24,29
1169,3,38,4,37,47,51,7,46,15,59,53,35,54,49,2,5,44,12,52,18,14,10,45,8,17,16,1,36,55,50,29,71,63,69,31,67,65,23,66,26,68,24,25,28,34,70,21
1170,61,19,38,16,53,10,17,40,8,56,7,13,15,59,50,51,12,18,52,41,4,43,37,14,6,39,48,5,44,55,34,28,32,23,24,72,69,30,65,68,27,62,63,22,67,64,21
1171,8,20,52,48,60,42,11,59,61,36,40,9,5,41,53,13,58,3,50,43,14,46,15,10,16,35,49,7,39,6,28,63,29,64,66,30,33,22,24,71,65,31,68,70,69,25,32
1172,6,55,10,49,3,57,13,38,2,59,1,50,7,4,41,18,35,47,40,12,11,20,54,5,61,39,14,53,37,44,66,30,29,33,25,24,23,70,67,34,31,69,72,22,65,71,21
1173,3,40,11,8,2,56,18,52,50,15,36,44,49,61,5,46,59,4,14,51,13,55,47,9,17,10,43,48,60,53,34,21,25,32,31,22,27,62,63,33,67,29,68,28,64,70,72
1174,48,4,51,53,49,54,61,15,35,47,13,59,9,52,60,41,3,58,45,40,12,38,10,56,39,8,50,55,42,2,64,22,33,28,66,68,65,27,67,21,30,29,23,72,24,34,70
1175,19,3,57,58,5,54,60,20,18,38,40,59,35,43,39,42,51,10,44,7,45,13,50,52,4,41,12,46,2,11,23,31,21,71,66,29,68,22,67,69,63,65,28,27,64,62,25
1176,2,46,60,16,38,52,56,13,5,18,42,49,40,50,3,58,11,35,43,17,51,36,61,47,12,20,57,19,37,15,28,69,66,67,64,72,65,34,33,30,23,68,71,62,22,26,25
1177,8,42,47,13,46,36,39,57,50,41,40,48,16,51,56,14,6,5,44,53,9,49,4,35,58,37,38,3,15,43,28,69,26,32,24,64,29,31,23,33,22,68,63,71,34,30,25
1178,12,44,51,50,35,6,49,52,61,59,58,37,38,17,14,10,48,19,55,18,11,56,15,16,40,53,42,1,9,5,62,33,27,70,23,67,72,30,24,68,71,66,28,65,63,32,26
1179,43,18,46,17,14,52,36,4,47,13,55,50,37,16,57,35,5,11,7,12,39,58,3,54,38,1,9,40,6,19,64,33,30,69,32,25,34,71,65,29,31,26,62,67,24,70,72
1180,16,19,9,8,60,42,58,37,40,43,61,59,38,52,48,1,6,39,18,50,56,7,14,13,46,3,12,57,35,11,24,32,66,68,29,27,28,33,72,22,67,70,64,62,69,30,71
1181,2,4,7,6,14,44,59,38,12,19,40,57,46,10,56,47,45,54,36,5,37,3,55,17,61,13,8,9,16,39,27,66,65,21,29,67,25,68,24,26,34,31,32,64,28,70,62
1182,51,9,59,19,38,43,5,2,41,49,35,57,15,20,37,44,54,56,12,16,47,61,11,42,48,53,55,1,8,7,31,71,69,67,32,66,23,64,62,21,30,27,72,70,29,65,34
1183,51,54,42,46,52,61,9,3,47,17,58,39,6,55,48,38,60,2,56,40,7,45,57,20,13,18,44,11,36,16,30,70,23,32,24,72,67,66,68,28,71,25,21,64,22,62,34
1184,9,8,48,36,4,17,6,52,44,51,59,14,12,39,37,55,16,20,13,42,7,56,2,41,1,18,19,43,53,49,24,32,65,67,62,72,30,64,25,68,26,34,63,23,70,28,22
1185,15,57,40,48,49,9,2,14,61,54,3,42,50,38,8,17,5,36,47,13,35,52,51,12,4,19,10,39,53,46,21,62,32,64,34,22,70,24,69,72,25,65,26,30,28,66,33
1186,54,44,17,19,14,39,59,48,47,8,16,35,53,56,58,37,20,49,6,51,50,10,2,55,5,45,11,4,12,13,34,21,72,69,22,68,67,31,64,30,28,25,27,70,33,62,32
1187,12,19,42,10,3,13,51,39,18,46,44,58,8,57,35,4,38,17,41,52,5,36,61,43,7,15,1,6,47,53,30,66,34,71,68,21,26,24,23,72,69,70,62,65,22,64,32
1188,60,9,3,53,6,20,8,35,41,13,50,45,57,17,38,12,14,44,5,1,15,2,39,54,55,58,4,40,18,56,66,67,70,24,30,27,23,26,28,64,33,71,29,72,68,31,21
1189,18,42,56,12,46,1,38,8,43,48,3,5,39,50,52,49,6,14,16,19,9,4,41,37,53,17,45,10,55,51,69,25,27,67,68,62,22,64,24,34,30,32,33,28,65,66,29
1190,45,56,2,46,50,58,36,7,53,10,3,8,41,19,49,48,1,9,54,47,40,12,14,18,38,5,35,13,4,20,27,65,69,22,25,28,30,32,34,23,63,21,24,31,72,29,62
1191,15,50,3,17,45,10,19,1,20,46,7,44,57,48,58,61,51,35,16,54,4,41,37,8,12,52,53,6,36,55,63,24,33,31,25,32,21,69,29,34,65,27,66,23,26,64,71
1192,13,61,19,49,54,59,16,17,40,47,42,37,4,50,18,45,48,46,10,7,39,38,20,9,60,1,14,43,2,55,30,25,72,63,64,32,67,22,68,62,66,27,28,65,21,24,71
1193,18,57,40,38,54,10,52,42,14,20,36,13,43,60,49,11,53,56,46,3,8,5,48,47,12,2,9,19,17,39,72,31,26,66,32,25,34,62,22,30,23,21,64,71,33,27,70
1194,61,19,41,45,52,40,16,44,7,37,36,55,42,17,3,43,50,4,56,15,5,11,46,13,54,39,51,35,57,2,28,69,23,29,33,64,65,34,72,32,63,24,71,66,26,22,30
1195,17,42,3,56,43,9,2,10,11,39,49,14,15,47,40,5,12,44,19,37,1,8,59,35,38,18,48,60,13,16,63,23,22,72,71,29,25,34,66,64,68,26,62,32,21,67,70
1196,60,51,39,35,12,37,43,53,6,40,2,9,54,36,5,15,17,3,61,42,16,18,56,20,58,13,46,45,49,44,64,62,26,30,68,29,22,65,67,21,34,72,71,32,63,23,25
1197,7,2,35,52,59,56,57,39,44,13,12,60,37,49,50,61,58,16,18,20,42,55,38,43,3,8,11,51,4,6,70,66,32,34,23,22,72,24,33,65,25,71,62,63,30,29,28
1198,48,11,45,50,44,8,59,37,55,49,1,52,13,61,57,3,35,53,2,12,39,60,14,4,16,9,36,51,6,38,71,24,62,23,22,69,25,28,21,26,32,66,29,34,68,67,72
1199,60,56,52,12,37,47,46,38,44,19,59,13,15,49,43,41,14,6,4,7,3,54,8,53,57,48,39,58,51,42,28,29,31,63,64,30,32,68,23,71,72,66,34,65,27,26,70
1200,45,36,53,52,19,40,6,3,35,16,55,42,13,4,17,14,59,50,51,37,48,18,54,57,47,56,8,15,46,11,27,34,66,68,21,30,24,32,33,65,69,28,23,63,67,29,26
1201,8,58,20,53,50,1,59,61,40,19,13,11,43,55,36,15,4,18,2,12,39,42,17,54,16,41,57,49,37,48,69,21,70,68,72,65,66,30,24,23,34,27,29,62,32,33,31
1202,19,57,1,38,11,47,39,42,6,43,20,54,44,53,13,9,49,46,41,56,50,45,60,4,8,10,16,59,18,51,22,67,21,24,66,29,27,28,63,34,33,62,72,23,31,71,65
1203,48,20,41,43,12,50,17,51,42,54,5,8,49,11,56,44,6,2,35,36,53,58,9,46,15,52,4,19,14,47,32,65,21,22,33,34,24,68,72,63,27,69,28,29,70,66,71
1204,7,15,61,55,40,41,16,54,37,1,52,46,42,9,3,51,48,19,35,50,14,38,36,43,10,6,8,59,39,45,31,32,69,24,71,67,34,33,70,63,62,23,64,66,68,25,21
1205,51,55,47,59,50,48,13,8,14,58,20,52,1,49,6,57,43,15,18,5,44,3,60,41,16,40,53,2,38,10,68,33,30,22,21,25,71,32,63,31,28,70,27,64,24,34,72
1206,54,18,38,47,53,11,60,3,50,2,45,43,42,12,8,13,20,5,55,52,57,19,9,35,10,46,15,44,39,49,34,25,64,21,22,24,69,32,70,72,63,26,66,68,29,65,67
1207,3,4,5,37,55,46,9,35,48,40,54,8,47,11,18,12,61,52,58,36,17,56,1,6,20,19,50,59,41,53,67,63,30,29,22,72,64,23,27,66,70,25,34,24,21,65,26
1208,35,54,51,45,8,61,56,38,41,20,44,7,60,53,1,37,36,16,11,43,39,14,50,55,3,9,46,59,58,4,26,22,62,70,72,66,21,25,65,28,63,33,29,64,24,32,27
1209,56,58,47,42,53,54,16,41,51,6,36,39,60,61,9,3,55,14,15,38,35,52,13,18,4,1,49,37,12,10,21,32,63,33,23,29,70,34,68,26,67,72,28,64,25,30,66
1210,56,54,37,36,39,8,17,38,45,59,3,7,53,43,2,19,40,48,52,46,5,9,58,4,47,50,55,18,13,49,22,29,69,65,27,32,72,24,33,71,21,34,70,25,64,28,62
1211,36,50,19,3,39,14,41,48,57,16,38,45,52,46,20,61,59,60,13,55,40,43,8,11,18,17,47,4,54,15,69,67,72,30,24,32,34,22,23,27,33,63,64,25,68,70,62
1212,4,5,57,53,6,17,35,60,58,59,15,56,47,61,1,44,43,46,3,39,2,51,55,54,38,13,42,16,48,20,66,29,31,62,23,72,68,34,67,65,71,70,28,22,32,33,69
1213,7,57,35,49,40,3,18,55,43,48,61,56,42,8,9,41,2,11,58,10,15,47,39,46,60,54,36,37,52,13,30,34,29,66,70,24,22,63,72,33,28,27,69,64,32,71,62
1214,60,42,59,14,56,15,40,51,61,10,50,2,53,41,18,52,8,6,58,45,9,43,39,16,19,35,37,44,57,4,70,62,67,64,24,34,72,66,29,69,23,33,30,26,68,31,27
1215,4,50,54,41,58,59,8,47,53,48,61,3,20,51,1,18,35,2,16,5,38,49,60,36,37,6,10,13,52,42,21,29,33,25,66,72,22,31,63,24,68,69,30,26,67,32,71
1216,59,44,4,56,18,5,36,61,47,9,38,53,1,41,7,39,12,55,2,6,57,42,15,48,52,17,20,60,16,51,72,65,68,21,22,34,25,71,69,32,31,23,66,28,33,26,30
1217,15,9,50,47,41,38,52,53,57,45,7,16,40,36,4,51,35,19,13,46,8,43,59,18,11,14,1,60,55,61,71,28,63,67,64,24,26,65,25,29,66,22,21,31,23,27,68
1218,3,16,5,20,53,10,61,41,54,35,37,55,12,9,4,57,56,1,48,44,51,47,40,45,59,13,36,6,50,8,69,27,32,33,66,70,34,31,21,23,29,30,72,68,25,62,64
1219,3,39,6,53,1,61,49,16,20,56,19,14,50,41,8,59,57,44,11,43,5,40,52,46,9,13,51,4,38,7,68,21,34,29,32,63,62,71,26,28,65,67,66,31,22,69,24
1220,13,42,51,4,54,35,6,12,8,56,17,2,20,49,5,46,3,43,45,11,1,18,14,36,48,59,41,19,16,47,24,33,30,34,64,23,32,31,26,25,27,22,69,63,72,62,28
1221,54,56,14,48,45,19,61,17,49,44,57,55,43,40,3,36,13,59,42,39,50,20,52,10,47,46,5,15,11,8,33,65,71,72,30,24,31,28,62,29,25,63,34,69,23,70,21
1222,9,38,20,52,5,56,53,37,18,41,42,13,40,16,8,51,14,59,7,50,60,4,61,55,36,12,44,3,35,45,26,21,28,33,25,67,71,34,32,23,69,62,65,66,24,30,31
1223,11,3,61,55,8,38,10,12,39,58,57,43,9,18,35,4,48,51,52,40,60,1,49,56,7,17,50,15,16,13,71,64,65,28,72,30,62,32,23,67,21,22,34,68,27,25,66
1224,52,11,42,53,38,39,37,7,58,4,17,14,10,13,47,61,43,44,8,5,15,2,3,6,36,54,9,51,49,41,72,31,25,62,24,69,71,68,67,32,21,63,64,70,34,30,22
1225,47,43,20,19,55,46,52,48,54,6,12,35,60,1,15,17,36,37,44,3,7,9,50,51,8,5,2,39,58,53,23,33,25,26,68,67,64,24,28,32,22,31,72,69,21,66,65
1226,5,36,57,16,19,55,56,40,35,3,1,47,10,51,48,12,41,46,49,42,39,20,60,44,2,37,17,11,61,45,21,62,23,67,34,71,66,29,32,65,33,64,69,68,26,72,25
1227,5,19,2,15,4,35,14,59,43,41,44,1,56,51,8,53,38,3,13,16,55,50,60,10,46,7,39,36,48,12,68,71,34,62,33,29,32,66,70,30,21,22,65,25,67,23,31
1228,37,42,38,20,52,19,4,2,59,3,16,61,45,12,10,58,55,13,7,50,48,18,8,1,11,15,17,56,5,35,22,72,65,34,26,69,68,70,27,25,23,71,62,28,30,66,24
1229,51,45,48,10,53,57,38,60,1,58,7,5,43,15,14,35,6,49,54,9,17,44,50,56,36,61,11,52,46,8,67,72,32,23,28,33,70,24,68,65,26,62,27,71,25,63,69
1230,59,37,46,56,18,17,16,8,52,51,42,58,13,35,5,39,55,44,36,53,2,61,20,7,12,45,38,10,47,40,34,71,65,27,24,22,26,33,21,32,68,31,23,70,28,30,64
1231,52,15,5,60,36,18,40,8,47,51,55,11,46,58,4,57,1,17,54,61,42,10,49,12,59,20,37,16,19,45,23,30,29,63,32,24,67,70,22,26,69,27,28,62,72,66,64
1232,36,10,44,1,59,60,49,51,11,43,37,45,55,6,5,17,48,57,61,47,3,35,58,40,9,7,54,8,13,56,69,67,30,24,63,68,29,22,72,26,65,21,23,33,71,31,62
1233,55,12,13,58,3,44,35,15,38,5,57,18,51,16,14,17,20,56,9,47,52,37,46,2,50,7,40,36,45,43,68,63,23,71,70,67,69,25,31,72,26,29,22,27,30,33,65
1234,15,17,20,61,42,54,16,39,44,53,36,59,47,5,14,43,3,19,4,10,35,55,2,38,18,41,58,11,52,40,68,30,25,31,34,27,64,72,21,69,29,24,32,22,66,33,63
1235,12,14,47,56,11,19,41,43,16,35,2,36,39,51,7,15,54,57,10,3,13,38,50,40,55,4,52,6,59,58,65,68,29,64,67,27,32,70,25,69,72,24,66,26,21,34,31
1236,2,56,58,59,10,51,38,52,12,7,19,6,47,49,15,11,36,17,16,48,61,57,13,41,50,40,60,42,1,5,67,63,30,26,32,70,64,22,29,34,31,72,62,71,25,68,27
1237,10,38,13,53,6,4,43,20,9,51,11,49,55,60,44,52,45,7,48,46,15,5,41,17,3,58,61,12,54,47,68,23,63,32,62,24,25,31,69,28,67,65,66,64,29,34,27
1238,15,40,51,58,3,57,4,18,47,19,36,42,38,46,41,44,13,7,35,20,2,6,5,60,14,52,37,16,53,17,65,34,31,68,25,69,27,64,66,32,22,33,26,62,30,71,28
1239,18,10,42,37,54,44,3,61,53,43,59,36,14,35,50,12,48,4,58,56,5,20,7,39,19,52,46,17,47,15,68,32,69,67,27,71,30,62,28,33,25,31,22,24,34,72,21
1240,51,1,36,55,59,47,61,16,40,19,46,8,39,57,45,6,13,48,5,38,44,35,49,17,10,41,52,12,60,58,28,21,29,63,30,32,68,27,70,25,64,26,24,66,22,72,65
1241,47,56,58,35,6,41,10,16,45,44,46,11,38,43,17,3,13,61,19,15,4,18,37,7,53,40,20,36,51,48,72,23,25,21,31,68,27,63,71,34,67,30,28,22,65,70,29
1242,45,40,10,54,43,4,56,13,53,51,12,60,37,59,8,36,48,6,2,49,20,1,47,14,39,3,35,61,16,42,29,27,26,70,71,28,22,31,33,32,67,69,34,21,30,25,62
1243,2,17,40,61,3,54,10,50,19,46,49,35,59,38,60,5,7,57,37,53,13,58,1,4,16,18,6,11,55,51,24,69,67,21,66,29,71,63,72,27,26,65,25,32,70,64,31
1244,7,50,6,13,5,1,4,38,8,37,14,15,35,54,40,48,19,46,11,17,18,61,3,16,55,49,53,41,60,56,32,28,22,64,29,70,66,21,68,67,23,69,24,27,25,71,33
1245,18,10,49,11,51,56,16,38,50,43,9,15,5,36,60,52,48,45,53,20,41,39,12,14,55,58,59,61,54,47,26,33,67,29,31,22,62,27,65,24,66,30,70,71,23,28,34
1246,42,54,35,2,5,38,7,51,61,14,53,57,49,4,13,46,8,41,52,15,45,40,20,44,60,11,9,1,16,10,67,70,31,32,34,72,63,26,33,24,25,28,64,21,71,30,62
1247,53,47,44,54,45,38,42,19,37,51,59,57,5,52,60,12,43,8,18,17,56,48,1,58,39,3,13,40,61,7,68,22,69,72,25,62,24,23,31,26,28,34,70,64,30,66,65
1248,54,6,44,4,37,51,8,42,57,52,59,7,45,12,60,48,56,61,9,35,20,58,17,11,43,19,14,47,10,1,70,21,25,66,27,69,72,64,34,62,33,23,31,28,63,29,32
1249,40,36,44,5,51,47,49,10,14,13,18,35,61,37,6,50,1,48,19,54,17,56,43,52,15,20,11,46,42,58,65,70,22,66,27,64,30,24,34,23,72,67,21,26,62,68,33
1250,19,55,12,38,9,58,17,3,13,51,53,35,37,59,18,7,16,40,46,5,61,52,14,60,43,56,42,54,47,39,70,23,28,32,33,69,64,34,22,72,31,27,24,26,68,62,30
1251,52,54,20,47,37,5,4,58,59,9,12,6,1,49,15,61,17,48,19,13,43,39,44,8,41,40,3,60,7,2,21,27,65,28,72,69,66,33,32,64,68,67,30,24,29,26,63
1252,56,41,42,14,1,55,6,3,45,7,12,50,4,46,59,57,37,8,15,40,48,35,10,43,49,19,11,16,13,54,26,34,68,22,27,71,23,30,21,67,69,64,70,65,72,32,24
1253,4,60,43,40,17,52,19,2,8,12,46,1,6,45,15,36,51,13,47,37,11,3,14,42,38,44,20,5,50,35,63,30,26,22,29,72,70,24,23,64,25,65,27,71,28,69,31
1254,41,19,43,2,3,17,44,14,36,57,60,46,11,35,13,49,40,58,20,9,8,1,39,48,18,12,56,4,52,5,31,72,22,65,26,63,69,70,21,27,30,66,34,71,67,62,23
1255,37,11,49,12,46,42,19,18,61,40,16,58,54,59,52,41,5,20,17,53,39,3,14,10,38,2,7,56,47,57,29,33,31,22,30,64,68,62,27,24,70,21,71,28,25,23,65
1256,37,52,5,2,49,12,50,4,60,57,53,10,17,54,56,61,42,16,8,36,59,48,7,38,13,1,45,44,3,51,28,71,30,27,70,67,63,32,21,62,34,66,64,31,72,24,23
1257,50,15,36,54,51,44,13,42,57,45,35,49,9,40,41,56,12,46,58,3,55,17,20,48,39,52,47,14,61,2,64,23,72,68,22,71,65,33,63,29,28,32,30,34,27,69,24
1258,1,20,53,47,2,9,58,45,36,13,43,51,17,35,59,4,18,10,19,56,15,11,54,6,3,38,7,12,52,48,63,66,32,29,23,27,31,62,70,68,26,24,34,67,30,64,72
1259,58,35,51,2,55,56,14,20,59,46,45,54,18,5,8,60,52,17,4,6,53,57,15,10,19,43,48,38,11,7,64,33,31,72,63,26,32,21,66,24,30,69,71,70,27,29,68
1260,61,38,55,3,18,20,11,51,43,56,12,2,46,50,44,5,7,48,57,60,6,36,14,15,41,16,40,47,17,19,34,30,31,63,64,29,32,26,25,65,68,21,24,67,22,72,27
1261,20,11,36,59,14,43,8,58,48,49,9,54,7,60,57,46,4,42,1,56,2,37,18,15,47,55,38,17,50,44,68,72,69,70,22,67,71,31,29,66,25,34,32,23,26,24,27
1262,7,11,45,56,37,39,58,17,59,57,9,20,52,38,5,16,36,12,60,19,15,18,3,46,50,61,42,14,55,4,65,23,64,25,66,29,71,32,70,72,24,62,68,21,33,67,22
1263,8,37,38,16,18,9,4,51,53,60,48,46,42,47,57,6,52,50,1,43,36,3,55,41,61,11,40,49,58,54,21,29,24,33,66,28,64,26,30,25,71,65,67,27,32,70,23
1264,2,56,52,45,16,12,7,17,9,10,46,19,8,54,41,35,1,39,47,4,59,20,11,3,18,50,55,44,49,6,30,28,67,64,68,27,26,63,69,31,32,25,21,34,23,65,72
1265,38,53,39,57,17,50,45,16,55,46,8,48,52,36,19,40,35,3,4,20,6,12,47,18,13,37,5,41,15,44,68,64,28,63,32,65,23,66,22,70,69,33,25,29,72,71,31
1266,58,40,44,52,9,18,16,38,35,7,6,43,37,17,8,13,19,20,47,60,50,45,1,55,10,48,14,54,11,36,22,24,71,67,65,26,33,28,68,29,25,69,70,66,30,72,34
1267,60,42,55,51,44,6,15,3,50,48,36,13,41,12,17,53,47,59,49,5,11,46,39,56,4,9,37,38,35,1,72,27,70,29,31,67,25,24,66,69,63,64,68,28,65,23,33
1268,5,53,55,3,40,58,16,38,8,1,45,13,37,2,39,15,4,41,49,60,20,9,51,7,42,19,59,14,11,61,26,24,30,62,66,29,21,33,63,64,68,25,31,28,70,32,69
1269,59,10,37,50,36,2,54,41,14,52,4,45,12,17,47,1,11,38,58,6,3,20,42,8,35,55,61,48,46,18,71,34,29,27,25,67,64,65,62,21,70,23,33,66,28,69,32
1270,5,39,14,51,41,61,10,46,13,50,1,4,53,57,35,6,9,20,12,7,59,3,45,17,58,60,15,11,52,16,71,64,66,24,22,27,33,65,32,30,62,70,63,68,31,67,72
1271,50,43,46,61,51,18,37,49,11,58,9,10,60,20,1,19,12,59,54,17,7,40,14,35,41,4,48,8,53,36,23,34,32,21,65,25,69,22,29,27,62,63,26,72,70,33,64
1272,37,38,35,45,7,16,43,2,56,36,47,50,5,17,13,18,20,4,41,3,11,60,59,48,46,52,40,9,54,19,62,30,63,70,23,71,69,29,64,65,26,68,67,24,31,25,22
1273,43,16,12,53,17,3,60,13,51,11,20,10,8,56,2,54,18,52,57,41,5,15,47,14,55,50,58,40,36,19,29,72,68,28,32,65,67,62,21,33,64,69,71,34,27,25,23
1274,45,39,9,2,47,54,12,56,37,55,20,6,3,17,61,53,36,57,52,7,41,8,13,40,59,48,49,5,60,10,33,70,29,64,21,32,65,23,25,63,34,22,71,27,24,26,72
1275,12,51,36,18,38,49,11,50,40,48,42,7,4,13,1,35,41,58,52,17,39,15,44,54,55,9,20,8,61,47,22,69,33,31,34,28,23,27,64,29,65,63,67,30,70,66,72
1276,16,47,57,17,37,4,1,59,43,55,54,40,6,52,15,48,45,60,11,58,14,36,8,10,2,5,19,20,41,51,21,33,22,66,26,64,68,72,30,29,23,71,70,34,31,32,27
1277,49,15,59,57,17,3,4,18,60,12,2,37,9,58,16,7,51,50,20,1,47,55,19,8,11,53,13,61,46,44,66,72,34,62,33,64,65,70,26,27,30,24,68,23,21,67,29
1278,8,59,55,13,41,3,47,12,43,53,44,40,58,61,36,51,14,49,2,60,1,39,9,20,57,16,7,17,10,48,29,34,71,63,33,26,66,72,62,24,25,27,21,69,65,67,23
1279,47,20,9,45,12,16,2,13,57,50,38,51,17,36,46,6,8,14,41,18,58,60,1,40,44,61,43,19,11,7,64,34,31,65,23,21,69,71,24,66,29,27,22,25,30,68,33
1280,18,35,49,19,41,11,9,12,56,51,13,44,7,36,20,59,46,50,55,4,60,45,40,57,14,42,54,37,47,10,24,21,32,67,27,28,29,66,65,69,68,71,34,72,64,23,30
1281,36,13,46,40,41,16,20,59,57,50,44,58,53,60,17,52,5,2,47,1,55,51,11,54,43,49,7,18,38,35,23,27,29,32,31,22,66,67,24,62,33,69,64,28,70,63,65
1282,56,58,15,20,57,43,7,53,2,11,9,36,6,59,19,18,13,1,41,45,8,17,61,40,54,14,16,55,47,60,22,29,69,63,33,21,62,27,28,68,26,65,71,32,31,67,24
1283,6,40,51,39,11,60,50,59,35,48,49,9,19,4,12,7,38,58,43,56,42,2,20,16,14,5,55,57,47,41,29,64,23,71,34,72,32,68,26,70,31,24,67,63,65,62,28
1284,58,12,56,8,4,50,20,60,38,41,52,44,19,49,57,7,51,14,2,61,35,45,10,5,9,6,47,13,16,59,28,22,32,21,66,62,30,67,23,70,26,63,71,33,68,69,27
1285,16,44,15,19,10,60,54,41,47,58,4,50,53,61,1,45,48,46,5,43,56,52,51,35,7,55,38,42,13,37,23,68,62,72,67,32,69,66,24,25,65,26,33,27,28,22,31
1286,13,47,37,18,11,48,39,10,57,17,56,42,61,59,49,46,14,3,12,44,38,15,5,51,19,7,16,35,41,58,70,68,28,22,30,26,66,24,33,65,69,72,31,23,32,29,63
1287,60,4,7,53,40,39,12,52,55,54,6,11,47,49,44,48,36,13,9,14,56,61,41,19,18,58,35,46,59,15,21,31,27,23,34,63,62,26,70,69,32,30,25,67,72,24,28
1288,17,53,44,59,15,37,54,9,52,16,39,13,51,41,7,2,10,14,36,35,6,56,45,47,49,58,46,5,61,38,72,64,68,63,69,31,23,21,30,28,33,24,29,71,34,65,25
1289,12,10,14,18,47,58,36,8,3,54,1,16,60,35,5,56,7,49,42,6,41,59,38,45,51,37,43,46,17,2,26,23,25,65,67,32,68,66,22,64,29,62,21,63,70,31,33
1290,36,45,1,55,37,47,57,56,9,51,44,42,61,13,12,54,43,6,18,60,35,15,10,14,11,58,5,41,20,2,65,68,33,31,29,23,70,72,22,69,66,27,64,63,67,28,71
1291,5,1,39,6,16,44,50,45,10,11,15,20,43,19,46,2,48,3,18,8,12,35,42,52,49,60,61,56,47,36,70,67,31,26,68,22,30,27,28,25,33,21,34,32,29,24,23
1292,45,3,14,42,1,55,9,40,15,58,51,47,39,36,2,17,6,20,44,5,41,4,60,61,52,16,38,43,35,11,28,25,33,70,24,71,30,65,31,72,26,64,27,32,21,63,34
1293,44,8,39,48,61,19,50,54,57,49,1,14,11,12,60,41,2,37,55,56,18,38,45,47,15,5,53,3,13,20,27,24,63,25,66,68,69,71,32,23,22,28,70,64,33,31,21
1294,37,52,7,13,42,60,40,45,57,1,5,50,55,6,58,14,15,51,17,19,8,56,43,41,35,59,9,4,61,3,34,71,33,22,27,65,24,30,29,28,70,63,68,23,69,67,31
1295,5,56,35,17,52,48,16,61,7,3,13,6,1,19,15,49,10,50,14,51,12,44,36,4,47,53,9,18,59,38,69,70,30,67,66,34,64,26,29,24,32,31,71,62,33,68,65
1296,1,9,58,8,54,7,57,4,47,14,35,13,11,37,61,36,56,51,17,38,55,12,18,3,16,5,59,52,41,15,24,21,26,64,33,65,32,71,68,62,29,67,63,34,30,69,70
1297,13,20,19,4,57,44,11,42,54,8,37,40,48,9,35,7,17,1,5,10,47,16,53,14,6,55,45,50,3,52,21,25,24,33,22,65,28,29,64,70,27,32,31,71,67,72,30
1298,8,42,50,45,61,7,47,60,14,10,3,36,35,56,37,6,17,39,58,1,5,15,20,44,53,12,2,41,49,57,63,33,32,31,67,34,68,24,30,65,71,25,21,69,29,22,27
1299,53,42,52,5,45,13,46,55,41,17,12,61,60,20,10,9,16,7,51,8,56,2,49,11,48,43,6,18,59,15,69,65,25,64,33,63,68,62,22,72,21,71,24,23,26,30,27
1300,10,48,41,58,46,57,19,60,1,45,61,12,3,11,40,15,52,7,44,47,54,51,42,9,6,49,39,36,37,2,21,28,71,65,23,31,34,62,29,69,24,72,63,30,25,26,64
1301,47,9,16,12,20,4,41,48,43,37,50,58,17,36,46,11,35,53,13,8,2,38,57,1,54,15,60,61,56,19,62,71,34,70,27,26,31,25,22,32,24,72,21,63,65,66,30
1302,38,14,42,44,47,3,54,57,52,45,2,49,41,39,13,4,18,10,53,17,9,59,20,15,6,12,36,55,16,5,33,34,72,71,69,31,66,62,32,70,28,67,27,64,24,30,21
1303,50,41,4,47,46,53,38,8,19,45,5,51,40,36,10,9,15,49,14,1,2,16,18,3,20,43,7,39,54,59,29,23,22,64,25,63,30,68,62,31,24,26,72,66,70,34,67
1304,38,11,14,39,57,59,1,12,60,17,46,40,8,2,43,36,44,42,48,54,13,50,10,3,35,20,45,16,53,5,66,22,63,26,69,25,30,32,31,71,65,62,28,29,72,33,24
1305,10,20,50,54,46,55,7,8,42,12,44,17,61,6,41,57,60,59,49,15,56,43,9,40,37,1,51,36,35,18,32,22,24,31,66,26,71,65,62,67,68,29,63,72,69,70,25
1306,51,7,39,12,47,56,17,43,8,4,37,11,18,41,13,42,48,3,1,16,61,15,53,5,49,35,9,20,6,50,31,72,62,65,24,25,68,22,32,28,27,71,23,26,63,30,64
1307,37,13,39,9,15,38,43,46,19,7,44,56,41,53,10,17,3,14,45,36,35,8,16,60,57,51,40,1,42,4,33,66,29,28,26,30,27,32,31,25,69,63,64,72,62,34,24
1308,38,35,11,43,2,9,5,14,12,16,40,18,44,46,37,20,17,57,45,39,4,36,55,56,61,48,49,51,50,42,28,34,65,69,32,72,21,62,67,26,64,68,70,71,33,27,23
1309,2,20,37,10,51,7,39,60,12,59,16,47,44,54,42,36,35,38,41,48,45,3,56,55,18,15,50,11,14,13,67,27,32,64,72,23,30,33,26,66,65,62,28,21,29,22,70
1310,51,19,39,41,20,57,47,16,3,46,36,2,1,55,50,15,9,12,7,43,42,13,53,10,60,35,4,5,59,6,64,63,29,31,33,67,32,62,24,34,22,65,68,28,23,26,30
1311,44,58,50,4,47,46,16,19,56,59,5,7,51,18,43,42,57,48,3,52,60,9,54,39,15,11,6,41,38,40,23,62,71,22,68,67,70,66,21,33,63,25,32,69,72,34,65
1312,45,42,9,4,16,6,20,59,3,35,5,18,48,7,11,14,47,17,10,57,58,52,55,56,38,53,46,37,44,51,21,62,64,31,33,71,22,27,66,65,34,30,70,28,32,68,69
1313,15,8,10,1,46,17,3,44,48,16,39,43,18,19,47,59,20,4,45,35,52,7,50,58,36,57,60,61,53,55,31,29,26,69,34,70,32,72,27,25,68,30,23,28,64,63,33
1314,39,58,12,37,20,17,57,59,41,51,54,55,13,8,38,60,53,11,56,16,45,6,4,1,35,15,44,19,48,3,68,72,25,69,28,71,63,64,65,21,27,34,70,32,26,24,23
1315,6,52,2,8,15,3,19,35,37,11,55,4,13,56,16,44,57,42,47,17,9,51,38,49,1,5,7,45,54,41,30,34,24,29,62,64,26,67,25,68,27,28,65,33,63,72,22
1316,11,19,57,55,7,8,3,17,9,36,10,54,18,45,58,12,56,44,35,50,60,6,1,43,13,51,2,14,49,20,25,34,26,67,23,66,28,68,24,32,27,72,65,69,31,30,64
1317,5,37,50,1,59,41,3,15,61,2,36,53,8,14,17,56,18,51,43,10,39,58,4,13,40,49,19,16,57,60,34,32,21,25,68,23,71,30,24,69,27,66,29,62,28,64,26
1318,61,16,53,56,4,19,36,55,45,52,54,2,51,39,37,5,12,41,47,9,46,50,58,57,43,44,13,17,10,6,69,23,72,22,70,21,34,25,63,66,71,62,64,30,29,26,31
1319,13,44,46,52,58,36,35,43,15,1,39,14,57,53,10,55,8,45,4,6,37,11,49,3,61,38,40,42,16,60,25,21,62,63,69,32,71,27,66,67,34,65,30,24,33,26,68
1320,9,3,12,5,57,14,1,36,51,37,15,56,43,46,20,52,48,8,49,13,16,35,50,38,6,18,39,17,61,42,29,23,26,34,66,22,72,33,68,28,70,62,31,71,67,63,69
1321,59,37,14,51,5,3,45,13,6,44,40,53,8,11,12,10,54,55,19,52,49,61,7,46,41,1,48,47,38,39,30,29,32,22,69,65,33,26,64,21,31,70,62,68,72,25,71
1322,57,44,6,52,10,4,53,37,38,14,54,59,18,39,15,61,5,58,7,20,17,9,8,43,48,46,51,16,55,47,63,21,66,34,22,64,70,31,67,30,32,26,72,27,28,71,65
1323,60,47,17,54,6,40,46,11,49,43,8,15,13,10,1,16,37,53,51,7,9,4,61,36,2,48,18,41,12,39,32,69,70,33,31,67,64,72,30,63,65,25,24,34,26,21,71
1324,44,55,38,52,53,16,10,49,9,5,11,18,45,17,40,48,60,12,36,56,2,3,39,58,1,20,15,4,35,7,22,25,71,72,23,24,62,32,67,29,66,31,69,33,26,65,70
1325,12,15,2,50,38,40,39,8,56,9,49,14,41,6,51,55,11,43,16,37,3,53,36,52,18,19,7,54,61,13,25,21,71,62,24,68,66,29,33,22,69,28,26,63,34,31,67
1326,43,54,10,3,51,45,5,6,9,61,8,7,41,15,48,53,17,59,52,2,47,18,46,40,55,56,12,44,35,13,70,31,71,34,62,23,28,26,69,27,22,32,65,63,30,29,68
1327,17,15,2,18,7,52,59,10,49,57,47,14,48,50,53,40,8,45,35,44,41,20,1,9,58,3,19,42,61,51,27,66,32,34,22,64,25,24,67,23,65,26,21,68,62,71,29
1328,43,46,17,10,3,47,12,16,13,57,41,42,38,8,53,50,36,4,60,20,61,54,59,35,9,6,2,48,15,44,26,34,22,23,64,70,32,27,33,24,65,31,25,67,21,63,62
1329,39,6,47,35,18,57,14,11,3,50,48,40,51,15,43,20,2,5,37,44,41,16,46,45,54,9,60,58,56,19,22,24,23,65,66,71,62,27,64,34,32,28,29,67,31,26,69
1330,38,9,20,48,46,18,61,54,44,39,43,8,10,58,42,57,50,40,12,16,17,37,59,11,49,52,47,2,1,5,69,21,63,62,23,31,64,30,34,26,65,22,32,29,72,67,71
1331,52,57,54,37,15,11,51,6,43,13,44,61,20,42,41,60,53,3,14,10,35,56,2,59,8,47,58,12,45,9,34,69,33,71,70,68,26,65,25,27,21,29,24,64,32,67,66
1332,47,7,45,12,48,15,16,18,4,41,57,13,6,61,46,11,14,39,9,59,56,35,17,37,36,55,44,52,51,38,72,31,27,66,34,23,62,64,71,26,68,24,25,33,22,67,21
1333,2,10,13,43,6,37,11,5,3,60,19,14,50,38,12,44,35,58,20,17,52,47,9,59,16,7,39,61,36,4,72,29,28,71,64,23,69,31,70,33,62,65,26,24,30,63,27
1334,11,52,51,7,61,3,47,18,15,45,37,43,42,35,58,53,55,39,50,1,46,41,36,4,38,6,14,56,57,16,70,62,68,27,23,21,26,31,71,28,33,34,30,63,32,72,64
1335,40,7,59,8,36,1,51,13,45,57,52,15,16,49,60,20,5,46,9,2,12,37,38,61,11,42,3,58,39,4,24,71,69,34,26,28,27,30,25,21,72,70,67,64,65,31,23
1336,6,45,53,49,46,1,37,17,56,40,14,2,51,12,11,20,9,36,57,15,35,50,58,18,59,48,42,10,8,41,22,30,65,63,23,62,68,72,67,70,29,28,71,25,27,33,32
1337,2,15,4,7,60,56,42,41,13,52,17,59,61,5,18,1,10,39,45,49,11,57,47,46,16,3,48,8,36,12,28,30,34,69,62,67,26,72,22,31,21,25,64,70,63,68,29
1338,46,52,13,10,50,56,42,1,5,39,38,55,9,12,61,51,19,43,59,58,15,45,14,60,11,35,37,6,53,44,69,62,67,66,68,24,31,34,33,72,23,26,29,63,22,28,65
1339,61,20,3,39,11,7,16,46,13,9,51,10,4,47,40,45,49,52,14,18,60,50,42,41,58,54,17,37,2,12,29,27,67,28,72,25,24,66,30,63,23,70,22,69,68,32,33
1340,41,15,13,1,16,5,57,52,6,61,35,12,8,58,56,60,43,53,47,39,51,19,55,11,42,54,17,10,40,59,28,29,25,68,32,26,67,33,30,64,63,71,62,69,27,70,24
1341,17,1,59,13,53,6,2,37,47,16,12,35,54,55,38,18,60,11,8,56,45,41,61,36,43,58,46,44,57,5,62,65,23,24,25,72,64,22,30,29,71,69,34,68,67,27,21
1342,43,13,5,48,40,38,10,18,51,8,49,35,57,20,55,17,58,44,2,9,15,50,56,14,3,1,12,53,45,7,24,68,67,69,72,33,22,34,23,71,25,62,27,26,64,31,66
1343,58,14,41,59,10,18,9,12,44,47,39,52,61,11,4,40,38,35,48,55,17,36,45,57,51,60,53,16,15,43,67,32,65,72,62,68,30,69,31,22,23,71,28,34,21,70,27
1344,57,56,9,5,51,17,13,16,48,59,35,6,42,41,11,15,46,7,1,47,14,39,18,53,61,55,8,43,45,49,21,26,23,65,66,67,27,25,63,28,29,72,71,24,31,32,30
1345,60,57,54,39,45,18,50,53,14,35,59,36,56,51,49,38,11,4,58,9,10,5,61,42,41,40,47,48,52,8,62,71,70,69,64,68,67,31,66,23,63,72,27,28,65,34,33
1346,9,43,45,20,38,13,3,40,48,60,56,16,57,42,52,10,12,4,5,41,61,7,44,51,18,36,54,1,46,8,30,33,21,63,22,66,27,72,67,34,31,62,69,29,24,71,25
1347,50,41,12,54,58,37,20,11,43,4,60,44,48,10,42,5,1,38,13,8,3,46,52,40,39,57,9,61,18,14,66,62,23,28,27,71,69,72,70,25,31,26,63,24,34,22,32
1348,4,1,3,17,10,7,2,6,39,51,8,44,46,40,14,12,18,61,37,49,53,36,9,55,47,56,60,15,42,54,34,67,70,64,28,27,62,63,22,31,32,26,66,21,24,72,33
1349,57,59,53,1,16,61,12,3,20,35,49,5,19,7,13,43,52,58,46,4,38,18,42,9,10,60,54,2,37,41,28,22,69,64,67,65,31,63,29,71,68,21,66,26,34,32,33
1350,39,10,4,53,42,16,2,35,49,54,14,51,46,12,15,56,47,17,3,6,7,11,57,52,61,20,38,55,8,43,72,63,28,68,32,22,62,21,31,25,27,66,30,34,64,65,33
1351,19,54,42,40,18,36,56,48,15,39,11,51,43,35,37,55,44,20,52,7,13,46,10,9,53,49,2,1,5,59,22,64,31,72,23,32,24,71,70,21,25,33,69,65,34,66,30
1352,42,59,52,35,7,3,18,48,40,17,19,6,57,50,41,58,37,49,38,61,45,8,16,43,55,9,46,2,10,13,66,22,64,70,29,32,21,28,67,34,63,69,33,65,31,68,30
1353,11,4,52,55,13,59,10,7,58,15,43,20,61,37,35,51,46,47,16,17,40,1,39,60,5,3,6,12,54,18,29,23,28,24,72,71,26,69,30,32,68,22,67,33,65,34,63
1354,57,17,53,20,39,11,58,8,61,50,44,2,42,36,1,38,45,19,41,9,18,46,52,48,16,7,40,6,60,56,31,72,62,63,69,66,33,34,24,21,28,29,26,64,23,67,68
1355,49,39,4,1,16,20,6,44,11,61,58,47,56,45,9,42,37,8,14,19,17,60,40,41,54,46,51,52,50,48,69,34,32,25,31,64,26,24,71,27,30,67,66,62,29,65,22
1356,11,38,12,51,14,35,55,42,3,61,47,1,6,59,8,4,7,44,2,19,40,53,18,48,45,36,9,50,60,46,71,68,70,66,29,21,30,64,34,32,67,22,63,28,31,24,23
1357,8,43,10,57,35,13,9,42,55,12,17,52,11,45,5,4,61,41,36,53,50,37,54,51,60,58,48,49,47,6,67,23,25,63,32,24,22,33,26,29,64,69,65,70,28,31,68
1358,7,4,53,40,42,35,48,36,13,10,54,12,43,57,9,15,8,51,17,11,38,39,50,6,3,56,19,46,44,47,63,26,33,25,32,68,71,62,66,65,64,28,27,30,22,29,72
1359,4,40,1,18,48,45,59,42,52,51,60,49,43,10,54,50,47,11,46,6,55,19,41,7,14,12,37,44,61,2,26,33,69,22,32,62,70,68,63,66,34,28,67,29,24,71,25
1360,41,56,50,3,37,17,61,1,2,45,18,46,9,47,7,36,16,38,14,10,43,40,20,49,12,54,58,8,55,13,24,21,33,65,72,22,64,68,67,28,23,29,63,34,30,70,62
1361,11,42,50,40,6,5,59,38,55,45,39,12,35,2,54,57,19,4,13,51,47,44,20,58,41,49,10,61,48,43,64,22,67,72,65,69,25,62,66,26,29,21,27,30,32,28,63
1362,18,5,7,48,19,40,1,58,20,14,44,2,39,52,12,51,49,17,37,43,59,6,60,46,4,53,10,35,16,56,23,66,68,32,30,28,70,71,33,31,65,22,67,25,63,34,64
1363,52,2,57,8,40,18,54,5,56,46,4,50,36,10,9,14,48,51,38,13,7,20,44,11,55,41,60,15,35,39,62,34,30,71,72,27,65,69,28,67,29,21,68,26,23,32,33
1364,48,54,13,46,4,55,12,50,40,51,3,42,2,53,49,5,43,52,19,8,35,20,36,17,16,41,38,44,14,61,31,71,26,23,30,21,33,64,28,69,63,29,24,68,62,22,25
1365,10,6,60,8,41,9,46,17,51,56,43,42,52,7,50,14,45,20,3,12,54,16,13,39,47,61,59,58,4,55,68,22,72,71,26,33,70,31,25,32,63,29,65,23,67,62,69
1366,38,44,5,51,50,35,57,6,18,16,17,58,55,48,47,46,12,40,61,1,49,8,9,37,13,15,59,19,2,36,21,34,67,28,25,26,30,66,27,63,65,72,31,29,24,64,69
1367,35,2,11,49,48,13,7,42,59,5,12,14,20,38,53,36,8,44,57,15,46,3,41,9,10,16,1,39,56,52,24,22,67,27,32,25,29,62,71,72,28,33,34,23,64,66,21
1368,39,2,38,8,7,10,1,9,41,45,14,42,44,53,16,6,19,48,60,35,47,51,3,50,13,40,18,17,20,37,29,32,25,72,30,33,64,24,31,62,65,26,67,23,70,27,69
1369,12,54,7,10,59,16,56,58,36,51,48,6,47,18,15,4,60,13,61,9,53,45,41,43,49,52,11,55,44,5,62,32,25,24,72,63,28,29,23,69,68,22,34,71,33,30,70
1370,18,2,54,58,6,35,9,42,46,37,39,45,4,12,17,56,44,48,50,20,59,41,19,14,7,11,60,3,47,36,23,31,32,27,28,68,70,26,71,22,21,69,62,64,66,30,63
1371,41,54,10,47,46,58,2,18,55,7,43,49,60,56,1,15,14,61,40,20,42,12,45,57,44,39,59,13,3,51,66,30,27,65,34,28,29,72,33,62,68,70,21,64,32,71,31
1372,17,4,35,57,56,41,45,36,9,49,52,18,15,7,53,51,16,8,6,11,38,14,58,61,40,5,20,46,37,44,33,64,21,70,27,69,63,68,66,31,26,24,67,22,29,62,32
1373,35,17,56,8,54,46,3,52,5,37,10,61,48,9,53,7,2,14,36,43,49,45,20,57,6,47,42,39,16,4,66,34,29,30,26,62,33,64,28,25,65,68,24,32,22,21,67
1374,8,59,47,9,12,53,40,7,56,11,58,36,13,50,20,45,52,48,35,54,17,2,14,19,10,18,60,15,42,4,65,68,21,63,70,29,22,25,27,24,66,71,33,34,31,67,30
1375,7,8,54,49,18,59,44,53,56,19,47,13,3,55,10,2,41,6,11,51,20,57,1,48,17,40,5,12,15,46,31,67,64,68,24,25,30,23,28,34,70,21,72,69,66,65,62
1376,61,12,2,4,55,1,38,8,15,17,11,13,35,5,37,56,54,60,41,10,16,39,20,40,46,3,7,58,51,43,64,63,32,69,27,72,66,21,34,65,67,30,29,28,22,71,23
1377,1,4,47,60,41,57,35,56,19,7,49,39,6,50,36,61,9,54,44,51,48,11,37,43,10,40,12,5,52,38,65,25,32,31,72,26,71,24,23,64,68,30,69,66,34,27,29
1378,60,50,1,59,9,7,20,12,4,37,18,49,55,11,15,38,16,10,40,58,44,54,17,52,35,36,61,2,51,13,69,26,24,23,27,66,22,68,71,28,67,25,70,64,30,72,21
1379,40,48,7,35,60,15,55,59,14,61,2,54,49,45,11,18,50,8,58,4,56,37,5,46,9,13,6,47,20,43,71,72,27,67,26,23,33,64,31,25,24,22,63,32,29,70,21
1380,11,39,17,47,48,52,46,57,49,37,35,16,53,60,20,18,50,41,4,38,10,42,61,3,13,40,58,8,7,12,64,22,30,70,68,26,63,72,71,24,66,21,31,65,27,33,62
1381,45,60,19,50,54,56,36,7,18,35,46,2,11,58,40,44,48,47,12,8,41,10,42,9,16,61,5,51,1,13,66,65,32,27,69,31,68,24,28,21,64,22,70,72,23,26,30
1382,16,59,45,43,7,38,58,46,6,51,60,36,40,61,53,10,9,47,15,12,49,35,42,17,52,11,13,57,44,1,71,66,29,65,26,33,25,34,68,70,63,31,28,64,72,21,30
1383,42,49,35,43,2,36,7,5,57,45,40,61,9,10,56,38,50,16,54,39,58,41,53,6,15,8,18,60,13,3,34,70,26,22,62,66,33,68,25,64,21,28,23,63,31,32,24
1384,19,52,60,40,4,16,3,17,2,44,42,59,39,10,41,12,48,11,56,35,36,46,13,18,38,9,61,1,51,7,30,28,33,26,67,72,65,63,31,21,27,23,68,24,71,69,66
1385,2,40,39,44,47,15,5,14,46,38,53,55,52,17,35,37,1,58,57,42,51,50,54,11,3,10,8,43,19,7,71,62,24,70,63,33,72,28,68,65,67,34,27,31,22,21,66
1386,13,38,5,2,48,37,4,59,16,36,39,12,47,42,55,35,1,57,19,18,6,8,51,10,41,44,17,54,40,58,71,22,26,31,34,67,33,70,29,69,27,66,28,25,23,62,72
1387,10,1,54,5,36,61,12,38,58,20,40,52,15,49,53,37,48,16,59,60,19,43,17,4,44,55,42,11,50,8,62,21,66,33,32,68,63,24,71,69,65,26,28,72,67,29,30
1388,48,11,13,1,15,54,18,12,57,6,55,8,37,17,35,20,60,7,39,9,36,42,4,3,5,40,41,2,52,58,31,72,30,67,71,32,62,34,66,25,24,63,21,33,26,65,29
1389,45,7,10,3,47,39,46,14,43,40,37,12,20,36,54,19,44,11,17,51,53,4,38,8,2,5,57,6,60,55,33,31,62,68,21,24,63,70,26,23,71,27,72,30,64,66,34
1390,45,41,2,49,7,19,55,58,61,18,38,56,4,42,1,20,47,6,51,10,40,13,11,36,60,59,46,5,39,54,32,33,30,23,27,34,62,24,22,66,65,28,70,29,69,63,21
1391,43,51,4,7,38,42,5,53,17,2,15,60,37,50,3,54,35,13,12,61,41,1,48,19,55,52,18,8,49,57,66,67,31,68,71,27,63,70,22,34,28,64,21,25,24,62,30
1392,15,50,39,5,9,18,54,46,48,4,37,43,14,13,38,58,1,36,44,6,35,53,55,56,52,49,7,40,16,42,65,24,66,67,26,29,30,27,69,32,23,31,72,70,21,68,62
1393,20,40,45,36,4,59,51,47,55,15,41,46,12,60,16,49,39,13,7,5,11,52,35,3,8,18,57,1,38,19,23,69,25,66,71,72,32,21,68,70,27,63,29,24,65,62,30
1394,40,43,55,2,13,42,56,61,51,49,17,14,7,54,19,8,47,41,58,36,20,59,18,48,50,45,37,39,4,57,21,22,23,32,65,33,24,62,63,26,69,66,27,31,68,64,71
1395,36,13,40,14,19,48,7,16,2,6,3,38,12,58,61,56,51,55,46,1,50,42,8,52,53,17,43,41,39,44,64,23,70,26,30,72,65,34,24,32,31,25,29,67,33,63,27
1396,49,61,36,35,43,7,14,40,53,51,44,50,11,52,8,60,13,46,56,39,47,55,9,2,38,16,12,57,15,10,30,31,34,23,62,24,69,25,70,28,32,26,67,63,27,29,21
1397,13,1,6,57,7,11,54,51,40,42,41,19,50,46,9,55,12,37,8,18,20,2,59,36,45,10,14,43,38,61,29,62,66,26,71,70,27,24,34,25,72,65,28,31,33,23,21
1398,16,7,15,59,47,36,18,51,4,12,38,20,53,60,5,52,56,8,6,42,40,2,37,48,50,14,43,19,41,57,33,25,21,31,28,70,63,34,67,66,32,71,69,23,65,64,68
1399,48,4,61,7,45,49,20,5,12,58,38,37,3,43,35,11,44,19,50,42,9,15,36,57,39,17,41,40,59,6,31,66,70,67,28,27,26,22,62,72,25,30,33,69,34,21,64
1400,42,13,10,58,46,36,8,11,39,3,4,48,60,5,56,15,7,19,18,38,41,45,20,14,6,37,2,17,57,1,23,27,26,71,69,22,62,64,68,25,63,34,33,70,66,72,24
1401,1,7,53,56,55,60,2,38,19,10,43,61,8,3,47,9,42,51,45,48,49,59,15,35,4,36,52,54,13,5,25,72,71,68,32,34,33,65,66,26,63,30,67,22,21,69,23
1402,51,47,39,45,36,40,1,56,59,55,11,44,19,17,48,54,8,58,10,38,9,42,13,7,53,50,60,46,57,14,69,29,66,23,25,65,70,34,22,26,30,67,62,33,71,24,63
1403,16,9,41,17,12,53,35,2,37,47,13,18,49,20,57,7,3,48,36,42,38,15,5,44,54,50,40,45,10,59,23,33,32,66,65,67,27,25,72,69,64,21,71,24,26,34,28
1404,56,54,36,49,19,47,14,2,1,16,38,59,39,55,57,3,43,44,41,51,12,45,4,61,40,37,17,46,6,7,30,24,62,67,26,28,31,69,63,22,66,27,34,65,70,29,68
1405,47,37,59,11,61,1,9,10,57,2,56,42,43,20,3,51,55,40,7,41,14,17,53,45,50,13,58,16,6,38,72,34,25,30,31,32,68,26,66,69,22,24,70,27,65,63,28
1406,53,57,58,49,20,48,11,8,61,60,50,12,39,51,10,47,2,1,6,46,16,38,14,56,52,45,4,36,19,5,25,21,65,33,29,69,22,27,68,32,67,70,34,24,26,71,64
1407,41,52,19,49,13,11,18,35,3,39,37,42,36,51,17,4,14,6,15,47,53,58,38,60,56,50,55,54,7,57,33,27,26,32,63,23,31,34,68,24,70,72,64,29,67,65,25
1408,48,35,13,6,18,36,19,60,45,4,54,56,59,10,8,16,11,57,5,40,41,44,61,43,3,51,46,7,55,15,28,29,64,72,30,31,70,27,67,26,68,65,32,22,66,23,69
1409,47,10,57,35,4,20,8,60,12,55,46,15,51,19,38,52,1,17,40,2,53,36,9,59,13,39,37,61,56,5,62,69,71,34,72,31,23,67,65,33,63,22,27,25,24,26,28
1410,49,4,3,45,36,19,10,50,6,48,61,42,52,51,12,57,55,35,14,53,16,56,37,17,59,58,1,11,13,39,67,23,22,65,28,69,21,66,30,32,70,64,72,68,25,31,26
1411,9,15,18,57,50,2,42,55,49,17,12,44,60,13,54,35,53,52,3,36,11,1,38,51,45,20,61,39,47,5,22,33,66,71,28,65,67,32,63,68,70,27,69,24,31,30,25
1412,5,46,45,37,2,47,50,7,61,38,35,56,20,39,15,48,4,60,13,11,18,42,58,9,40,17,44,43,52,14,29,28,70,24,66,21,25,32,67,63,71,22,33,30,31,65,72
1413,17,39,41,8,5,45,40,20,2,9,60,52,49,51,55,35,4,11,13,15,46,7,57,47,36,12,42,1,14,61,68,21,62,69,71,70,28,29,22,63,25,34,31,24,67,27,64
1414,40,14,20,35,36,4,7,55,13,12,41,6,56,42,38,2,19,45,54,37,52,17,3,61,48,15,16,58,50,46,25,68,27,70,65,72,32,24,69,31,26,21,67,23,33,62,63
1415,5,2,35,45,6,48,14,39,57,12,46,54,47,37,49,18,55,36,42,43,56,53,10,7,11,60,1,44,3,38,30,72,29,21,25,23,22,32,27,63,31,68,64,24,67,62,33
1416,2,40,56,3,54,53,17,42,11,7,10,55,14,4,39,15,43,36,20,49,57,51,16,37,5,1,41,46,45,44,68,27,33,32,69,31,67,66,70,28,25,29,26,71,30,65,34
1417,45,43,40,41,13,1,4,51,44,61,20,12,18,47,55,57,60,15,36,11,50,35,3,54,53,52,38,46,37,5,26,72,28,23,70,25,65,62,24,66,71,63,30,34,27,33,67
1418,47,49,58,12,14,52,56,43,39,42,51,53,50,9,4,6,55,3,48,18,13,19,20,10,57,60,37,61,38,45,33,67,71,69,32,68,34,24,22,30,65,28,23,25,64,29,27
1419,5,52,9,49,38,61,57,51,11,42,43,58,8,7,40,3,53,10,17,6,16,39,47,48,44,18,59,36,12,60,29,66,33,30,71,25,22,67,28,69,72,27,63,70,23,26,24
1420,2,43,36,53,52,40,41,3,48,4,60,51,7,5,17,50,6,42,49,13,1,38,59,15,47,54,37,12,44,45,66,70,62,27,31,63,23,71,25,21,69,22,68,30,67,64,34
1421,17,15,36,44,43,60,56,46,37,3,6,11,8,55,2,38,41,10,59,49,1,53,47,9,19,61,14,7,39,58,34,25,71,21,26,32,30,69,63,27,62,29,64,65,67,22,24
1422,35,11,58,8,41,6,14,56,4,49,36,46,13,50,59,15,54,16,3,39,61,12,42,2,51,17,47,57,43,40,31,67,24,26,71,64,68,34,21,70,25,23,69,72,27,66,28
1423,60,11,7,9,51,14,59,3,4,49,39,13,45,44,56,50,19,16,12,1,41,38,37,20,15,61,8,47,48,17,27,64,29,22,24,23,30,72,68,63,65,69,62,21,32,70,67
1424,60,3,4,43,36,58,42,6,37,10,13,12,15,7,14,5,11,2,48,50,51,17,55,1,41,56,53,19,49,38,72,68,66,33,21,34,64,67,26,63,30,29,62,69,70,27,25
1425,19,3,6,59,5,9,35,2,18,11,42,15,53,14,61,46,7,12,43,16,36,41,40,20,49,47,50,1,38,48,21,69,65,72,23,68,30,34,29,31,26,64,33,28,70,25,62
1426,38,37,15,3,4,1,36,39,40,58,45,10,16,52,46,59,18,6,11,50,49,51,44,56,43,41,57,5,7,47,32,72,33,62,69,71,21,70,24,63,68,26,23,34,67,30,28
1427,14,60,52,37,50,46,48,47,39,56,42,51,6,13,19,1,45,49,43,20,41,10,18,9,3,57,12,35,59,16,71,31,64,30,23,34,21,24,22,70,69,33,28,25,32,63,26
1428,10,17,6,37,41,19,44,16,35,40,11,36,60,59,51,46,5,2,53,58,38,56,14,42,1,48,18,9,13,7,69,24,63,71,33,67,68,21,62,32,65,72,34,31,30,22,70
1429,49,54,4,37,8,40,55,48,36,59,15,11,61,42,57,17,46,1,18,10,47,20,51,45,12,56,19,44,2,5,70,23,72,62,21,65,30,34,63,33,69,31,71,24,22,28,32
1430,42,39,40,54,41,38,51,17,20,46,37,35,44,1,58,48,8,13,49,18,10,57,60,11,15,50,53,56,14,3,27,34,65,22,68,72,70,21,66,71,31,23,25,26,28,69,67
1431,54,50,57,49,1,11,48,5,14,51,53,4,12,52,15,47,60,3,13,17,6,39,56,43,8,35,37,45,38,40,71,31,27,33,24,30,68,29,64,32,22,70,62,72,26,34,23
1432,40,54,5,48,49,47,3,12,17,42,10,45,14,46,58,16,61,43,57,11,19,53,56,39,36,4,55,6,13,52,25,62,63,30,70,72,28,29,64,27,66,23,22,33,31,24,21
1433,3,54,2,20,44,1,8,7,38,36,40,19,18,49,51,41,35,56,12,55,15,50,53,52,11,6,16,14,42,39,21,30,65,32,72,28,70,69,31,71,66,33,22,27,64,68,25
1434,19,41,12,42,39,60,50,46,53,54,5,10,58,49,35,48,43,2,40,14,16,1,47,52,11,36,38,15,56,13,63,69,71,31,29,21,62,28,64,27,23,22,24,25,33,67,34
1435,53,58,13,1,17,45,5,60,51,20,61,14,47,12,3,39,41,54,42,40,15,16,6,2,50,48,49,56,55,46,62,71,24,25,67,65,27,22,21,63,64,68,23,72,31,69,34
1436,12,61,47,3,9,4,43,41,5,7,45,42,44,49,17,19,39,46,37,20,14,57,59,16,50,18,36,60,8,58,62,21,22,30,72,69,23,34,66,26,64,25,68,29,65,31,63
1437,12,51,35,13,61,40,56,57,8,43,2,58,50,6,46,11,55,7,36,44,47,37,39,17,18,54,49,59,45,42,65,24,23,33,64,21,63,71,22,34,67,29,25,62,72,31,70
1438,48,60,6,54,1,18,59,39,47,58,35,17,3,2,9,49,61,12,57,15,20,14,10,11,55,50,7,56,4,41,67,65,70,21,64,63,27,71,29,23,66,22,68,25,30,28,69
1439,57,3,60,42,38,45,41,5,46,56,35,55,36,11,17,40,13,37,39,52,53,51,20,54,19,50,61,12,10,59,21,69,33,68,65,30,25,23,31,71,34,26,62,63,27,29,66
1440,55,17,39,36,5,38,19,47,13,16,9,50,58,12,56,3,18,2,44,7,51,43,52,53,49,35,11,1,42,57,32,68,22,25,70,29,24,64,63,28,23,66,71,34,31,26,69
1441,58,41,35,60,13,3,17,1,9,19,4,15,6,55,20,57,46,39,18,56,14,59,16,12,51,49,48,5,52,53,68,69,66,70,23,25,62,21,65,31,24,28,64,67,26,29,63
1442,4,18,57,19,39,37,44,51,49,15,17,12,42,47,50,36,60,10,46,58,56,3,5,14,54,1,35,38,6,52,23,34,62,27,32,26,70,24,33,30,21,31,25,65,67,66,63
1443,12,47,11,18,10,51,8,54,43,16,9,55,2,50,38,5,44,40,48,42,15,17,52,19,57,58,46,7,3,20,70,24,32,31,64,26,29,71,67,72,23,68,30,21,62,28,25
1444,38,3,8,50,53,42,46,56,15,45,44,19,54,49,11,12,47,35,6,4,1,48,61,7,5,43,57,39,37,36,68,26,72,23,30,28,62,64,32,24,31,69,66,21,25,70,67
1445,49,19,20,52,16,56,15,59,45,38,48,8,18,61,54,51,55,37,13,14,12,44,57,7,6,50,17,4,3,58,33,23,63,29,25,66,26,72,28,27,70,21,32,65,24,67,68
1446,52,50,13,20,9,61,17,18,60,53,19,39,48,42,3,7,41,5,1,12,11,45,37,51,56,43,47,2,8,15,65,28,30,25,23,67,34,68,31,27,22,21,69,26,62,71,70
1447,49,6,12,16,61,60,14,15,40,1,3,48,35,58,54,2,11,20,46,57,56,59,7,36,9,19,41,55,4,47,23,26,69,66,28,22,64,63,71,25,67,62,24,65,68,72,33
1448,44,43,49,45,38,54,51,20,4,57,37,2,10,55,53,16,12,41,11,9,8,13,18,40,59,52,47,5,14,42,64,65,72,63,71,27,67,62,69,23,31,30,70,25,28,26,22
1449,53,12,9,10,48,55,52,35,38,60,5,40,56,41,45,59,13,47,42,54,17,43,37,57,20,61,6,3,7,46,62,30,69,71,32,29,72,67,68,27,70,66,26,25,21,63,64
1450,37,12,1,7,49,50,61,58,48,55,19,59,46,36,57,35,11,52,6,18,3,51,8,41,2,13,39,14,9,42,29,64,27,22,26,62,65,72,66,34,67,70,71,30,69,68,23
1451,59,2,56,48,51,16,55,57,46,8,53,14,4,9,61,45,18,47,44,40,12,37,49,1,38,20,15,13,10,58,28,31,26,63,30,33,68,72,64,24,22,23,66,21,25,65,62
1452,50,20,47,3,16,53,40,19,37,17,12,5,48,42,7,36,55,8,35,54,18,56,59,45,52,61,41,58,46,39,25,69,70,32,28,71,21,66,22,33,23,30,68,27,31,24,34
1453,56,49,53,50,4,35,51,48,45,61,3,58,9,18,11,59,6,10,46,60,55,2,42,41,15,20,16,12,17,19,72,21,68,70,29,69,28,30,66,26,25,22,33,27,62,71,63
1454,56,59,41,7,40,54,2,49,60,42,37,17,47,36,38,45,35,5,1,14,9,3,50,57,10,18,55,19,61,53,21,71,64,26,66,72,31,25,28,34,23,22,65,68,24,32,30
1455,54,13,60,20,45,56,46,11,3,36,55,50,7,57,59,14,10,8,49,47,9,35,37,42,43,5,61,51,16,48,31,24,33,22,30,67,25,72,69,21,34,26,23,64,68,27,29
1456,9,55,10,49,51,45,40,38,5,56,36,12,15,48,53,4,37,11,39,8,54,3,35,6,50,60,16,61,59,1,69,65,25,31,23,66,34,33,64,70,32,71,26,72,30,29,68
1457,47,46,2,9,60,3,11,44,59,45,40,6,43,50,5,12,19,36,1,4,49,35,14,17,58,48,15,39,41,52,64,71,69,67,30,68,21,26,32,31,70,25,66,65,62,23,34
1458,12,7,45,47,38,16,52,61,39,8,59,4,43,41,37,5,14,54,56,55,40,53,1,35,18,44,46,3,48,15,28,23,30,29,62,69,64,33,22,34,71,65,25,21,67,27,66
1459,59,42,51,58,3,44,4,60,49,1,46,15,2,6,37,38,20,14,39,47,53,55,41,17,9,35,50,13,19,7,63,71,69,62,29,72,26,23,65,21,30,66,27,33,34,67,22
1460,43,20,36,49,14,48,45,11,40,18,15,59,38,3,5,56,19,44,16,17,39,10,53,52,58,42,8,2,13,50,63,21,34,70,66,64,68,32,31,71,67,24,72,62,33,26,29
1461,11,18,35,20,14,60,52,38,43,2,49,58,3,61,10,39,19,59,45,54,4,53,12,44,15,46,1,9,37,51,70,27,68,66,63,67,23,62,65,72,34,64,22,31,33,25,71
1462,51,11,46,54,36,48,5,13,9,12,43,61,40,15,50,14,7,35,2,53,16,42,47,59,58,45,1,20,19,55,70,63,67,33,29,34,30,66,24,21,65,31,28,69,23,22,68
1463,60,52,37,48,9,59,20,5,54,1,41,39,61,11,58,49,13,45,42,56,19,18,16,43,4,2,53,47,12,38,25,28,71,63,24,26,32,69,22,72,70,62,67,23,68,64,34
1464,47,8,6,7,20,36,58,56,43,14,55,17,46,35,18,13,41,42,49,60,51,53,45,40,1,61,59,11,2,16,31,69,28,67,72,21,63,64,23,70,24,29,71,62,65,26,34
1465,10,45,56,48,57,43,55,46,44,20,61,6,7,53,58,52,60,2,15,41,54,51,3,39,11,50,35,4,13,36,63,64,26,65,24,32,68,70,66,30,67,27,23,34,62,31,69
1466,47,1,8,41,9,59,4,54,2,16,57,3,56,35,7,39,48,43,52,19,44,53,40,5,49,11,58,20,61,51,34,29,31,66,25,63,28,64,22,33,23,70,71,68,30,27,21
1467,18,13,17,44,36,19,9,10,45,55,7,35,8,51,59,60,57,20,48,46,14,47,1,4,53,52,2,42,15,40,71,65,33,72,25,67,24,26,31,23,68,22,70,30,64,69,32
1468,57,9,37,51,11,41,19,52,14,55,17,39,20,35,47,12,16,42,1,13,8,7,49,10,53,38,40,50,6,45,26,68,65,29,30,28,23,64,33,27,34,32,70,71,24,69,22
1469,16,14,20,18,57,37,49,41,39,5,42,10,53,50,3,54,2,6,46,44,38,7,19,36,13,43,47,40,12,52,31,70,65,26,27,67,34,72,28,69,62,23,68,21,63,30,32
1470,60,37,39,45,41,16,47,36,1,13,61,42,49,44,56,7,19,35,51,2,5,10,57,3,9,50,6,18,40,12,33,28,64,29,25,63,22,68,30,67,31,32,26,34,23,70,24
1471,45,59,38,12,47,51,57,8,18,13,5,44,36,7,40,37,50,60,6,35,48,46,52,39,11,56,15,10,41,2,21,66,30,32,31,71,22,65,68,28,26,72,24,34,27,33,70
1472,19,11,55,45,6,40,46,8,35,16,47,1,36,43,49,53,20,12,56,50,14,38,18,7,52,37,54,4,10,39,70,68,67,27,64,26,34,28,23,24,33,25,22,62,63,32,72
1473,14,41,2,20,13,38,50,46,49,3,7,19,47,58,55,4,53,42,9,43,16,60,8,11,36,51,10,45,35,37,65,30,67,23,66,69,26,72,22,34,64,21,25,70,32,24,71
1474,47,45,57,56,55,36,2,6,58,16,1,14,52,48,43,40,61,51,15,50,11,37,19,8,60,53,38,20,10,9,29,70,28,34,31,27,23,24,65,71,72,33,21,30,67,63,26
1475,20,46,53,18,55,1,13,15,49,56,10,8,58,57,43,7,12,39,50,6,11,4,9,59,44,36,14,41,38,17,34,68,28,29,33,72,24,32,64,70,62,67,66,71,21,23,30
1476,50,49,41,15,54,55,3,59,51,56,53,12,61,47,6,37,60,7,36,43,4,14,11,48,40,16,19,58,8,46,66,72,32,31,69,24,68,22,34,33,64,27,26,25,63,21,70
1477,57,40,47,41,50,61,8,44,7,51,2,9,14,35,42,17,53,59,5,20,16,13,58,49,43,52,3,18,4,48,21,30,62,72,25,27,26,24,29,32,69,22,28,67,23,34,31
1478,17,45,39,47,2,8,52,42,1,18,41,7,57,3,38,13,49,44,15,14,53,58,37,60,43,59,16,20,55,61,68,63,26,24,71,34,21,30,72,70,27,62,32,33,23,31,22
1479,16,40,60,12,47,17,15,18,48,59,4,11,6,45,50,19,39,36,10,38,3,14,41,49,55,7,61,51,58,53,69,23,33,71,34,25,32,30,31,72,22,27,28,70,62,65,68
1480,18,54,8,55,35,45,10,19,3,47,42,1,52,9,60,2,53,37,20,57,17,4,49,50,44,48,14,56,11,36,62,33,24,25,32,29,65,72,26,30,67,63,22,68,21,31,27
1481,9,45,47,49,37,39,14,59,61,42,4,16,3,2,5,38,10,7,36,20,17,58,1,54,13,19,57,11,52,51,29,30,64,65,62,63,25,70,67,22,27,33,69,71,32,31,21
1482,6,39,53,42,57,11,3,10,18,59,20,52,41,55,13,38,35,61,43,58,50,2,5,47,16,9,36,51,54,48,66,64,67,21,70,32,24,28,31,25,34,65,68,72,27,23,71
1483,19,44,20,39,54,38,46,4,61,47,37,50,59,2,1,15,53,14,40,52,36,49,55,43,3,41,58,51,11,8,32,65,34,27,63,62,68,31,69,33,23,21,71,25,72,22,24
1484,4,43,35,2,61,7,48,44,13,57,36,5,1,18,8,53,56,9,59,45,12,6,20,52,40,46,11,16,14,58,69,22,26,24,28,72,66,21,71,62,27,31,23,64,32,33,67
1485,44,45,47,15,8,54,11,48,3,14,18,40,39,10,56,59,36,55,16,60,17,43,12,2,5,53,49,4,52,35,28,71,31,64,66,67,26,62,24,33,63,69,29,27,34,21,25
1486,39,10,43,36,9,6,12,1,2,8,56,41,52,5,20,45,46,17,42,47,55,15,48,58,4,61,18,54,3,50,24,66,32,25,33,28,67,27,23,62,29,63,69,21,72,71,31
1487,36,50,53,40,59,52,14,39,48,13,47,20,5,35,38,41,49,60,1,43,10,3,12,44,7,54,56,37,58,19,69,65,66,64,21,67,22,32,25,26,31,34,63,27,71,68,23
1488,43,40,15,49,38,51,9,58,60,20,2,36,1,41,4,16,37,19,48,35,52,46,59,53,45,42,7,14,39,18,65,30,22,24,21,67,62,34,72,27,63,26,25,71,32,23,64
1489,39,55,40,46,58,44,47,41,53,3,38,60,12,17,50,11,16,4,56,14,5,52,51,45,61,42,48,49,6,37,63,71,65,23,66,69,29,27,24,31,34,28,22,70,68,30,26
1490,12,59,57,46,58,20,10,15,5,2,35,40,51,36,17,55,8,16,9,42,7,60,56,50,53,37,3,4,61,38,66,71,72,25,63,30,33,29,24,67,21,28,27,26,70,68,64
1491,15,61,50,51,36,41,11,57,40,3,13,16,4,58,19,14,52,8,45,56,53,35,59,7,44,48,1,42,9,18,68,24,31,71,62,25,65,28,26,67,32,21,30,69,27,29,34
1492,47,9,5,12,60,52,15,13,44,6,49,7,58,17,14,45,38,55,42,41,8,10,16,3,18,46,11,59,4,35,22,23,24,70,69,62,34,71,66,32,64,29,67,27,28,31,68
1493,46,13,52,8,51,5,61,19,36,9,4,40,35,1,44,16,59,55,50,2,58,53,49,11,54,48,57,38,42,56,29,26,33,67,64,23,30,65,34,70,21,69,68,25,22,32,27
1494,8,18,10,13,52,2,1,9,46,14,60,36,3,53,42,47,16,7,55,20,6,37,49,4,51,39,50,38,43,59,25,23,68,71,24,69,63,33,65,34,67,72,66,29,27,21,28
1495,40,12,54,59,61,47,36,10,44,14,6,38,13,16,20,5,56,53,57,8,1,41,60,4,48,11,58,45,3,39,68,24,23,30,72,32,67,66,25,22,33,27,63,34,21,28,62
1496,4,45,44,49,7,16,57,40,11,35,38,41,15,19,10,61,59,36,12,20,13,60,54,39,18,17,2,47,37,5,34,28,29,62,30,66,70,64,23,31,67,71,69,72,24,25,21
1497,18,57,15,19,2,8,43,4,37,14,52,58,55,16,41,53,50,13,7,11,1,60,35,49,10,20,38,61,9,46,26,64,63,65,71,27,30,68,22,29,66,70,72,33,69,67,28
1498,35,14,54,46,50,6,59,15,52,4,43,17,44,10,1,36,38,2,39,40,49,57,18,11,16,58,8,53,55,56,67,72,26,66,64,29,24,34,33,25,62,69,63,28,65,30,68
1499,50,17,18,51,61,20,7,53,36,57,41,39,56,15,37,48,3,2,40,19,12,52,4,1,54,44,49,45,6,47,22,23,26,32,31,28,25,30,72,62,69,64,34,66,70,33,27
1500,7,5,12,57,8,10,58,37,3,51,20,19,56,54,1,35,41,60,9,48,55,44,50,53,38,52,2,15,17,39,67,63,33,32,30,62,22,66,65,29,26,24,25,64,28,70,72
1501,20,14,40,36,47,19,10,42,17,8,9,2,52,51,18,11,60,41,6,56,45,37,48,38,50,35,55,4,44,13,32,67,28,24,62,33,65,71,72,25,26,27,21,70,66,64,69
1502,12,11,50,46,6,53,14,7,40,35,55,39,20,3,5,9,49,8,47,42,15,45,2,44,19,48,10,16,41,59,62,68,26,72,63,28,30,21,71,33,70,66,23,24,27,25,67
1503,20,46,12,1,49,61,41,52,5,54,43,2,56,17,58,48,8,42,3,40,39,14,50,53,60,44,7,4,11,36,68,32,31,63,72,64,70,71,25,62,67,65,22,30,29,69,66
1504,39,17,19,35,41,42,45,36,7,60,44,8,9,49,16,38,51,1,53,13,61,55,40,20,57,37,43,11,15,50,64,68,24,70,26,32,29,63,25,72,71,62,27,22,28,21,34
1505,51,53,54,20,56,5,58,46,17,48,13,9,41,12,6,10,55,40,2,49,15,38,7,47,16,36,45,37,19,61,25,62,69,64,34,72,68,31,63,33,28,29,27,65,30,32,21
1506,14,9,2,38,18,10,54,7,15,50,61,1,4,47,57,55,48,3,51,52,41,44,6,42,17,37,39,46,13,36,33,66,64,31,63,27,65,24,26,32,25,70,21,29,71,30,68
1507,17,50,13,19,48,2,11,57,54,12,37,61,55,18,3,43,41,7,36,53,59,38,42,58,51,39,60,5,49,46,64,68,62,63,21,69,27,67,34,29,72,70,32,23,28,71,30
1508,2,17,7,10,43,57,9,12,11,36,55,5,16,14,47,42,37,50,1,39,8,58,60,52,35,48,41,61,59,46,21,28,34,63,65,32,26,66,31,29,71,25,70,62,67,23,22
1509,35,50,44,39,3,36,49,5,7,41,18,14,60,61,46,2,16,55,42,47,59,6,20,45,17,10,53,19,43,11,29,68,67,33,69,70,25,22,64,27,26,72,30,28,24,66,23
1510,16,35,45,55,49,38,40,52,20,15,42,3,46,5,18,36,1,47,43,61,14,58,54,37,8,41,17,44,7,53,72,69,24,70,66,30,32,71,31,26,62,63,65,22,23,25,28
1511,56,58,10,45,61,19,11,44,40,57,41,39,35,1,9,55,38,54,20,15,6,42,7,37,48,3,2,13,5,52,26,34,67,23,69,32,70,30,72,63,28,29,31,68,24,21,66
1512,12,14,36,52,15,19,13,37,58,20,16,9,1,59,49,35,60,41,38,53,44,57,10,46,42,54,2,56,45,48,30,34,63,22,65,25,23,67,28,64,72,66,26,32,69,68,31
1513,56,35,5,48,13,52,51,20,19,45,16,58,3,10,60,46,41,47,53,4,2,18,54,59,39,11,50,8,40,7,30,63,67,65,21,64,62,32,66,72,68,70,24,31,69,33,27
1514,40,36,42,41,39,10,45,14,16,44,11,35,13,43,51,49,3,48,47,37,4,1,7,18,2,17,54,6,8,20,33,28,32,71,63,26,72,27,22,65,66,70,31,62,23,25,69
1515,35,42,53,43,6,3,37,60,51,5,45,41,13,16,2,58,56,10,50,1,15,54,44,55,57,61,40,11,47,7,26,22,72,71,62,69,70,31,23,63,29,27,64,33,21,30,28
1516,61,59,16,49,1,4,50,37,12,5,43,56,55,11,52,19,10,48,42,15,51,38,60,58,36,18,7,40,41,53,65,30,64,27,26,34,29,69,70,31,68,25,24,28,71,32,33
1517,52,15,54,19,12,51,2,6,10,55,37,50,9,18,35,44,56,45,7,46,47,41,48,42,58,4,53,13,14,40,63,67,25,26,33,64,62,72,24,21,68,65,27,28,30,66,32
1518,55,14,43,18,19,53,61,3,35,47,37,4,57,7,20,48,46,59,45,1,51,15,9,10,41,6,39,11,38,13,70,32,23,66,31,64,33,67,25,65,62,26,27,28,22,71,72
1519,39,13,8,58,11,59,52,3,51,60,18,17,38,19,36,61,48,43,41,57,35,53,14,15,7,49,46,4,2,55,32,65,23,34,30,63,33,67,21,69,31,66,62,28,27,22,68
1520,1,2,35,36,50,13,18,39,4,8,38,51,43,45,15,46,47,54,12,19,16,52,41,37,11,48,42,9,40,44,62,21,23,30,63,28,64,70,26,68,33,32,72,27,25,66,71
1521,13,36,58,49,59,17,4,41,9,18,35,37,3,5,42,1,46,19,14,15,44,7,56,51,43,53,54,11,55,48,72,28,32,68,33,62,69,25,34,29,27,21,24,22,26,67,71
1522,15,8,43,51,52,59,14,47,56,2,44,37,1,9,16,58,35,39,53,19,13,20,36,55,54,42,45,57,18,50,34,70,28,68,72,26,29,22,62,30,67,23,71,25,69,32,65
1523,54,55,18,40,57,6,5,39,41,11,47,48,10,50,35,58,53,46,49,3,7,1,19,8,15,13,36,43,12,38,31,72,26,71,32,68,67,25,21,62,70,65,33,29,27,28,64
1524,7,57,4,45,44,13,37,15,2,46,61,40,56,10,59,41,47,49,6,9,52,8,20,43,12,54,16,51,42,17,26,63,70,33,27,72,21,67,29,22,30,32,71,28,23,25,68
1525,37,7,4,2,47,52,48,11,50,38,46,41,9,51,35,45,12,10,39,42,13,49,57,40,5,55,14,59,1,3,33,24,66,72,70,62,31,68,25,29,32,69,71,23,64,21,22
1526,42,20,51,61,38,57,48,54,14,8,5,10,56,55,53,50,7,18,52,17,13,40,41,60,12,15,19,45,2,59,69,24,66,28,27,31,23,67,70,25,21,33,72,34,62,30,65
1527,9,51,15,18,59,45,50,3,61,41,8,39,56,7,16,38,47,20,12,42,36,6,17,55,46,5,19,11,35,2,62,71,29,24,28,65,30,34,63,27,67,25,70,66,69,26,33
1528,42,59,15,20,14,37,7,55,61,50,9,16,41,56,52,49,35,2,12,5,40,60,39,11,54,47,44,46,58,19,69,28,66,31,29,64,70,32,26,21,63,22,72,34,71,33,27
1529,9,54,20,57,1,14,2,35,48,11,40,41,7,19,18,13,45,47,39,15,52,60,61,42,43,56,8,38,50,59,62,33,21,26,25,64,29,31,30,34,22,32,24,69,72,23,65
1530,61,51,55,59,10,9,18,3,45,53,2,15,58,52,7,47,60,13,56,43,37,38,49,36,19,17,57,8,35,46,71,69,65,23,68,70,24,62,32,34,63,30,25,64,29,72,67
1531,37,19,49,8,18,53,59,16,6,2,60,3,12,17,10,44,48,9,7,56,55,38,47,1,14,39,51,20,15,43,23,69,28,24,29,26,64,34,21,31,30,70,65,68,67,72,27
1532,17,58,15,9,19,55,44,59,61,16,46,7,43,48,36,45,6,14,20,54,13,60,18,4,56,42,39,53,8,50,34,32,69,63,33,27,67,72,64,68,24,26,21,62,65,71,25
1533,38,7,61,46,44,54,3,41,13,4,6,2,52,9,42,19,36,60,10,48,20,15,51,43,17,5,37,12,40,35,28,71,30,69,64,63,67,32,23,33,70,29,65,21,26,72,27
1534,43,46,59,36,55,8,60,38,39,14,52,4,48,3,35,9,11,15,57,40,16,37,18,50,54,51,19,45,10,49,29,31,33,63,70,69,66,67,26,72,22,62,27,68,28,21,65
1535,54,11,43,15,61,59,8,20,7,41,18,52,38,44,51,40,57,60,42,5,49,50,39,17,3,47,2,1,53,37,66,30,67,27,34,64,71,24,32,72,23,29,68,28,22,21,25
1536,35,4,18,56,3,39,14,40,17,20,47,44,9,49,1,55,58,43,7,8,10,50,48,11,41,51,13,12,38,46,65,22,27,69,64,70,72,24,71,34,29,66,30,63,21,33,62
1537,14,18,61,42,5,57,59,45,44,38,17,3,7,13,19,9,60,51,48,49,2,58,47,4,16,10,40,8,55,50,23,69,63,34,65,29,24,33,72,30,70,25,21,28,68,62,22
1538,11,53,14,15,36,57,6,58,17,60,39,52,16,35,54,38,12,59,40,48,42,55,49,4,41,1,7,43,13,45,71,67,66,63,70,25,29,23,31,68,65,32,28,21,30,27,62
1539,38,16,19,6,39,15,40,60,9,47,57,12,53,52,8,36,44,20,17,51,35,61,54,55,5,14,18,4,42,10,33,62,64,22,23,70,69,67,68,72,32,27,65,66,25,24,21
1540,18,10,35,52,47,4,49,51,57,15,13,12,38,5,39,46,3,42,8,54,36,20,14,41,11,61,48,60,53,59,22,30,65,63,28,29,64,32,21,25,33,69,26,71,72,34,31
1541,42,5,19,56,15,35,13,52,37,16,40,47,60,2,57,44,1,46,45,50,3,58,10,20,41,12,49,4,51,8,67,34,29,71,70,24,31,62,27,33,26,66,72,23,21,64,25
1542,13,6,36,55,42,40,52,17,4,57,8,18,49,38,53,14,37,56,47,58,35,39,9,60,59,11,61,45,48,15,67,69,63,28,30,62,72,29,32,24,26,66,27,22,71,68,64
1543,47,46,41,48,4,18,55,44,35,3,58,49,8,39,20,43,11,61,54,5,50,6,12,37,14,7,45,40,16,53,23,34,72,27,29,28,62,67,26,68,21,64,30,22,65,71,70
1544,19,48,1,53,18,50,52,14,46,61,36,5,42,4,55,44,43,12,49,47,7,6,35,60,57,54,10,3,38,16,71,66,34,33,23,64,31,65,22,26,30,28,72,62,21,29,67
1545,46,8,3,20,47,53,48,51,14,41,49,7,35,11,60,10,58,54,39,18,55,59,15,12,6,17,36,4,44,61,63,25,65,67,31,69,72,62,23,26,66,70,32,27,21,30,64
1546,3,16,48,7,10,11,55,58,9,38,39,54,56,52,53,13,37,57,36,49,41,43,19,61,17,47,59,20,14,45,34,31,66,26,68,21,30,33,29,71,69,32,72,22,25,28,63
1547,1,53,40,59,57,49,37,56,41,35,4,47,6,17,36,18,58,45,12,20,38,60,14,2,3,8,61,46,9,44,72,30,66,62,29,63,68,33,34,64,65,27,28,23,31,69,67
1548,46,54,59,18,48,9,51,58,35,36,14,42,5,57,6,16,41,8,13,52,20,44,47,40,12,2,19,49,4,53,34,30,24,26,68,70,21,65,28,27,71,67,29,25,66,69,33
1549,16,13,4,52,40,12,6,10,35,1,53,55,8,49,60,50,45,7,44,42,46,47,19,56,5,3,37,38,59,11,24,34,25,69,65,72,26,30,71,33,22,63,27,21,66,29,62
1550,42,5,13,18,7,48,59,57,1,16,60,51,20,9,36,38,61,49,39,14,10,55,15,44,58,12,47,3,17,19,31,65,64,69,30,33,22,21,29,63,25,32,28,68,34,71,67
1551,12,56,11,38,6,52,17,48,50,61,59,16,40,3,18,36,37,60,39,19,14,44,5,35,49,9,51,20,53,57,72,31,66,70,69,28,21,62,29,30,23,64,25,24,26,22,65
1552,20,61,50,43,10,44,9,13,3,60,52,46,16,12,55,51,19,38,39,59,53,41,14,5,2,11,45,54,6,49,66,26,27,24,63,29,33,28,31,64,25,34,67,72,69,32,71
1553,39,59,35,8,7,37,60,6,45,3,49,17,56,52,4,38,41,50,10,61,20,36,2,15,51,57,40,12,1,11,69,29,68,70,33,26,64,71,31,32,67,34,21,66,65,28,62
1554,45,38,5,51,40,37,12,19,44,11,43,50,6,16,4,14,17,55,35,3,36,48,2,8,18,52,41,49,46,9,30,69,70,34,24,65,27,31,71,25,22,67,32,68,26,33,62
1555,35,52,11,3,10,4,54,1,2,49,46,45,42,37,5,9,18,12,19,57,16,59,44,50,40,14,6,41,51,60,21,23,63,65,71,32,33,34,27,24,28,62,68,30,25,66,26
1556,19,51,59,16,6,40,37,48,7,20,15,3,44,2,9,61,13,10,50,14,1,8,53,11,17,52,38,18,57,49,28,27,70,26,65,24,25,34,69,62,22,71,68,32,72,64,67
1557,20,4,49,37,39,3,52,42,19,56,9,2,10,44,61,35,7,48,43,46,55,59,15,36,53,6,60,41,18,5,25,23,28,72,26,70,22,66,64,62,31,27,67,30,68,24,21
1558,59,3,37,61,53,2,42,56,40,7,16,6,10,9,36,60,57,48,11,47,19,35,39,20,50,4,45,17,18,14,67,66,62,24,71,64,63,23,25,32,33,65,28,26,21,69,27
1559,47,16,5,35,51,18,58,45,43,54,46,3,6,20,11,7,42,12,1,56,37,19,50,55,4,14,10,2,36,38,70,63,21,30,23,22,29,34,28,67,68,27,25,33,72,31,65
1560,17,16,13,54,38,36,49,52,5,57,8,42,39,11,48,2,37,1,12,15,47,6,19,45,18,58,53,9,40,44,25,33,66,63,22,69,64,31,67,32,21,68,34,71,28,26,30
1561,61,9,35,19,1,6,45,17,12,46,54,36,52,48,4,58,49,53,42,57,47,5,20,15,13,14,59,2,11,37,22,28,67,29,23,21,33,30,66,27,65,72,69,68,62,24,71
1562,14,8,48,46,18,19,43,50,37,38,16,3,7,12,36,42,13,6,58,5,49,53,17,57,54,56,11,4,20,59,62,66,71,25,32,69,65,64,27,67,24,33,23,26,70,34,30
1563,40,52,56,37,6,7,19,61,59,16,42,45,41,55,46,38,53,15,13,50,17,3,11,58,36,39,51,18,54,48,28,68,70,30,63,62,23,21,72,33,26,29,27,66,22,25,34
1564,8,4,36,60,11,51,46,10,50,53,14,40,37,59,45,9,47,42,6,1,39,18,58,41,35,56,2,61,54,13,63,30,67,29,24,23,31,27,66,71,70,34,68,33,62,21,69
1565,59,42,16,14,17,6,12,20,40,46,45,9,10,48,35,61,60,18,5,57,2,11,1,53,37,43,4,56,7,54,62,69,30,24,25,65,22,70,23,26,34,63,64,72,27,28,68
1566,50,16,39,48,40,8,53,54,4,37,57,7,51,55,43,9,38,42,1,60,41,49,47,59,19,15,2,3,20,56,29,65,22,71,66,31,67,62,21,68,28,34,30,24,25,26,23
1567,1,41,8,57,3,9,52,12,53,40,59,61,56,16,4,44,42,48,18,10,15,45,36,50,13,39,7,55,47,51,22,62,30,66,70,21,71,31,33,32,65,23,26,27,68,67,69
1568,47,12,20,17,56,45,15,5,8,41,49,55,36,51,39,6,59,2,58,38,19,40,43,53,52,48,44,3,18,57,29,65,21,24,23,27,67,30,72,34,28,22,64,25,33,71,62
1569,4,47,45,20,36,35,48,54,58,52,49,8,5,17,55,15,14,44,38,37,46,2,10,19,40,42,43,56,13,57,72,31,28,21,68,62,65,69,22,64,27,23,32,26,24,63,71
1570,2,42,5,48,6,61,50,11,58,41,37,12,10,56,4,14,55,9,20,36,45,51,35,53,39,44,60,17,13,7,29,63,33,71,22,21,25,31,23,26,68,34,65,32,24,64,30
1571,43,8,48,37,4,6,58,14,52,42,49,7,54,20,50,38,13,9,18,2,3,61,11,15,45,56,57,51,17,44,33,26,69,34,62,32,30,63,31,21,72,68,65,70,66,71,27
1572,7,18,9,50,20,39,42,41,49,53,56,60,1,6,40,43,37,11,2,36,45,12,35,54,19,51,15,3,52,58,34,64,68,33,23,62,67,26,70,28,30,69,32,27,25,72,63
1573,49,9,42,36,12,14,13,18,61,5,55,54,1,58,37,6,47,52,3,48,15,10,57,4,11,56,46,43,19,41,72,63,30,67,64,22,62,21,28,33,24,68,23,32,70,34,71
1574,4,42,51,19,2,50,18,6,47,39,20,10,17,58,54,15,60,46,35,1,36,9,57,3,56,11,49,59,7,48,31,64,28,34,70,27,71,25,65,63,21,67,26,30,66,62,69
1575,61,56,39,36,20,49,41,19,16,53,59,15,47,11,37,17,55,1,42,35,44,7,4,8,45,2,38,6,14,50,34,70,22,62,31,69,72,65,71,25,27,26,23,24,67,33,21
1576,45,7,52,46,4,44,16,35,18,10,57,17,47,61,1,11,54,19,3,38,58,5,50,9,20,43,48,36,60,42,34,24,25,26,30,31,66,70,71,29,28,22,65,32,72,23,64
1577,15,53,20,1,2,36,19,12,57,61,51,40,17,35,5,3,18,54,43,4,38,47,52,11,45,13,8,6,55,37,26,66,34,64,32,70,67,29,23,24,31,69,68,25,33,22,21
1578,11,52,19,50,45,46,39,12,3,8,43,7,47,53,14,56,2,60,36,9,35,44,15,13,5,18,61,38,42,59,64,62,68,28,29,70,69,21,65,30,26,32,27,24,22,34,66
1579,47,58,12,60,2,7,42,17,13,51,52,59,46,40,3,38,48,55,39,20,4,50,6,54,53,61,56,49,8,19,68,30,29,70,24,65,28,33,71,21,67,34,64,31,26,69,66
1580,16,11,13,55,46,60,10,48,37,36,61,57,3,4,51,47,20,39,40,41,59,14,53,7,45,56,54,19,5,15,29,67,63,23,28,32,65,34,69,27,26,72,70,64,25,30,68
1581,37,61,42,13,50,10,4,6,7,18,38,60,19,45,12,48,5,17,15,49,54,3,36,20,16,58,2,43,53,47,25,21,64,33,70,30,32,29,71,22,72,65,67,31,63,24,34
1582,18,45,2,36,20,37,13,7,54,49,14,11,8,59,40,51,43,58,57,47,19,9,52,6,12,60,3,5,16,61,71,21,70,66,64,69,72,28,29,33,62,34,23,68,25,67,65
1583,48,14,58,50,3,12,43,54,45,15,6,8,59,9,4,16,38,2,52,56,60,20,13,37,36,47,35,41,11,42,25,70,27,23,71,67,34,26,63,68,65,24,72,22,21,30,32
1584,3,40,44,41,37,16,15,42,51,6,36,13,38,35,59,10,48,43,5,12,7,8,57,49,53,55,46,54,1,45,22,26,21,25,67,63,72,32,31,30,66,68,29,64,70,23,62
1585,2,15,5,38,17,48,3,18,40,36,59,7,14,45,43,19,50,56,8,55,46,44,39,12,16,53,47,1,35,11,65,30,68,32,26,24,34,25,72,64,33,29,63,31,21,27,69
1586,60,17,16,58,56,11,18,49,40,5,3,41,46,51,61,20,37,1,42,55,12,19,48,9,54,2,38,53,14,8,25,72,34,27,70,24,64,31,66,65,32,23,26,62,68,22,33
1587,59,40,58,49,12,39,54,50,9,19,37,36,7,5,56,55,45,61,14,48,17,13,46,4,2,20,35,41,18,43,70,34,29,66,26,71,31,24,67,32,22,33,62,69,65,63,25
1588,41,17,61,39,38,15,19,6,35,60,57,50,49,14,58,13,55,44,5,40,36,9,4,12,51,48,37,18,8,53,71,33,27,28,31,29,72,65,30,64,32,67,26,23,63,66,69
1589,19,6,4,52,11,57,55,48,17,37,49,50,47,59,5,45,58,1,14,8,41,43,20,56,13,60,16,35,51,54,68,66,28,70,64,21,27,29,23,25,65,32,63,26,31,33,34
1590,48,2,15,16,60,38,4,40,58,13,5,43,49,44,39,1,37,47,59,57,35,36,10,61,18,53,46,52,19,45,22,68,66,26,33,32,70,69,27,21,28,29,34,71,67,31,62
1591,41,56,55,44,46,35,1,19,49,40,47,58,12,10,8,52,61,7,16,36,13,14,4,50,45,9,42,54,20,5,26,62,67,71,31,66,68,70,69,25,28,64,21,63,24,29,72
1592,6,55,39,9,16,8,2,40,45,5,18,47,61,43,17,60,49,36,4,52,1,35,54,53,50,19,20,11,37,46,27,28,63,29,62,31,34,21,67,24,70,23,32,26,65,25,33
1593,56,2,51,14,16,59,54,9,55,4,47,50,41,35,12,15,5,11,36,8,42,45,17,10,57,39,6,53,52,40,71,28,24,33,64,27,23,29,34,21,69,70,72,66,63,67,30
1594,16,39,14,54,15,55,10,19,20,36,52,2,17,42,45,44,6,5,51,35,49,13,8,57,4,7,3,53,1,43,21,25,27,31,62,29,72,23,65,67,24,22,68,70,63,28,32
1595,52,61,40,58,43,7,57,59,5,19,1,18,17,50,45,53,37,13,36,2,42,51,4,35,14,41,3,39,47,16,69,64,62,65,24,31,27,72,33,22,25,29,23,34,63,30,28
1596,37,56,10,14,17,57,42,1,18,39,11,58,12,20,13,35,50,4,60,47,43,7,46,3,2,49,54,53,51,36,62,34,72,31,70,69,63,22,68,33,26,65,30,21,28,71,66
1597,38,15,41,59,53,17,39,54,50,60,47,56,1,4,13,6,46,49,51,8,40,20,37,12,14,55,2,5,7,36,34,30,32,29,66,64,22,28,69,33,68,70,67,26,62,23,25
1598,8,4,39,38,58,48,10,57,47,35,46,9,5,6,11,18,37,17,53,59,44,1,51,19,54,20,52,55,45,13,29,27,63,67,31,71,25,22,70,69,32,24,23,65,33,72,64
1599,55,4,38,18,43,60,50,48,8,12,41,1,3,35,9,51,19,40,7,17,54,36,52,13,49,20,59,5,10,44,22,67,68,23,34,21,72,63,69,24,25,65,26,33,62,70,31
1600,7,18,54,20,49,46,60,45,15,58,42,43,52,40,9,48,38,41,19,1,55,2,5,47,37,17,12,44,59,11,70,29,66,31,67,24,69,68,33,27,63,22,72,34,25,64,30
1601,7,52,14,13,55,47,54,49,60,19,42,16,56,39,38,59,2,36,11,4,43,45,46,20,51,10,5,6,3,18,33,22,31,63,26,66,69,65,68,70,30,29,21,28,23,25,62
1602,16,38,55,11,49,58,50,41,56,57,4,60,10,42,61,14,2,53,54,36,46,35,9,6,13,3,51,47,17,12,72,32,62,30,25,26,24,29,33,34,68,22,27,65,28,67,66
1603,36,15,35,10,55,13,17,56,58,45,59,8,46,38,61,40,51,52,43,11,9,60,20,14,41,44,54,5,57,6,72,34,63,67,23,27,32,33,65,70,24,30,29,21,28,66,71
1604,59,2,48,10,43,5,18,39,41,4,45,8,9,37,58,38,15,13,36,7,51,19,61,40,49,50,57,16,47,3,33,23,28,72,30,63,70,64,24,21,22,69,62,25,66,68,26
1605,15,4,57,36,41,52,2,8,42,51,56,11,60,6,20,10,45,58,61,12,35,18,54,39,37,53,48,55,59,3,71,65,28,29,69,64,24,27,70,34,32,33,25,66,30,67,23
1606,18,50,42,13,8,1,17,57,45,9,41,46,20,55,5,2,52,53,51,39,7,14,38,43,10,61,48,35,44,49,70,31,33,72,68,26,71,22,67,28,34,27,25,29,64,23,24
1607,2,4,39,61,58,42,45,49,57,50,52,20,51,18,59,37,16,46,41,8,55,47,9,10,5,13,38,48,36,14,62,69,32,65,34,67,24,70,21,71,68,25,72,66,29,31,30
1608,6,10,42,5,57,17,41,56,45,60,1,43,3,8,38,50,48,37,12,52,19,44,36,47,20,13,7,35,4,51,64,67,30,68,25,62,70,31,66,29,65,69,26,23,34,32,28
1609,35,51,61,39,36,54,2,3,5,59,16,12,13,6,4,7,18,58,20,49,44,45,9,19,1,38,53,47,52,14,28,65,24,72,71,23,32,25,31,67,34,22,64,33,26,63,66
1610,37,2,17,20,56,13,49,50,54,44,45,19,55,36,14,5,43,53,18,4,46,52,48,35,42,1,9,47,38,16,63,72,69,21,68,70,27,65,30,62,64,22,26,25,67,71,33
1611,6,54,45,15,13,46,2,3,39,7,44,4,18,43,14,36,42,10,16,48,40,58,61,57,11,17,12,52,60,5,69,66,62,26,24,34,71,25,32,68,33,21,22,67,64,29,63
1612,8,37,9,2,50,15,41,5,56,1,57,35,17,14,7,54,18,60,39,40,44,49,16,4,20,38,45,51,55,52,67,66,33,27,26,71,65,72,64,69,32,34,31,70,25,28,22
1613,48,17,44,42,41,58,19,13,51,53,20,46,52,8,35,2,57,61,37,18,40,5,56,14,10,15,4,3,43,59,32,33,72,71,62,67,24,70,23,29,34,28,68,27,69,22,66
1614,45,52,36,6,53,18,39,4,60,19,44,35,61,5,57,14,10,13,46,38,48,16,41,59,11,15,40,51,20,50,24,71,63,34,30,67,32,29,25,26,65,31,70,33,68,64,21
1615,3,18,19,11,56,49,42,54,17,50,44,16,60,61,47,15,14,5,37,13,46,51,38,45,39,10,57,52,9,4,67,27,26,65,31,34,63,68,23,66,62,24,28,21,22,33,72
1616,54,61,52,53,47,5,46,20,60,17,56,42,3,15,57,13,59,6,58,39,9,43,4,41,55,49,40,36,38,51,71,63,34,21,70,68,23,26,62,32,28,27,66,69,64,67,72
1617,15,1,4,14,39,43,61,7,40,53,19,5,6,52,56,8,2,54,35,11,60,47,37,16,13,50,3,41,10,51,68,66,30,65,32,71,31,63,29,69,28,33,67,22,72,26,27
1618,6,41,36,45,17,61,2,11,10,19,55,38,50,13,58,5,14,15,7,56,43,48,46,40,60,16,3,12,1,49,64,65,63,26,21,71,72,32,30,27,28,29,25,67,31,34,24
1619,13,19,51,5,35,60,46,53,43,39,10,56,42,18,12,49,4,57,55,38,48,58,7,20,6,9,2,45,47,1,62,32,65,71,21,66,70,23,30,34,33,63,24,69,64,72,28
1620,12,57,40,44,42,48,18,14,50,41,45,4,56,55,36,49,5,3,20,59,35,19,54,11,16,2,1,58,17,8,24,65,26,67,29,28,23,63,71,30,66,69,70,31,33,64,25
1621,49,58,5,47,40,61,16,19,35,45,17,36,48,3,1,4,39,41,51,8,43,37,12,46,56,55,59,10,57,2,32,22,69,72,25,65,70,31,64,66,63,33,28,62,71,27,68
1622,37,6,41,15,57,61,49,1,53,10,46,38,51,13,48,4,35,45,12,50,3,36,60,8,14,44,54,5,9,39,24,22,32,69,30,71,72,64,25,29,65,34,67,70,31,66,62
1623,9,37,11,8,2,35,38,12,60,58,47,49,19,52,46,10,17,48,53,59,14,42,5,16,36,55,45,3,6,44,22,23,32,34,24,25,67,28,63,68,33,62,30,31,71,70,21
1624,15,6,49,36,56,35,43,59,47,54,40,19,37,16,2,39,20,13,17,57,55,48,50,58,8,11,45,1,7,5,28,72,29,34,62,25,69,26,22,67,27,71,21,68,66,33,23
1625,48,20,41,59,10,12,6,38,60,13,45,2,11,43,47,37,46,1,35,8,17,58,57,39,9,56,36,18,5,51,31,23,34,22,63,69,21,67,27,24,29,64,30,71,33,70,72
1626,3,12,49,38,17,37,60,14,53,10,4,16,7,42,20,19,41,58,11,43,39,8,1,54,55,57,40,6,5,48,33,62,69,30,32,65,28,70,25,66,63,27,26,23,22,34,31
1627,46,1,20,10,3,40,39,49,53,7,17,56,35,16,59,55,61,14,57,12,52,19,11,6,4,47,15,38,48,58,66,28,27,31,26,63,29,30,21,72,62,24,32,67,68,70,64
1628,40,3,38,56,19,16,49,36,6,45,39,35,41,44,59,12,42,52,9,18,54,48,13,57,60,8,10,58,7,55,69,68,31,62,22,21,29,30,70,67,72,65,34,25,24,71,32
1629,2,11,19,51,44,9,56,6,41,10,7,60,1,45,35,61,59,46,50,38,54,4,37,55,58,12,18,8,20,57,63,27,25,62,67,70,30,24,66,29,23,26,65,33,71,21,22
1630,19,45,47,5,41,54,7,40,46,12,2,18,42,38,56,50,3,4,57,35,48,37,6,8,52,59,15,44,58,9,29,21,28,24,22,71,62,69,26,68,67,33,23,65,25,66,31
1631,14,9,51,38,45,46,40,58,7,36,57,35,18,55,5,60,1,52,49,6,19,37,11,54,39,4,3,44,17,61,32,26,24,67,63,64,22,70,27,23,71,34,62,72,33,69,28
1632,5,8,11,45,6,18,19,55,51,9,1,44,40,3,4,59,52,20,35,14,15,48,49,58,38,37,50,41,7,53,29,33,23,67,28,63,22,66,24,34,25,72,27,71,21,65,26
1633,5,49,37,58,52,6,45,55,36,16,3,51,54,47,61,60,17,46,39,15,8,48,35,2,43,9,53,40,10,57,25,72,68,71,23,26,62,66,34,30,24,63,29,33,21,65,27
1634,3,36,61,17,7,37,44,55,2,46,52,48,42,15,39,19,16,43,1,11,56,57,54,8,40,51,59,9,50,58,25,62,71,24,65,69,27,31,26,21,70,32,63,66,30,64,34
1635,7,58,8,56,59,40,9,10,43,35,18,2,17,1,13,50,37,55,20,42,53,4,45,36,12,51,57,44,52,41,63,29,68,67,69,64,71,66,70,27,23,24,65,21,31,28,62
1636,48,53,57,56,5,40,43,17,36,10,45,61,1,60,9,39,37,55,16,13,49,54,15,35,41,51,11,18,42,14,33,24,23,66,69,68,34,26,72,32,21,67,70,27,31,65,29
1637,59,10,48,38,35,8,7,6,19,12,3,41,51,45,1,5,18,4,43,58,55,46,57,13,2,52,37,36,56,50,31,72,26,21,62,23,25,32,28,71,67,27,33,64,34,69,66
1638,15,56,55,40,12,38,37,16,54,4,52,19,61,8,45,10,43,14,48,5,11,58,57,46,53,1,49,59,42,47,21,64,62,63,67,26,25,29,70,65,32,23,68,22,31,30,28
1639,36,40,43,58,39,49,12,14,56,45,19,4,52,47,59,35,6,15,46,38,61,20,1,7,13,16,17,41,44,51,71,25,70,24,32,21,69,28,68,65,33,30,64,22,63,26,23
1640,48,37,61,4,58,1,49,40,43,53,19,54,55,39,45,41,47,46,13,6,35,38,36,44,56,12,18,16,14,15,64,62,63,22,33,30,26,21,31,70,24,23,27,68,32,67,65
1641,16,56,9,6,7,54,17,42,53,46,12,13,38,14,35,60,37,55,50,40,44,1,19,48,49,47,36,10,4,15,23,26,24,25,63,28,72,67,30,62,66,71,64,22,65,69,70
1642,35,56,4,41,5,13,59,19,55,14,58,48,3,45,39,51,15,18,38,36,37,42,9,54,50,2,10,20,1,60,71,64,66,69,24,70,26,33,21,34,62,63,65,22,23,25,28
1643,43,2,58,60,44,13,53,8,4,52,50,1,14,55,15,56,36,61,45,51,40,39,6,19,41,5,59,9,38,54,68,63,31,62,25,72,64,26,66,32,34,22,28,67,71,24,33
1644,58,60,54,6,51,43,19,56,55,41,20,44,2,16,52,37,50,57,15,35,1,46,40,4,9,47,8,42,12,38,72,25,33,29,32,69,71,24,65,67,22,64,21,62,31,23,27
1645,7,54,3,43,44,53,42,13,8,40,17,36,51,19,55,41,60,47,9,14,12,39,2,58,46,52,10,56,6,57,30,66,32,67,29,34,72,27,62,69,21,23,25,33,64,63,26
1646,35,5,14,52,15,3,16,42,59,56,13,1,43,49,50,36,12,2,11,55,47,54,37,8,58,57,60,10,19,38,34,27,22,26,28,66,25,68,62,24,72,33,67,71,63,29,32
1647,45,7,54,47,20,4,16,13,8,51,43,3,61,35,38,5,1,49,50,57,56,11,9,48,17,14,46,2,60,59,30,28,68,29,23,72,70,24,27,33,34,22,71,65,62,25,21
1648,37,11,3,41,16,60,15,17,56,36,52,47,61,46,45,4,2,8,9,38,18,55,10,6,50,44,43,58,42,53,24,33,34,68,28,67,23,65,64,30,32,71,29,69,22,66,25
1649,55,6,61,60,44,48,46,4,15,36,42,39,47,11,8,38,17,20,3,53,54,41,5,1,51,50,40,2,7,58,31,34,67,63,21,26,29,69,71,62,22,66,25,32,70,28,64
1650,2,54,36,41,6,1,49,57,20,46,19,61,12,50,35,43,58,8,38,14,13,11,10,44,52,45,18,39,56,5,28,70,68,27,21,24,30,34,23,26,69,64,66,22,72,32,33
1651,57,44,51,54,58,53,5,36,14,60,47,6,13,18,3,4,45,7,55,15,2,48,39,11,37,40,46,10,41,42,25,68,33,67,64,63,69,29,28,71,24,34,32,65,30,62,72
1652,17,37,11,18,15,20,5,53,10,41,8,16,38,44,55,52,58,19,46,39,7,42,3,47,12,4,45,59,48,50,27,62,32,72,71,30,21,66,33,34,22,70,31,29,24,26,69
1653,58,59,6,16,52,20,35,45,41,14,38,44,46,48,12,8,2,49,50,60,10,13,15,40,61,51,11,54,19,4,64,33,62,22,34,70,66,27,72,31,29,25,65,67,28,23,71
1654,50,44,7,56,48,36,58,5,8,16,10,11,55,2,17,59,14,51,1,60,61,39,9,54,43,3,42,52,15,20,21,30,24,28,72,66,22,31,33,71,67,65,27,69,23,70,62
1655,53,61,49,55,39,41,11,45,13,58,15,2,18,6,16,1,8,48,50,4,9,54,37,57,35,5,56,51,44,10,21,25,71,31,24,23,29,26,63,34,28,70,69,64,68,32,33
1656,6,36,15,41,59,60,45,3,55,1,12,51,13,57,19,7,49,43,9,4,20,48,17,8,52,16,18,61,11,10,30,29,70,26,64,23,67,63,68,72,34,62,21,66,31,32,27
1657,2,54,39,46,53,48,55,45,35,1,50,14,40,57,51,42,16,10,38,44,8,61,52,43,60,12,4,3,47,11,71,24,72,31,70,25,21,62,34,68,66,65,67,28,63,32,69
1658,7,56,18,4,38,8,58,15,57,61,47,1,3,46,9,12,14,53,2,36,35,40,44,39,10,50,13,5,17,6,69,71,28,32,34,63,27,33,64,67,24,29,26,31,65,62,72
1659,52,40,54,60,55,36,7,41,42,39,12,47,3,18,53,57,51,9,49,11,50,37,46,38,19,14,58,44,13,59,27,63,31,33,28,70,64,65,26,69,66,72,24,30,23,34,67
1660,58,4,12,50,43,52,20,10,39,49,40,42,15,19,13,60,2,5,11,18,7,14,47,16,6,38,3,46,35,41,30,26,64,66,34,29,23,28,65,33,63,27,67,69,21,71,24
1661,8,40,19,11,56,7,20,5,58,12,46,45,48,44,51,18,9,49,54,3,53,2,14,42,57,6,61,10,39,16,69,68,24,25,31,72,71,63,29,33,22,32,28,26,64,27,70
1662,17,44,36,61,50,54,56,8,11,43,20,14,19,59,51,39,7,46,58,5,15,38,52,18,40,4,41,45,9,35,30,24,71,62,32,65,25,72,33,28,27,34,70,68,29,26,63
1663,38,42,41,1,40,15,52,46,16,39,35,19,14,51,44,53,5,50,17,45,57,59,20,36,7,10,47,37,61,58,33,32,64,25,67,30,62,27,31,21,69,26,28,71,66,65,24
1664,17,19,14,20,43,46,61,12,7,40,50,38,18,9,47,35,36,52,6,8,58,1,13,56,51,3,4,45,44,60,34,23,21,66,24,70,64,25,32,29,62,72,65,71,30,31,28
1665,36,59,40,12,54,55,4,58,35,57,48,61,19,49,56,50,60,6,9,47,16,10,15,39,51,43,2,41,44,53,21,70,65,69,63,24,25,33,67,29,62,64,71,27,66,22,32
1666,36,49,1,19,48,10,35,3,9,59,52,40,50,58,53,43,13,56,55,46,6,44,2,47,7,4,12,11,61,20,24,25,23,28,71,32,67,33,65,69,68,22,27,64,70,62,66
1667,16,6,4,37,42,60,40,36,59,18,47,54,45,12,20,19,50,44,57,11,5,1,39,51,58,3,14,38,41,43,69,27,28,64,33,66,62,71,72,24,34,63,23,32,21,31,67
1668,52,3,14,51,60,7,10,47,46,4,56,44,16,48,50,19,8,20,45,43,12,55,42,2,39,59,36,53,13,1,25,28,21,67,30,70,24,27,71,32,31,68,65,23,34,33,63
1669,38,44,45,10,48,19,1,60,52,7,11,18,4,3,46,13,5,8,51,43,61,49,41,54,37,9,16,14,36,6,25,30,69,64,32,63,71,31,68,66,27,26,29,23,28,22,24
1670,56,41,8,19,11,36,57,35,14,60,5,20,39,10,59,12,42,1,7,55,52,37,2,17,3,18,40,44,38,13,33,26,25,23,69,21,24,63,29,65,67,72,34,66,27,64,70
1671,16,41,14,10,61,50,2,40,3,56,44,39,47,9,19,35,13,8,4,42,58,52,48,17,57,15,36,43,7,49,65,29,25,30,32,27,69,63,24,68,64,26,70,34,21,66,67
1672,17,35,19,11,48,43,40,55,2,10,16,57,54,7,20,12,51,49,59,8,36,6,50,13,56,60,5,39,52,41,21,65,28,66,31,64,70,34,24,68,30,23,67,71,69,27,25
1673,43,45,16,12,13,19,50,38,48,56,60,44,17,52,10,53,35,20,59,41,8,46,4,40,51,11,42,9,49,55,71,22,34,68,64,63,62,70,33,31,28,23,27,29,25,69,67
1674,54,58,39,14,48,10,20,6,44,46,7,9,19,2,15,50,47,43,12,42,49,52,16,51,17,60,56,36,61,18,27,62,25,22,64,29,66,68,72,33,23,26,32,21,34,69,63
1675,35,40,39,43,19,20,45,1,11,50,15,42,44,16,9,41,53,52,55,4,61,18,47,12,5,2,60,57,8,46,28,66,65,71,24,33,27,70,68,72,67,32,62,63,30,26,21
1676,11,10,3,9,15,56,35,46,39,12,51,13,20,45,17,50,19,57,53,7,55,8,43,36,58,41,4,52,40,54,30,62,65,72,68,22,64,32,31,28,27,26,23,63,33,24,70
1677,56,59,4,54,36,50,40,11,45,16,10,15,46,61,6,3,48,51,12,44,20,5,9,55,37,58,8,2,7,43,29,23,71,21,72,64,26,66,34,67,28,68,25,65,30,63,32
1678,11,50,41,36,60,59,4,1,44,57,53,37,45,3,16,46,20,51,56,38,19,52,13,55,15,6,7,35,43,40,26,24,21,27,25,31,70,30,23,67,71,22,29,34,32,33,68
1679,35,59,6,45,46,44,4,57,60,9,18,48,7,38,53,43,12,56,52,55,11,51,61,19,8,58,36,14,2,47,66,24,28,23,29,65,64,70,22,26,62,21,25,33,63,27,32
1680,3,56,7,60,11,1,42,41,53,43,37,44,59,4,18,54,49,46,20,48,61,19,45,12,52,38,40,13,8,5,70,69,24,29,68,23,22,32,64,63,25,33,65,72,21,67,27
1681,20,14,42,50,46,5,39,4,47,8,45,1,18,55,44,60,43,2,48,41,52,16,54,19,37,11,35,13,6,56,70,69,66,71,72,22,26,62,67,63,31,30,64,21,28,65,25
1682,20,45,57,7,6,41,8,48,13,11,44,58,5,19,14,53,55,17,39,52,61,47,43,12,51,2,4,38,16,36,72,70,69,22,67,65,24,33,71,23,66,62,21,26,68,29,28
1683,56,42,3,57,43,49,16,20,54,35,45,18,38,13,39,11,6,17,61,46,44,55,41,40,50,7,15,8,47,5,65,34,33,26,22,63,69,31,68,71,62,66,32,64,72,28,27
1684,59,44,54,14,43,7,52,35,12,56,39,3,8,46,19,40,58,13,57,4,11,5,51,15,2,50,61,55,41,9,29,31,66,70,34,64,71,22,63,67,68,72,33,21,25,28,69
1685,47,11,3,35,59,18,45,13,55,44,41,56,14,42,8,7,53,52,49,58,2,19,16,5,20,54,61,57,43,4,24,64,29,22,72,31,21,71,28,26,34,68,62,63,23,33,66
1686,16,42,14,37,38,51,45,10,4,43,2,57,50,48,19,41,5,35,1,39,53,44,17,56,36,55,20,18,58,6,27,64,22,72,71,70,67,68,24,62,28,23,69,30,31,33,29
1687,55,40,56,10,43,17,61,57,8,44,48,20,51,39,7,38,3,58,14,52,41,5,45,6,19,37,4,18,12,36,65,64,66,23,71,63,27,22,62,72,68,33,29,34,31,28,21
1688,3,18,49,46,47,56,43,16,57,60,38,59,9,53,19,4,42,44,6,11,48,10,14,35,45,40,61,2,15,8,26,33,66,24,32,30,71,62,67,31,68,34,72,29,28,65,69
1689,2,52,45,18,57,38,36,51,43,56,19,8,1,13,39,55,50,48,11,4,58,37,40,53,47,7,15,3,49,17,67,68,33,28,23,27,70,32,26,29,71,25,65,30,22,69,63
1690,14,16,56,6,11,41,53,59,61,51,2,55,45,52,36,49,8,57,19,20,60,10,1,17,37,38,13,43,7,58,21,26,62,64,33,24,34,30,28,27,29,68,22,72,70,31,25
1691,11,40,14,48,52,16,61,7,47,36,38,41,50,59,37,1,20,60,43,6,54,53,45,35,3,18,13,9,55,2,69,24,34,66,62,72,25,64,23,29,71,30,21,28,31,67,65
1692,38,49,50,57,61,1,12,42,47,36,46,13,54,35,16,11,60,7,40,44,52,10,53,18,59,5,37,6,43,14,67,26,27,31,72,23,25,69,30,62,71,66,64,34,65,22,21
1693,57,48,6,61,1,42,10,52,36,4,50,58,12,18,45,3,49,51,41,47,60,55,14,53,59,8,15,16,39,5,70,72,62,71,69,64,25,68,30,27,26,33,67,32,21,28,34
1694,10,59,57,14,5,8,9,49,45,38,4,16,47,7,18,13,53,40,54,52,11,60,43,56,19,17,50,46,6,37,64,65,30,22,63,34,70,62,68,66,71,72,27,32,26,69,23
1695,61,59,15,9,45,58,6,2,47,54,55,48,44,56,37,50,10,38,19,42,11,35,20,51,60,5,3,39,40,13,71,66,34,68,33,26,23,72,65,32,67,29,21,64,69,70,62
1696,58,8,6,40,19,55,13,54,2,44,48,46,18,61,56,50,51,1,5,53,59,43,14,45,42,17,35,39,12,20,66,27,33,24,72,28,65,69,31,64,62,30,71,23,34,21,63
1697,58,8,10,51,43,15,4,49,50,40,56,39,11,7,37,42,1,47,41,6,5,44,17,61,48,20,55,52,9,13,68,21,69,66,22,29,26,71,30,27,28,62,72,63,70,65,31
1698,45,5,59,12,52,56,1,60,17,58,16,6,37,14,11,20,38,42,46,8,49,9,55,3,10,36,44,48,54,51,65,24,31,70,72,62,66,34,22,68,23,33,71,69,67,21,25
1699,16,4,58,37,45,59,49,17,19,3,40,13,20,9,38,42,7,5,15,50,60,44,36,56,8,10,39,47,11,18,72,29,70,21,32,33,30,63,28,31,27,68,62,71,23,67,69
1700,50,37,60,20,47,40,9,2,17,55,1,54,38,41,3,48,35,7,19,46,15,5,12,4,18,53,61,59,13,16,64,69,32,24,21,28,62,68,22,29,25,34,70,26,72,63,71
1701,37,57,9,36,51,49,1,44,10,17,53,43,52,39,55,41,60,54,2,50,13,38,35,46,56,7,14,8,42,6,27,26,21,63,34,62,65,28,69,67,32,22,23,24,25,70,33
1702,39,36,13,61,51,14,19,59,3,17,1,11,60,6,38,47,40,55,44,35,54,53,15,10,45,48,49,4,43,50,67,66,25,28,23,29,68,69,70,27,30,65,71,62,64,26,33
1703,61,18,58,39,56,48,17,42,55,45,5,2,44,19,13,9,41,14,12,40,10,35,15,38,8,50,57,7,46,37,31,33,68,67,71,28,64,21,62,70,34,29,72,65,32,23,26
1704,58,46,40,61,5,1,42,51,59,18,45,57,41,55,19,16,53,7,11,49,38,17,37,44,52,20,2,4,14,36,63,28,23,30,33,25,31,62,66,69,34,70,27,65,68,24,67
1705,41,10,56,40,46,36,2,54,9,45,42,6,48,12,19,44,61,49,14,17,11,16,38,8,3,1,60,43,47,55,32,65,66,29,22,62,63,31,23,34,21,27,28,64,25,30,70
1706,18,61,58,17,46,15,38,59,45,53,35,8,39,10,37,3,43,55,56,44,41,14,19,42,52,57,16,49,5,50,33,21,65,24,69,68,34,27,26,71,66,70,72,64,32,25,67
1707,10,58,53,12,8,11,50,17,44,16,52,46,43,54,18,9,59,4,49,57,47,19,39,5,48,61,35,13,55,40,65,72,26,66,24,34,25,69,30,28,63,22,67,62,70,27,33
1708,50,6,10,15,8,14,49,2,18,41,46,55,44,13,40,45,54,9,53,4,43,5,20,3,16,39,19,58,35,11,34,64,25,65,72,70,68,22,28,62,27,33,30,66,31,63,32
1709,41,54,46,17,36,57,38,51,47,40,6,19,12,50,20,15,55,3,16,4,11,18,59,58,7,2,43,60,45,5,24,62,69,34,67,29,22,71,21,23,72,66,27,68,28,25,31
1710,10,16,45,17,20,8,48,53,37,18,4,6,52,57,58,41,43,11,42,46,60,40,39,47,56,59,54,35,49,12,31,26,28,22,21,23,63,69,72,24,32,68,71,27,70,65,34
1711,42,57,3,35,16,54,40,44,52,5,58,61,10,45,8,39,12,18,37,56,2,17,41,7,43,9,47,15,53,55,24,34,29,32,63,25,68,64,66,65,70,26,21,33,69,27,67
1712,61,60,53,16,51,47,2,15,6,44,56,45,41,7,8,55,49,18,20,9,42,10,50,59,17,38,12,37,39,46,21,25,27,30,67,72,28,64,23,22,26,32,33,24,62,71,70
1713,59,51,7,43,53,57,45,10,11,5,8,49,37,58,15,2,55,9,61,35,52,12,54,4,1,41,38,3,42,18,27,63,24,71,22,33,66,70,62,68,31,21,64,69,65,26,72
1714,53,60,35,15,45,38,7,19,3,43,17,6,13,41,20,9,12,47,52,57,59,51,49,42,4,10,37,58,48,39,65,68,69,34,32,66,29,26,21,30,22,67,70,23,62,31,63
1715,38,50,58,55,43,14,39,10,44,9,40,20,36,60,45,18,8,59,48,46,53,17,52,6,3,7,13,56,61,2,65,31,27,72,32,29,25,63,24,67,22,69,21,68,23,33,26
1716,14,18,8,52,53,19,46,7,9,43,4,57,54,38,3,36,1,45,58,56,13,16,48,51,20,59,39,37,15,42,29,65,33,25,72,24,26,32,71,34,22,28,27,23,64,62,69
1717,17,4,15,40,18,5,13,2,53,57,47,12,7,1,51,38,44,46,59,37,36,20,42,16,60,56,6,14,39,9,33,71,30,23,27,62,25,63,22,72,31,68,64,32,67,65,66
1718,7,35,53,20,56,17,15,1,51,54,52,57,40,36,47,19,8,49,42,11,10,43,9,4,55,6,5,37,2,60,72,23,70,34,27,29,32,33,67,64,25,30,26,24,66,28,65
1719,2,18,42,19,5,39,52,3,58,9,40,12,44,37,55,59,13,49,10,14,61,17,43,41,6,45,46,20,48,38,68,27,24,28,31,21,65,29,62,30,33,22,67,34,66,32,64
1720,2,9,39,18,44,12,14,4,35,56,45,50,20,46,36,10,13,43,19,41,61,59,55,58,7,49,16,6,47,5,34,32,25,72,24,71,28,63,26,33,21,65,66,27,22,70,69
1721,18,6,2,38,60,36,3,61,5,40,7,17,20,50,12,42,46,55,52,53,37,59,19,58,51,9,15,4,1,16,62,66,68,30,63,25,64,29,32,71,24,31,67,65,70,33,69
1722,40,17,55,4,50,46,9,36,58,3,39,41,35,61,2,14,51,48,13,1,7,15,19,42,37,18,11,6,43,10,30,22,23,25,68,27,28,29,32,65,21,69,71,62,64,63,67
1723,52,53,51,60,50,54,57,13,44,38,12,4,37,59,49,61,45,3,14,9,46,19,55,20,1,8,41,6,11,7,64,22,69,68,24,63,71,66,65,32,25,23,72,29,62,31,70
1724,59,50,44,48,42,60,51,43,18,39,12,47,8,36,49,2,19,1,61,20,52,57,41,13,4,45,6,46,58,38,66,65,67,30,22,33,63,26,32,24,25,70,69,23,34,31,21
1725,36,49,4,11,56,57,13,54,2,20,19,41,51,3,50,9,52,39,61,18,38,45,59,43,10,55,6,12,53,44,67,69,27,63,71,23,29,62,33,21,68,70,25,24,32,30,64
1726,19,37,47,2,16,3,44,54,36,48,45,39,10,17,13,58,35,51,11,4,8,38,41,49,6,1,7,43,59,18,68,62,70,29,24,23,72,63,71,64,32,26,65,27,69,28,31
1727,46,15,49,57,14,44,16,20,45,19,36,43,2,35,47,1,48,56,11,50,54,61,37,51,38,59,13,6,3,7,69,33,68,31,29,27,30,70,65,72,62,71,63,22,24,23,21
1728,37,10,9,42,50,4,59,1,3,17,20,35,7,45,57,52,8,46,6,2,41,43,15,58,38,39,49,5,36,48,64,27,63,22,21,23,69,71,34,66,30,33,68,25,70,32,24
1729,15,3,17,49,36,40,18,55,56,2,52,1,19,57,41,6,45,39,58,9,42,38,46,7,4,10,54,14,48,61,64,72,67,28,68,23,70,26,25,21,30,63,33,34,71,31,29
1730,16,41,49,11,53,46,44,13,7,48,57,15,45,40,47,3,58,59,56,20,36,8,43,9,61,54,10,60,12,6,72,32,26,67,34,23,69,24,68,30,65,63,66,33,71,29,21
1731,46,1,57,61,5,36,6,19,13,40,43,48,7,16,55,11,9,49,17,41,14,15,18,39,20,50,35,47,12,60,28,69,63,64,32,71,21,29,66,70,31,67,25,34,62,65,33
1732,35,9,42,3,54,19,44,17,37,14,50,4,8,38,39,46,56,47,49,2,11,57,55,48,5,41,12,52,6,7,71,24,67,65,34,64,21,32,25,63,72,66,27,68,29,23,30
1733,2,42,51,41,35,38,14,7,16,36,9,45,44,53,61,15,6,46,50,19,60,4,54,58,12,8,48,52,37,13,24,23,26,30,72,28,62,71,32,22,64,63,33,67,27,70,66
1734,60,46,40,37,55,8,49,17,50,56,39,43,6,38,1,58,41,12,13,11,10,48,44,16,3,47,51,5,2,45,25,64,67,29,66,22,72,71,27,26,28,30,62,68,63,31,65
1735,59,19,42,17,35,36,4,48,2,45,49,5,15,16,18,58,51,54,40,1,55,47,41,52,43,37,46,61,8,57,23,21,34,71,62,31,64,28,66,33,68,26,22,29,70,24,72
1736,41,50,9,38,3,12,35,2,58,49,48,19,11,13,10,51,1,4,60,7,6,39,17,42,53,43,18,55,14,5,72,66,67,65,28,33,34,69,24,30,71,26,63,64,68,29,32
1737,58,41,1,59,39,17,60,20,46,61,8,5,19,47,2,45,49,51,56,12,13,55,18,36,16,42,14,44,6,37,26,69,32,34,27,23,24,31,28,65,29,25,62,22,21,70,71
1738,54,57,11,39,41,43,2,56,8,12,10,58,42,13,35,47,46,52,1,37,15,9,53,7,48,19,38,14,17,40,72,27,69,23,31,63,71,66,24,64,22,25,26,33,30,29,67
1739,18,16,61,35,7,11,59,53,50,57,40,9,41,17,46,20,5,60,12,15,14,37,43,45,56,48,58,38,54,39,34,70,32,68,29,62,23,63,31,22,27,66,71,24,72,25,67
1740,20,10,50,44,2,58,51,38,35,19,56,47,49,8,13,61,3,40,36,48,39,43,15,45,46,54,4,60,5,52,32,28,23,34,27,66,68,22,24,62,64,33,30,31,21,29,63
1741,4,7,38,6,41,50,44,55,48,18,11,1,2,61,15,60,59,20,35,54,12,36,49,5,46,43,42,37,58,17,24,62,32,71,67,66,72,21,28,68,65,31,29,30,26,63,25
1742,15,10,49,56,53,35,38,40,41,55,20,59,51,19,11,45,6,12,17,43,2,13,9,52,36,5,57,4,60,61,72,28,26,25,69,34,22,63,70,67,68,29,65,62,66,27,31
1743,52,5,57,61,49,16,43,51,17,55,42,11,46,1,35,48,54,58,18,53,39,20,47,56,38,45,60,8,13,9,23,67,22,69,64,65,21,25,34,72,29,24,70,63,26,62,71
1744,4,48,55,37,56,43,41,53,9,59,36,47,19,54,35,38,1,51,10,3,40,20,14,8,49,13,5,18,39,42,30,66,69,62,27,32,21,31,28,29,67,70,64,65,22,26,33
1745,9,38,53,57,11,43,45,16,6,40,48,10,20,52,54,59,51,47,61,17,2,15,44,42,50,60,5,4,1,39,66,25,64,68,62,72,22,71,30,69,34,67,26,23,24,27,32
1746,46,11,47,58,17,50,44,15,1,19,48,39,38,45,51,53,43,18,35,61,49,4,13,55,57,20,7,2,52,41,67,21,32,25,69,24,29,71,26,23,34,64,65,28,62,63,30
1747,41,61,1,18,42,3,39,15,47,44,46,2,49,7,5,57,9,20,55,54,11,60,13,35,40,37,16,6,43,56,70,65,68,30,31,29,21,33,66,64,34,32,63,72,24,62,23
1748,42,38,57,47,55,60,4,5,20,16,7,59,48,15,18,14,3,61,51,2,52,35,9,53,1,44,12,13,43,54,70,66,71,33,34,31,24,68,65,30,64,32,62,69,23,26,27
1749,58,57,59,53,40,10,35,12,49,18,2,55,43,42,56,16,6,47,37,14,19,4,44,1,41,5,7,17,51,11,30,32,69,71,34,24,64,67,22,23,28,68,31,27,25,72,63
1750,56,61,36,53,20,39,35,60,44,10,7,47,59,51,14,42,41,19,40,9,1,17,48,2,8,13,37,45,4,11,64,32,30,67,69,29,65,26,31,21,66,24,33,71,72,34,27
1751,16,54,8,52,58,9,12,60,61,15,41,19,51,46,55,47,44,13,40,14,17,6,10,48,53,39,57,56,7,35,21,25,27,63,66,28,72,33,31,65,62,23,24,69,70,67,34
1752,56,46,2,13,16,5,59,52,61,50,55,49,14,51,47,11,38,42,37,9,53,44,39,36,3,12,35,8,48,58,67,65,70,63,64,62,34,21,32,28,31,26,27,69,23,22,33
1753,51,39,42,2,59,9,53,4,5,52,48,38,19,3,55,49,37,18,35,20,56,45,1,13,10,17,16,43,50,41,64,31,32,68,24,25,67,69,21,27,23,26,72,63,71,33,62
1754,42,41,51,39,44,37,8,20,47,7,48,36,43,16,50,5,45,58,6,54,10,57,1,46,59,11,56,12,19,14,22,71,72,21,69,27,67,30,68,64,23,26,65,31,66,32,63
1755,7,39,46,14,45,5,18,38,12,61,60,4,52,10,57,41,49,1,42,20,58,3,51,35,55,36,47,43,54,2,68,26,34,29,70,21,28,30,69,32,33,66,71,27,65,25,67
1756,45,52,4,60,2,13,9,57,12,37,16,47,42,5,19,11,7,55,43,51,54,44,53,50,58,15,41,49,38,6,22,26,63,21,34,24,67,25,32,70,71,62,68,28,23,66,30
1757,58,6,40,15,12,49,1,17,4,48,3,9,35,14,18,45,10,36,60,41,57,61,55,46,2,53,13,7,20,56,24,67,72,25,33,23,28,31,65,29,63,21,22,27,66,71,26
1758,50,18,12,51,1,55,42,11,53,14,44,9,40,59,35,5,19,13,60,15,16,3,6,41,38,39,8,36,2,49,34,22,29,62,32,27,31,23,72,63,28,26,30,21,66,70,24
1759,49,35,19,61,43,47,60,1,11,8,40,2,10,57,6,18,13,45,48,50,41,14,58,20,37,42,7,15,9,12,62,64,26,68,63,34,31,28,25,29,23,71,33,30,24,69,65
1760,56,46,55,39,11,20,7,45,8,58,12,5,57,42,44,36,54,15,4,3,14,17,49,41,50,53,47,59,1,18,62,21,64,63,27,72,33,22,23,67,68,26,32,30,28,31,65
1761,18,12,2,14,52,43,35,39,5,42,13,16,59,55,37,45,50,60,36,15,51,9,40,20,58,53,1,61,38,19,29,63,27,21,72,25,64,71,23,66,26,22,62,65,70,67,68
1762,45,4,48,35,59,2,5,15,20,39,17,14,49,19,43,54,9,10,42,41,55,12,18,56,51,61,58,57,7,52,34,33,21,63,72,25,29,67,30,31,27,64,70,22,71,66,32
1763,15,4,53,60,45,41,18,44,3,14,16,8,47,39,55,46,48,10,58,50,59,6,1,56,54,17,51,37,2,52,30,22,27,67,21,34,31,24,26,28,72,69,29,33,65,64,23
1764,43,8,40,50,12,45,61,13,18,7,4,16,57,44,39,49,19,14,58,52,53,1,51,15,38,46,11,55,41,6,26,72,27,68,34,29,67,70,32,65,71,64,62,22,33,23,24
1765,51,39,36,59,14,8,7,10,19,48,4,60,11,18,55,43,50,57,40,16,20,41,35,58,9,61,38,44,52,1,24,30,64,33,65,34,21,26,63,66,67,70,29,32,27,22,62
1766,56,9,41,59,11,12,37,16,7,52,60,46,10,40,44,47,5,20,58,42,1,57,2,36,50,49,13,48,6,17,26,70,27,67,24,25,72,66,71,22,62,23,65,21,68,34,28
1767,60,39,36,38,11,15,58,59,3,57,41,13,51,50,7,37,19,20,12,54,17,46,53,8,35,16,61,55,5,14,22,63,72,24,34,26,23,67,27,71,28,68,64,66,33,29,25
1768,58,11,49,6,40,19,4,13,17,47,57,60,55,15,36,20,50,56,5,42,1,45,41,51,37,10,12,44,48,53,28,65,33,25,24,29,71,66,69,63,30,64,68,67,62,70,27
1769,11,12,37,8,13,49,40,44,20,18,9,35,1,58,52,46,48,5,10,39,42,57,61,50,60,17,14,16,55,4,64,72,31,24,65,22,71,69,67,21,29,28,33,68,27,62,25
1770,58,18,43,19,2,3,4,55,45,8,54,16,50,36,53,13,49,9,11,39,10,47,40,46,41,6,35,15,42,5,71,24,27,22,72,32,68,21,66,63,30,65,64,28,25,26,62
1771,51,36,40,44,58,13,48,57,35,42,14,52,9,55,4,38,8,61,16,12,45,6,59,41,3,15,20,19,7,11,69,24,68,64,65,29,34,26,62,70,71,27,30,31,22,21,66
1772,52,61,41,51,4,54,49,58,17,50,39,43,42,3,48,44,15,2,19,18,47,7,35,56,10,60,8,20,5,16,62,32,72,29,21,33,63,67,30,28,26,66,64,23,65,70,24
1773,44,1,3,39,10,36,17,12,54,43,4,8,18,38,50,6,45,61,60,7,52,55,19,16,9,35,48,57,46,51,65,30,25,26,71,70,28,66,23,72,27,21,34,33,64,31,22
1774,11,10,18,52,53,60,56,49,50,12,61,6,5,3,47,16,59,58,37,1,17,13,46,35,42,39,9,41,15,55,24,26,32,33,31,27,62,30,64,28,29,70,25,72,23,67,22
1775,39,4,60,11,7,51,16,13,58,52,57,2,6,53,55,59,37,47,3,35,15,56,12,48,42,41,17,18,5,44,68,72,63,65,31,67,34,69,28,66,32,71,27,30,22,33,24
1776,53,35,51,60,50,14,6,3,37,52,1,61,59,17,16,55,49,8,18,39,48,40,58,47,42,7,5,43,4,45,34,62,70,31,22,27,64,67,21,72,30,65,28,23,25,66,71
1777,48,12,54,5,14,43,15,56,45,10,39,3,17,51,46,35,58,8,20,52,50,47,41,57,9,59,38,44,4,6,34,68,28,71,63,24,64,66,27,30,33,29,32,72,67,65,21
1778,40,46,59,58,36,5,17,61,8,42,9,37,15,4,16,54,60,20,56,43,39,18,14,1,49,53,48,52,51,11,71,24,21,32,63,26,68,33,25,27,66,70,22,28,64,65,67
1779,4,49,44,8,42,14,46,40,18,39,50,38,58,9,36,17,35,13,41,55,3,60,37,6,1,7,20,5,51,12,21,62,66,31,64,33,22,26,70,28,69,71,68,32,24,65,72
1780,9,36,8,10,49,56,39,20,53,57,51,1,14,47,60,59,7,35,5,18,48,19,38,55,15,13,11,12,58,61,27,25,72,34,22,63,26,68,29,30,32,67,71,64,28,23,21
1781,6,50,52,13,43,38,60,39,56,35,44,8,17,37,15,4,20,48,59,49,1,2,18,5,47,19,45,54,40,55,24,34,63,28,31,72,32,23,25,68,69,29,70,21,22,71,67
1782,2,50,41,52,56,37,35,15,59,42,36,47,17,44,3,20,6,8,10,4,53,1,54,58,45,9,16,55,5,40,25,63,29,33,21,34,22,23,30,66,72,67,27,28,65,71,69
1783,14,11,55,4,20,3,17,50,38,40,1,58,51,42,43,18,7,61,52,2,41,48,54,46,56,60,16,9,19,15,68,32,34,66,65,26,25,23,69,28,67,62,31,22,27,70,21
1784,42,45,41,13,46,61,44,50,38,19,47,35,2,53,58,16,9,40,3,18,1,14,56,5,7,52,37,59,54,43,68,67,27,33,65,22,72,23,29,64,66,71,32,70,21,31,30
1785,51,13,4,58,20,12,40,39,8,50,42,35,1,54,37,36,7,55,59,16,47,38,2,61,53,15,45,19,11,9,72,69,22,33,31,29,70,25,34,28,30,67,63,32,24,23,65
1786,1,47,2,50,51,37,35,60,54,42,44,46,55,10,9,39,61,58,16,13,36,18,5,53,59,14,52,43,12,19,22,64,33,68,71,24,25,67,28,23,27,26,21,72,66,29,32
1787,4,53,51,50,40,10,49,5,44,55,3,17,60,13,41,6,61,1,35,11,37,18,2,12,56,43,42,15,8,9,63,24,68,22,67,29,25,21,33,71,65,32,69,30,31,23,66
1788,43,57,16,3,51,45,13,56,12,58,6,18,37,10,42,53,1,50,5,40,46,17,47,11,61,41,44,38,8,60,63,31,33,62,72,26,23,67,22,29,70,27,21,68,71,25,65
1789,46,43,39,48,37,20,56,19,61,16,49,9,11,52,41,54,51,45,59,42,12,58,60,38,5,1,2,17,40,35,25,62,68,65,31,30,70,69,22,28,27,63,72,67,32,21,23
1790,6,20,46,55,5,53,15,49,52,56,9,38,40,37,36,16,18,42,54,35,51,4,14,43,58,8,3,19,17,44,23,64,66,30,24,65,28,32,25,27,33,68,69,29,21,26,63
1791,12,18,37,61,56,4,59,47,45,11,54,2,19,5,1,13,39,40,48,17,36,38,8,15,43,50,10,57,49,3,70,71,62,22,65,28,66,30,32,34,29,64,33,69,26,27,68
1792,13,11,16,17,35,53,2,60,48,44,18,6,5,40,43,45,49,19,8,37,52,10,3,59,4,58,42,47,46,7,23,66,69,65,22,32,34,68,71,67,30,33,26,29,70,25,28
1793,20,16,60,8,52,46,45,13,4,40,43,9,53,49,19,55,2,42,44,15,12,38,3,36,48,41,1,57,37,54,64,63,29,23,62,30,28,34,65,33,72,68,71,31,69,27,26
1794,52,59,54,7,5,8,45,2,44,20,39,36,41,16,9,15,11,6,4,50,61,49,46,57,58,37,1,48,19,10,33,29,66,63,65,22,21,68,27,69,25,26,30,72,31,70,62
1795,17,60,41,46,4,14,8,6,10,35,2,55,11,54,49,61,16,45,53,37,51,59,12,39,57,18,48,56,58,15,29,22,71,25,68,69,28,24,64,63,21,62,23,72,32,30,67
1796,16,20,12,45,37,9,49,6,38,18,50,35,36,4,58,2,1,43,17,14,56,44,10,52,42,39,53,19,59,41,71,21,23,68,26,32,69,63,72,66,31,62,27,30,29,33,34
1797,38,8,3,1,48,13,60,41,44,4,40,52,47,2,11,45,55,19,10,35,57,56,15,36,14,50,58,12,53,5,70,65,23,25,63,64,67,28,34,29,69,62,72,68,21,71,27
1798,42,14,7,60,49,47,59,19,41,5,18,54,61,57,55,20,6,37,48,16,13,15,45,43,46,9,8,12,53,17,21,29,23,68,33,25,32,63,24,22,67,30,66,70,62,28,72
1799,4,39,52,54,42,35,43,5,46,40,18,58,48,7,16,14,8,59,13,12,11,17,9,19,49,61,53,56,3,47,32,71,25,66,72,22,30,23,26,34,68,70,65,64,28,21,69
1800,38,40,3,15,7,47,1,56,44,59,49,9,17,11,39,53,10,54,55,18,5,60,19,41,6,37,8,12,46,45,23,25,24,70,27,21,30,22,71,34,63,72,33,29,69,26,68
1801,53,14,13,57,1,46,41,15,38,50,48,45,55,37,59,4,35,9,54,42,58,5,2,7,17,20,49,47,6,39,70,71,31,32,30,62,26,63,64,22,34,33,23,29,66,28,25
1802,15,51,12,7,35,17,53,41,57,48,2,47,36,52,4,55,49,60,1,5,13,16,56,18,37,9,11,44,38,19,21,29,68,69,66,27,70,64,71,22,23,32,62,25,30,26,34
1803,45,4,52,41,42,47,53,15,18,43,36,58,37,55,51,60,19,57,49,44,5,9,8,13,56,39,35,1,54,3,65,21,72,30,70,26,25,69,32,31,64,33,34,23,22,68,66
1804,8,10,7,42,45,53,61,14,47,59,41,4,17,50,9,13,19,55,16,52,1,48,58,37,38,2,40,56,20,46,65,63,25,32,64,66,23,29,24,27,71,67,69,28,22,68,30
1805,19,36,17,13,41,60,7,46,39,5,58,49,2,50,16,9,48,42,51,6,56,61,55,52,15,59,1,47,20,54,28,30,22,24,67,70,62,68,71,26,63,31,34,27,33,32,21
1806,40,39,44,6,56,55,3,9,10,7,4,51,14,8,18,43,42,19,13,11,53,58,5,36,48,38,49,54,50,60,29,28,69,63,67,21,32,72,22,30,27,62,68,23,66,65,25
1807,4,52,13,38,39,37,59,40,3,51,61,43,49,58,6,2,42,14,18,36,1,16,55,5,20,44,41,12,7,19,65,25,23,24,67,27,34,31,21,33,26,29,69,71,64,62,32
1808,37,41,14,17,7,46,16,5,19,9,2,59,61,3,38,43,1,50,4,35,49,45,36,20,42,56,52,53,40,60,72,34,62,71,32,22,70,67,25,23,69,65,63,66,31,68,24
1809,59,12,42,11,14,3,52,61,8,49,37,9,4,18,17,54,46,10,43,40,7,57,6,2,55,38,36,47,45,48,31,25,68,34,27,65,72,23,64,33,29,21,28,26,71,62,63
1810,57,10,15,59,40,7,4,38,1,3,8,11,54,35,20,58,9,53,17,13,44,48,37,49,45,42,14,39,51,56,67,31,22,64,65,70,34,27,72,32,23,63,71,25,24,30,62
1811,58,45,14,17,3,46,61,5,53,41,50,15,54,39,40,11,9,8,38,59,60,4,35,52,7,16,19,2,56,55,67,27,66,24,70,71,34,68,25,33,31,69,72,29,22,64,65
1812,58,51,53,37,35,9,50,39,40,11,45,46,42,5,16,10,7,17,6,38,14,56,8,48,41,47,4,55,12,19,65,72,66,34,70,26,69,32,31,21,64,29,22,24,62,67,63
1813,43,36,61,2,3,12,5,16,9,50,44,51,20,60,41,45,6,39,8,47,55,46,57,38,11,10,49,35,4,17,72,70,22,63,34,21,71,33,23,64,28,26,69,67,66,24,31
1814,55,10,43,8,6,1,51,58,50,12,39,17,46,40,52,38,20,61,14,13,11,37,5,18,59,54,45,19,44,9,31,66,67,21,34,63,33,64,32,22,27,24,68,70,62,25,30
1815,57,52,38,58,36,7,1,39,59,53,17,9,42,18,3,40,11,6,8,50,47,10,55,54,51,2,5,12,60,46,63,69,70,28,72,68,71,22,32,64,23,26,66,30,33,62,65
1816,7,4,39,18,15,46,38,1,6,37,8,40,20,19,9,42,50,48,17,60,3,56,10,36,16,53,59,44,55,11,64,30,68,34,33,26,27,63,69,29,24,21,22,23,72,71,62
1817,49,48,13,38,14,10,43,15,4,11,3,19,6,59,61,57,41,1,42,53,17,7,39,58,18,52,9,5,51,60,33,68,62,65,70,31,22,71,66,26,64,69,25,34,28,67,21
1818,51,55,12,39,35,36,54,13,5,41,17,4,38,59,61,14,60,40,37,15,58,57,43,49,56,1,10,7,44,46,22,27,33,31,21,65,32,66,23,64,63,67,70,68,29,30,62
1819,17,20,51,13,58,1,14,3,50,56,61,4,19,16,48,55,10,11,6,15,38,42,7,8,35,2,46,57,37,45,64,68,24,67,65,72,31,34,62,32,66,71,63,70,30,22,26
1820,5,15,10,54,46,16,17,18,14,36,3,47,42,40,49,11,41,58,61,43,35,50,20,55,45,13,48,60,44,8,22,63,34,72,30,21,32,25,24,23,69,62,71,70,64,66,27
1821,52,5,46,48,60,6,9,17,13,8,41,43,11,20,53,14,38,42,1,2,40,45,7,55,3,19,18,51,54,4,31,34,63,65,21,70,28,29,68,33,26,24,69,25,32,66,71
1822,56,53,51,10,14,20,9,1,55,37,39,7,6,52,11,13,59,44,46,19,18,12,2,3,45,54,38,5,17,60,69,28,25,22,64,21,62,63,32,68,65,30,66,71,31,34,26
1823,54,55,17,4,59,2,53,15,52,57,19,13,46,18,8,51,6,12,40,60,58,43,41,1,45,3,56,7,35,5,66,33,24,23,26,34,65,71,22,68,63,27,32,72,29,30,69
1824,51,9,18,42,1,4,3,17,46,19,37,59,54,61,38,16,49,55,20,50,35,13,36,39,56,15,45,53,6,58,34,23,70,31,64,67,28,62,24,29,22,25,30,26,72,63,66
1825,12,53,8,57,48,4,11,49,37,10,35,59,40,60,42,41,52,1,54,19,3,2,50,38,43,5,15,61,6,55,62,34,70,69,23,29,28,67,63,66,64,68,21,31,22,71,65
1826,46,19,38,1,43,17,48,10,9,45,2,12,44,59,49,51,60,35,8,57,56,20,40,11,14,37,5,50,3,58,29,69,23,25,31,21,28,34,66,33,22,72,68,30,70,65,26
1827,5,35,39,6,19,44,9,7,18,46,61,57,16,59,4,52,58,12,56,3,8,13,49,43,54,47,45,53,50,11,66,28,72,70,26,71,64,33,69,29,67,34,25,30,65,23,21
1828,50,37,5,41,42,56,3,11,47,60,46,14,13,10,52,45,7,8,16,35,39,49,4,51,59,20,9,12,54,44,21,32,72,29,23,64,67,66,63,34,69,31,27,65,71,70,25
1829,46,9,6,14,59,49,12,56,43,18,61,1,51,44,10,8,19,3,47,48,5,11,13,15,55,45,37,20,2,35,27,31,63,22,30,65,72,33,67,70,21,66,25,68,32,71,29
1830,49,56,16,18,8,14,9,44,46,47,48,2,35,13,50,12,10,37,57,15,4,36,41,54,38,39,58,19,60,17,68,21,28,23,66,24,64,34,30,32,33,69,26,25,63,72,65
1831,59,56,60,11,46,61,45,2,20,38,36,3,35,12,16,55,4,49,50,7,51,48,5,53,1,8,19,58,39,18,27,31,70,21,33,68,66,28,65,30,29,71,22,23,62,32,72
1832,17,5,38,52,45,14,12,43,19,61,10,58,18,36,35,57,47,48,13,44,53,40,6,1,60,11,55,37,41,4,70,69,29,62,68,65,30,32,71,28,24,63,34,27,22,26,72
1833,18,5,40,54,7,53,44,6,9,38,59,36,57,42,45,17,13,49,47,43,3,4,8,46,52,16,58,41,15,11,27,31,62,22,66,32,68,28,63,34,21,72,70,25,69,65,26
1834,11,56,58,9,60,37,53,51,10,4,44,47,15,19,2,13,14,46,41,1,57,8,6,7,48,59,38,16,49,12,27,67,22,21,71,34,63,26,24,62,25,68,30,31,66,69,72
1835,8,12,14,40,47,20,35,15,43,50,18,46,4,9,54,52,39,17,45,57,10,55,56,13,53,59,58,44,38,3,21,72,29,30,22,32,24,31,62,34,23,25,27,33,64,70,63
1836,53,18,51,6,46,36,45,37,9,7,56,43,58,47,17,49,3,59,16,50,60,39,1,15,38,14,4,12,35,42,23,24,21,31,28,68,71,30,25,63,27,32,26,70,66,62,33
1837,41,45,53,54,47,2,59,56,13,49,50,19,42,51,35,36,60,8,48,38,9,55,46,1,12,15,11,5,6,10,68,22,28,69,27,23,26,70,21,64,32,34,63,62,72,31,71
1838,9,39,3,4,10,11,45,37,19,48,36,53,20,7,8,14,1,56,40,15,38,5,60,61,17,46,55,42,57,52,66,21,72,33,30,69,26,22,71,32,25,63,28,64,70,67,62
1839,40,2,48,39,45,60,12,38,57,54,49,56,58,52,42,11,20,4,19,59,13,51,37,41,50,6,14,44,46,47,30,66,68,29,67,70,27,24,25,62,23,64,26,34,31,65,69
1840,10,38,39,41,40,9,7,58,4,47,36,59,35,48,5,42,16,44,18,17,43,54,37,52,60,61,15,57,55,8,25,69,62,30,26,70,29,65,24,71,28,34,23,67,72,21,27
1841,60,53,58,9,6,42,17,43,51,38,59,49,19,36,16,13,40,35,44,14,48,15,50,39,10,12,2,54,3,1,32,30,28,68,29,70,22,33,25,69,66,26,62,27,34,64,72
1842,9,55,50,52,44,54,18,59,57,5,16,12,2,38,46,40,53,13,43,42,39,3,1,19,58,15,8,61,51,7,63,22,30,27,67,25,34,29,32,64,69,21,31,72,65,66,68
1843,2,20,35,52,13,36,45,3,49,18,48,12,10,46,15,44,41,60,14,37,1,7,16,38,4,51,53,58,61,54,72,63,30,65,23,70,34,69,67,71,68,33,64,32,29,25,22
1844,1,50,37,41,18,5,20,8,40,55,58,16,51,53,39,15,60,3,4,17,46,10,61,9,12,19,43,38,35,36,64,23,28,70,29,33,68,66,26,31,21,22,62,72,25,24,71
1845,61,12,44,43,16,48,42,18,14,11,35,56,7,53,46,52,55,41,39,5,51,59,9,58,60,40,50,57,1,17,66,67,71,34,21,31,27,25,33,64,22,69,26,32,70,30,68
1846,15,9,16,36,5,18,56,8,39,47,49,37,50,58,19,53,2,20,55,13,43,12,44,14,48,61,4,11,54,17,65,69,26,29,66,63,28,25,32,27,33,62,70,64,30,24,31
1847,36,46,52,55,37,6,10,44,15,53,47,5,3,48,18,35,57,56,58,4,49,20,16,45,19,51,13,61,14,40,62,64,32,69,34,29,71,68,33,65,63,67,70,24,25,28,27
1848,46,14,3,48,49,19,17,38,42,55,37,52,50,9,4,36,56,44,57,45,47,60,61,8,35,58,12,43,51,53,21,26,32,64,28,72,29,25,24,67,33,34,22,69,71,30,27
1849,20,8,17,54,36,7,52,59,39,60,12,15,41,45,1,4,37,2,16,11,19,18,46,43,57,44,14,5,35,56,23,22,28,70,33,64,31,25,67,63,71,30,69,68,34,65,62
1850,12,9,50,37,41,40,17,36,11,2,43,47,48,46,56,16,8,61,13,57,10,45,1,58,38,35,53,59,6,18,23,29,25,34,62,33,27,67,26,31,65,24,21,70,64,30,22
1851,15,20,16,56,47,45,1,13,54,58,39,59,60,5,36,2,11,19,53,18,49,8,6,7,61,46,48,9,35,14,25,33,29,34,31,28,32,21,27,68,71,23,63,64,66,22,30
1852,1,61,8,49,15,20,60,10,36,48,5,35,37,45,46,50,18,9,12,56,43,59,14,17,3,47,19,41,57,2,70,28,30,63,62,29,32,65,27,31,21,24,71,64,68,22,33
1853,53,11,40,44,47,19,45,4,12,38,55,3,6,35,7,57,16,2,10,61,59,37,18,20,9,46,56,54,5,13,72,63,62,21,67,25,65,34,26,28,69,66,70,68,29,32,30
1854,3,40,1,18,42,58,5,2,57,52,55,15,36,7,61,56,45,19,6,10,44,37,39,47,43,60,35,38,53,49,29,62,34,64,71,65,72,21,31,69,33,68,25,24,67,26,32
1855,36,12,61,19,44,15,9,45,39,59,57,18,10,43,46,41,51,53,50,49,20,58,35,8,60,55,17,48,6,42,33,25,71,70,69,63,32,64,28,67,22,68,72,27,31,34,29
1856,46,53,48,14,19,55,17,16,56,1,36,40,39,37,5,35,44,4,61,12,13,58,57,2,18,49,8,45,11,47,63,69,65,26,34,22,66,21,72,24,23,33,67,28,70,31,32
1857,19,37,36,7,2,16,4,47,58,1,49,60,45,54,15,43,57,10,41,59,42,51,52,17,55,56,11,35,50,6,66,30,25,67,22,34,64,29,21,62,31,32,26,70,27,65,24
1858,13,16,38,51,58,4,37,45,39,14,36,52,3,5,60,20,50,57,35,47,12,11,19,18,56,10,53,8,6,61,31,71,72,21,63,27,26,30,33,28,70,68,69,66,22,32,34
1859,41,5,58,19,39,54,51,2,55,44,38,11,49,56,12,35,16,17,47,37,4,61,60,36,15,57,7,9,43,8,27,24,34,25,26,32,64,29,67,62,33,70,71,22,66,21,23
1860,57,15,39,8,14,17,50,11,46,42,16,37,2,13,9,38,41,59,5,4,53,18,56,52,60,20,47,54,61,51,64,70,72,62,65,63,24,28,23,31,26,32,34,68,29,33,69
1861,40,14,1,58,60,12,17,55,5,47,3,2,16,59,50,42,19,45,43,11,41,8,4,53,20,36,61,37,56,38,33,22,66,70,26,65,68,28,71,30,62,32,34,64,63,27,31
1862,17,43,44,15,49,54,1,4,51,3,11,38,53,7,16,42,20,37,10,61,52,40,18,55,14,60,35,56,36,5,66,32,24,62,70,33,27,68,28,21,65,29,25,30,26,71,72
1863,4,53,51,10,39,6,54,17,40,3,50,43,55,52,2,38,14,57,35,56,8,19,59,42,37,13,16,60,5,15,34,32,23,69,27,29,21,33,26,66,67,64,63,24,68,71,30
1864,14,59,54,47,15,19,53,60,52,18,7,56,17,10,12,45,3,42,43,46,38,50,61,36,9,40,8,49,55,57,34,26,27,69,71,65,63,70,23,31,22,33,67,28,62,64,21
1865,20,39,41,3,52,2,5,36,15,4,38,1,60,44,48,18,8,45,7,47,37,10,9,55,61,6,56,50,14,11,70,31,21,25,72,67,63,66,68,28,71,27,65,26,64,69,29
1866,40,50,5,15,53,38,59,47,6,43,7,57,9,49,60,20,8,42,13,56,36,37,46,11,14,12,17,3,10,48,71,67,31,21,27,32,66,24,33,72,26,22,63,64,23,29,68
1867,58,43,6,5,55,41,7,38,42,2,14,39,53,37,48,59,20,46,18,16,40,35,44,3,1,19,11,45,17,52,21,64,30,70,69,67,27,65,26,66,28,31,29,68,34,25,62
1868,13,9,4,59,19,61,8,38,20,55,6,60,7,2,45,15,53,35,5,46,43,50,47,49,12,51,58,52,18,10,63,21,62,28,30,29,26,70,67,66,31,25,64,69,27,32,71
1869,18,39,8,5,10,43,44,59,20,40,58,15,50,38,49,4,9,55,2,48,19,6,61,1,54,36,56,57,52,60,30,24,32,62,64,72,69,28,31,71,22,23,25,65,68,27,26
1870,11,35,53,13,10,55,17,1,4,20,39,7,60,54,46,5,14,16,18,41,44,51,42,19,45,56,6,49,61,15,29,70,23,33,65,26,27,69,30,34,71,63,66,24,21,25,28
1871,19,2,14,39,36,53,49,16,43,17,7,47,5,56,9,8,58,12,20,45,15,41,1,18,61,3,54,55,59,51,66,62,71,25,65,28,27,72,31,26,32,64,63,68,70,33,21
1872,1,8,54,57,55,59,10,15,44,45,50,35,18,13,52,12,60,53,46,3,4,47,36,61,5,14,39,7,38,11,21,29,67,33,72,27,22,25,30,26,62,70,32,63,69,66,68
1873,16,12,43,4,17,7,36,50,3,14,49,53,60,44,42,6,57,51,61,38,18,1,19,10,46,56,11,41,35,58,32,26,62,23,34,69,30,64,67,29,33,68,65,31,71,70,66
1874,50,9,14,43,16,20,45,60,42,49,41,8,52,56,38,3,7,15,59,36,17,57,13,1,39,40,10,51,19,4,69,30,25,26,63,62,21,64,70,33,27,67,31,72,65,66,71
1875,4,41,2,50,14,6,13,5,45,55,54,57,61,16,8,36,51,10,48,39,47,35,58,1,18,37,17,46,49,7,69,67,65,23,64,27,28,72,33,24,32,71,21,29,68,63,25
1876,54,19,56,18,15,14,44,8,58,11,47,20,36,13,39,17,43,42,51,48,57,4,50,10,7,2,61,46,16,49,22,70,27,23,72,29,30,69,31,63,67,64,71,26,24,28,34
1877,56,53,57,58,6,49,12,37,15,19,1,41,17,39,43,47,55,60,3,35,46,44,54,42,4,45,38,18,11,51,29,72,24,68,70,32,21,28,27,26,69,23,33,30,62,65,63
1878,10,37,61,35,44,45,54,47,18,9,48,36,8,12,59,11,58,20,1,56,5,15,55,7,4,17,13,49,40,52,34,65,71,70,67,22,26,66,72,33,32,68,30,29,62,64,25
1879,52,1,48,8,2,19,56,44,46,49,59,36,45,7,17,50,35,20,53,15,5,57,42,18,61,10,6,12,40,9,62,30,69,63,29,28,26,68,33,72,71,21,66,24,31,65,23
1880,16,52,43,17,40,3,51,55,38,58,61,4,44,9,57,42,37,45,48,54,13,1,50,47,7,2,12,60,8,11,32,68,70,65,24,64,67,22,72,29,23,31,26,27,33,62,34
1881,2,41,45,4,53,54,20,18,49,50,38,3,46,10,19,13,51,44,35,7,43,9,42,12,16,61,52,11,59,17,71,30,24,31,65,63,27,28,62,26,70,22,25,29,64,68,72
1882,39,11,3,8,40,2,6,36,52,44,12,1,38,41,57,13,17,48,54,37,42,43,50,7,15,59,49,46,20,14,24,69,30,67,21,25,70,68,72,71,26,64,34,65,62,29,27
1883,36,14,58,51,59,53,16,9,17,6,49,3,54,39,60,37,41,44,7,10,61,55,2,47,1,48,40,15,18,50,28,27,26,66,72,23,25,22,65,31,71,29,63,64,32,33,21
1884,42,13,18,20,35,39,59,16,36,43,49,37,17,5,6,60,19,61,51,14,45,10,9,11,1,12,46,47,54,52,32,26,34,69,24,23,31,27,63,66,22,28,29,25,21,71,67
1885,12,44,6,54,16,19,51,17,4,55,5,38,2,47,40,14,11,20,56,60,42,18,3,41,8,15,43,48,39,53,26,21,72,30,27,62,25,31,24,22,70,65,23,63,68,67,34
1886,10,46,57,42,20,19,48,36,14,38,35,12,50,59,43,5,56,55,4,44,41,16,15,17,2,58,47,37,11,53,24,23,64,70,27,71,30,72,62,33,32,67,25,68,63,26,22
1887,12,43,51,49,55,38,10,61,16,54,50,48,5,58,44,35,42,18,39,57,1,19,56,17,2,8,59,4,52,6,64,23,25,26,72,31,65,21,22,32,29,62,27,34,70,63,71
1888,15,13,57,39,3,5,36,10,20,38,37,7,14,48,41,42,49,50,43,8,6,2,59,52,56,51,9,47,60,19,28,63,34,27,69,70,23,71,67,21,25,33,66,31,24,64,62
1889,51,60,4,37,41,2,39,14,50,52,18,59,20,12,47,44,11,8,56,58,35,46,45,42,3,1,10,19,61,36,69,27,63,68,28,66,32,34,31,64,26,67,23,72,62,22,25
1890,9,52,1,48,20,55,10,50,59,56,2,36,4,18,3,40,5,57,61,41,58,35,44,45,13,17,14,60,47,37,67,31,70,63,28,24,64,72,27,23,34,62,29,66,30,32,65
1891,3,55,47,45,13,15,52,35,51,19,18,50,40,4,42,39,58,6,9,38,11,16,20,49,5,41,54,14,10,7,65,72,26,32,62,69,21,28,70,67,30,25,31,63,66,22,64
1892,43,17,13,45,35,44,50,56,61,10,6,49,4,53,36,38,57,8,19,42,15,41,5,48,59,37,7,55,11,1,66,31,65,28,72,71,32,24,22,30,26,33,62,21,64,70,25
1893,8,11,5,57,12,61,50,54,60,40,59,9,38,41,1,14,17,7,52,44,53,35,46,58,2,49,45,18,13,51,29,22,25,32,27,31,33,23,70,67,21,71,24,30,68,69,65
1894,4,44,45,41,56,7,37,55,39,14,54,12,6,60,36,57,18,5,1,11,48,38,46,3,8,16,2,40,58,61,27,25,32,72,63,66,30,69,68,24,33,70,64,67,62,29,22
1895,5,42,7,17,19,44,20,58,43,2,60,35,9,13,3,38,45,1,36,51,40,52,11,15,4,6,37,50,18,14,22,33,70,71,64,26,30,32,25,31,68,67,24,69,21,34,29
1896,47,14,60,51,42,10,61,37,41,5,3,4,39,6,53,13,18,11,1,36,45,43,50,55,9,20,40,8,57,58,32,67,30,62,65,22,25,70,26,71,31,24,23,63,33,34,68
1897,17,44,1,2,15,10,58,6,53,38,5,54,14,20,19,57,11,50,61,18,40,43,9,49,7,48,55,13,36,51,23,63,72,25,24,69,27,29,32,30,65,31,28,26,34,71,68
1898,35,16,11,60,12,45,58,39,20,44,10,56,18,54,3,50,52,2,38,61,19,42,15,5,41,9,7,14,46,51,71,28,70,69,62,34,32,72,23,63,25,29,22,24,26,65,67
1899,14,8,40,17,42,12,5,7,39,37,45,53,15,57,49,16,38,20,51,10,43,3,55,2,47,36,54,50,56,41,26,72,32,71,34,66,63,24,29,64,33,25,67,31,68,21,30
1900,42,1,45,44,14,2,43,55,39,17,37,16,60,12,38,47,10,36,9,48,49,11,35,46,51,52,54,6,4,15,62,72,27,66,22,68,71,29,63,31,70,64,26,65,30,32,25
1901,40,16,45,47,42,43,50,12,52,13,10,1,17,20,49,11,51,3,48,56,46,54,53,36,19,15,7,35,4,14,67,25,26,34,29,70,32,21,64,62,28,71,23,69,24,68,31
1902,46,14,10,12,19,13,40,56,57,47,11,16,48,52,51,1,43,58,20,50,44,49,37,38,54,42,15,8,3,7,72,64,32,27,33,26,28,62,31,24,22,71,67,69,25,23,68
1903,54,7,4,12,18,19,61,11,35,14,48,16,44,40,46,53,47,36,52,2,10,49,42,3,38,37,1,58,45,39,24,64,22,25,32,63,28,72,67,29,33,69,62,21,23,68,34
1904,43,39,59,47,58,5,19,53,4,37,2,56,42,13,10,20,44,9,38,12,11,41,8,16,45,46,3,51,14,55,23,25,71,34,21,68,28,30,22,33,65,32,67,26,72,24,62
1905,14,20,54,40,61,58,49,15,2,36,46,37,5,7,9,52,59,53,6,57,48,39,16,19,10,17,8,55,4,44,68,66,31,23,71,70,63,26,25,67,33,27,28,29,30,22,32
1906,37,3,53,13,40,10,42,4,19,16,60,18,47,9,7,2,11,14,59,8,44,51,52,54,45,12,38,5,41,57,28,66,70,69,24,22,71,32,34,26,25,67,68,29,64,27,65
1907,50,49,59,56,16,18,43,7,57,5,11,36,1,2,51,6,41,37,55,44,13,39,17,38,46,52,15,10,40,12,24,67,31,23,63,33,71,30,27,34,62,26,72,66,28,25,32
1908,53,42,55,46,59,16,57,48,10,37,43,13,58,61,5,51,15,18,50,12,54,44,60,6,11,2,45,35,4,41,68,30,26,72,22,63,24,62,29,33,64,70,71,66,31,67,21
1909,19,61,4,37,38,43,54,6,60,48,57,13,44,40,50,52,5,7,35,42,47,11,16,53,1,3,58,55,8,56,64,26,34,70,29,33,23,68,71,30,25,21,63,67,72,65,28
1910,58,42,2,37,13,48,12,14,15,40,44,41,9,11,6,54,38,61,35,7,45,55,49,20,18,10,8,5,53,60,31,64,71,62,30,70,69,28,68,65,29,26,72,34,24,67,63
1911,41,37,61,1,36,10,60,16,48,38,47,20,54,8,19,53,2,5,15,6,3,17,42,12,46,7,45,14,52,39,28,33,68,21,69,62,24,67,25,23,22,64,71,29,65,27,32
1912,54,45,41,58,37,7,6,14,15,19,46,39,3,40,55,4,42,1,11,50,56,47,13,16,9,36,60,61,43,20,69,71,28,22,21,63,27,66,29,67,23,64,68,30,31,65,62
1913,50,18,56,44,51,12,11,4,53,13,10,3,19,37,42,15,17,59,36,7,49,35,57,8,5,2,38,48,47,14,69,27,64,70,24,62,26,65,22,34,67,63,33,28,31,72,66
1914,5,18,49,45,48,14,12,6,37,35,36,38,46,11,42,1,51,44,15,55,54,40,60,41,58,7,61,8,57,2,24,25,67,66,62,31,23,28,30,64,33,27,26,68,65,71,70
1915,54,19,17,9,42,48,13,7,56,59,44,20,60,18,37,11,46,10,52,40,3,15,39,6,53,4,55,16,35,5,66,21,69,70,31,64,67,32,63,71,28,33,62,22,30,27,72
1916,50,45,18,47,51,42,40,39,4,11,38,41,52,48,54,1,5,16,58,61,14,43,2,15,56,17,10,35,36,3,29,30,67,26,68,71,72,24,32,25,23,63,64,31,69,62,66
1917,51,54,59,58,45,52,10,39,36,48,15,40,4,8,14,19,12,53,44,11,20,9,56,57,2,35,17,46,5,55,26,33,70,72,32,27,21,30,69,67,64,66,25,68,63,22,34
1918,1,40,58,13,49,45,55,41,14,51,53,54,18,50,8,44,61,17,56,42,47,59,60,16,3,9,12,11,5,37,30,33,71,25,69,29,27,24,26,64,70,28,34,22,62,31,66
1919,38,56,13,11,10,16,17,48,9,8,58,42,52,46,61,44,50,1,35,18,3,54,47,55,41,45,53,2,4,60,25,69,65,26,70,71,27,67,24,34,64,32,31,23,72,29,30
1920,10,13,18,61,52,1,44,48,58,46,16,37,15,51,53,4,3,50,20,47,8,54,36,43,40,56,35,41,11,59,62,65,68,21,28,27,70,69,24,64,63,66,33,32,26,23,30
1921,60,50,10,6,13,17,47,61,1,58,43,14,41,19,2,49,54,8,45,42,48,51,52,18,15,40,3,16,44,20,65,33,28,21,26,24,63,68,71,62,27,25,31,29,64,66,69
1922,48,1,54,18,5,46,6,35,8,42,58,49,37,15,39,14,61,55,12,38,13,51,16,36,11,47,20,17,56,60,30,22,31,34,32,65,25,62,21,24,63,27,70,23,28,72,33
1923,7,56,47,35,12,45,3,58,50,9,13,42,11,41,49,57,53,14,18,44,59,60,19,2,4,17,36,15,39,54,25,28,68,65,72,34,23,26,27,30,24,64,33,66,62,21,63
1924,19,9,10,11,59,46,2,48,52,20,41,15,49,47,8,53,50,51,55,60,3,45,35,16,4,61,17,1,6,5,72,68,21,67,28,33,31,65,64,22,63,26,24,30,62,23,71
1925,20,13,6,11,47,55,40,10,41,60,57,12,17,15,5,38,52,61,51,2,49,16,50,19,42,35,54,59,8,1,62,25,23,31,68,24,22,66,33,69,26,34,28,32,29,65,30
1926,48,44,42,43,19,56,18,53,54,16,7,4,6,9,55,35,45,40,11,3,50,51,52,5,17,37,57,12,1,10,65,72,26,63,27,28,29,25,34,31,33,69,23,68,21,66,62
1927,53,12,9,42,18,4,8,51,13,38,17,49,20,11,39,19,16,1,59,10,54,61,52,36,35,45,40,55,3,60,29,67,32,21,70,33,31,25,72,63,65,66,68,64,23,27,69
1928,57,61,16,7,4,41,11,35,15,39,40,10,47,46,45,54,58,38,37,12,44,59,17,60,8,36,49,50,13,2,67,65,33,27,29,63,30,24,34,32,21,68,62,31,23,72,66
1929,47,9,54,45,57,6,8,36,1,19,37,49,7,42,17,16,11,41,14,20,56,43,38,51,35,18,3,55,5,13,34,68,62,23,70,24,30,25,64,63,72,33,29,71,69,31,67
1930,48,7,57,6,47,49,5,10,35,42,59,36,50,3,46,18,41,1,56,2,52,12,15,54,44,19,8,61,40,39,31,72,24,63,67,66,62,27,29,68,65,28,71,26,21,33,64
1931,60,2,49,4,45,52,18,3,47,19,50,57,55,7,17,36,10,58,35,39,16,46,61,14,13,38,20,1,12,11,27,33,71,28,26,31,67,72,21,30,65,24,32,62,70,64,23
1932,9,37,49,51,4,45,2,19,57,43,3,54,60,17,58,36,50,56,40,39,8,48,41,38,7,53,55,12,46,10,30,22,67,33,28,66,27,29,64,32,62,25,34,63,65,23,31
1933,54,47,1,4,19,38,35,40,46,49,56,3,51,61,8,50,57,42,2,10,43,59,12,18,58,60,9,7,53,20,22,63,30,71,32,21,28,69,68,25,62,67,31,26,65,64,27
1934,41,9,56,6,7,46,42,2,11,60,55,13,57,12,16,53,58,17,5,59,50,47,49,45,37,48,3,14,19,15,27,31,69,63,28,62,66,65,24,25,32,30,34,71,67,33,72
1935,39,51,42,19,20,56,16,43,35,7,9,13,8,57,58,14,40,38,5,46,48,52,37,45,44,17,54,15,60,11,63,27,29,66,72,68,24,67,26,25,22,33,23,30,32,21,64
1936,1,38,14,36,44,8,48,35,47,20,11,10,15,57,37,51,55,53,54,39,19,13,52,42,58,59,5,40,18,50,72,34,24,29,66,23,68,70,65,25,71,62,26,67,30,31,21
1937,55,15,4,47,7,40,60,13,9,41,42,50,8,37,45,53,56,39,11,3,36,2,43,52,35,49,18,6,54,61,72,30,33,67,29,22,71,65,69,31,21,68,62,23,27,34,26
1938,52,54,16,59,17,19,15,45,11,10,20,61,58,14,44,50,5,38,41,3,43,36,4,48,12,6,40,47,56,60,68,67,69,64,71,29,26,70,28,63,30,22,32,24,27,23,21
1939,59,38,20,49,8,9,41,60,17,54,47,44,15,37,52,61,1,2,57,39,3,56,43,11,58,35,48,40,45,12,23,65,25,64,68,72,27,24,34,32,22,71,67,33,30,21,70
1940,45,56,47,43,55,20,19,57,58,3,46,5,37,53,59,14,18,12,10,8,7,6,49,17,4,52,36,2,39,50,63,33,68,70,21,62,23,32,67,30,71,69,22,26,25,64,24
1941,2,47,3,6,35,40,17,36,1,59,54,19,15,46,41,39,42,4,61,10,49,60,51,37,55,52,20,16,7,8,69,68,65,31,34,70,71,62,32,28,23,21,72,66,27,24,67
1942,57,2,39,40,52,7,54,59,3,17,14,12,44,11,55,50,41,49,43,60,8,18,36,56,58,5,19,37,4,46,69,24,27,64,28,29,25,23,21,33,70,66,68,26,65,32,71
1943,51,14,2,46,52,6,47,57,16,50,41,61,5,54,4,40,53,37,44,55,48,49,56,59,1,19,11,58,36,12,63,62,22,68,28,71,29,32,26,23,27,33,70,34,25,24,21
1944,39,60,20,7,50,10,4,12,41,15,49,18,6,8,57,59,46,40,58,51,19,17,48,9,61,16,5,54,2,1,69,26,68,29,31,72,28,34,67,63,66,71,30,65,22,21,70
1945,13,53,57,18,35,3,10,19,47,51,12,16,41,39,7,2,45,17,20,54,55,15,44,38,36,14,11,43,6,52,64,32,69,72,63,62,71,66,68,67,26,30,22,33,23,24,70
1946,11,2,5,38,40,19,51,7,42,17,52,41,18,16,14,39,20,58,1,45,15,61,35,9,56,48,60,55,44,59,34,25,27,68,72,71,63,70,69,31,32,21,29,24,66,67,22
1947,55,48,15,12,9,16,39,56,5,19,20,43,53,44,35,8,2,58,40,11,51,50,41,52,46,54,1,13,18,7,30,65,63,32,33,68,29,25,66,26,72,31,67,71,64,62,34
1948,40,4,6,59,44,2,11,56,35,12,54,45,5,50,51,55,38,48,58,47,1,10,46,61,13,3,37,19,52,36,67,69,27,33,72,22,71,70,31,64,62,66,63,34,23,32,24
1949,5,46,55,14,13,6,16,51,8,35,42,37,44,38,36,52,19,57,61,40,11,59,18,3,7,50,41,9,56,39,70,24,28,22,29,63,27,62,65,31,69,30,71,25,72,32,34
1950,8,16,50,36,42,4,18,41,12,54,13,10,47,56,45,52,39,57,59,46,15,1,44,35,49,61,20,55,60,48,69,70,72,25,64,29,31,24,66,68,63,33,34,21,71,65,28
1951,7,16,53,20,48,6,18,42,15,10,51,43,44,1,61,45,39,60,11,5,9,55,38,54,57,36,37,12,52,3,22,63,67,32,23,72,65,25,28,62,29,71,68,30,66,24,34
1952,36,18,11,59,2,15,17,48,51,10,12,6,49,19,4,37,54,35,1,42,45,58,52,8,44,55,14,9,41,13,33,28,62,32,23,25,68,70,22,63,69,64,24,67,34,66,26
1953,17,61,12,20,16,39,57,37,4,9,40,18,6,19,42,58,2,3,46,1,47,15,51,55,44,48,52,35,41,8,68,25,63,23,70,26,71,31,30,29,27,28,32,65,62,66,21
1954,40,54,52,7,59,12,46,58,5,38,55,19,15,4,41,56,51,39,48,9,61,14,16,53,60,11,20,36,17,37,29,66,70,26,64,22,72,23,71,24,65,32,31,69,33,27,62
1955,12,6,44,35,53,45,18,1,37,3,47,7,48,57,17,16,42,11,38,50,40,13,58,46,52,39,61,8,4,56,28,64,26,62,33,31,71,22,66,72,67,30,24,65,32,70,63
1956,3,45,59,10,46,48,52,14,54,5,41,56,38,13,12,35,43,53,15,9,18,17,37,20,50,55,40,42,51,58,62,32,71,27,69,66,33,30,34,31,72,23,21,63,22,26,24
1957,10,60,44,14,7,41,12,15,17,53,6,39,20,4,5,36,47,51,9,46,42,16,1,43,8,2,38,55,59,58,70,62,65,24,31,63,27,71,25,21,66,26,29,22,34,67,68
1958,35,41,20,13,10,56,7,43,12,18,57,4,42,14,52,49,38,5,9,8,50,58,54,44,39,46,47,40,15,55,25,33,71,67,69,68,26,62,31,24,70,27,72,23,28,29,32
1959,41,60,54,17,55,4,5,7,35,58,3,20,8,50,45,53,44,12,1,57,39,59,9,43,15,56,11,36,2,37,66,68,71,32,23,29,24,64,69,33,63,70,26,72,22,30,27
1960,39,41,13,11,60,4,16,56,1,18,43,51,15,3,10,2,61,57,48,49,59,53,37,12,52,46,54,7,40,20,29,25,67,33,24,27,22,66,26,62,32,23,65,69,31,28,64
1961,3,7,38,2,44,19,52,12,43,20,10,35,50,46,17,11,36,41,40,57,49,8,48,47,42,18,61,56,13,5,28,72,21,71,33,64,27,34,65,23,62,22,30,24,69,67,66
1962,42,52,38,8,35,18,56,11,58,57,36,17,61,15,49,48,54,9,19,39,51,7,40,14,59,53,55,12,44,41,69,32,66,28,68,70,34,23,30,63,31,62,22,72,71,27,26
1963,47,10,3,4,46,44,56,19,39,57,51,12,17,61,15,7,5,1,54,50,58,11,49,43,37,59,35,38,8,60,70,65,72,22,25,29,30,63,67,68,69,66,26,21,32,28,34
1964,35,7,42,40,8,44,60,57,12,56,58,37,10,49,38,9,50,19,16,17,45,2,14,1,54,11,39,59,43,6,68,29,66,24,33,31,25,23,62,34,27,22,32,63,69,26,64
1965,55,45,16,51,3,49,17,40,15,1,54,39,5,44,4,18,41,36,13,7,42,56,11,59,50,6,35,48,57,19,23,65,27,66,72,68,29,64,26,63,28,34,21,67,33,62,22
1966,55,44,61,43,36,9,6,57,47,13,46,3,2,1,19,35,51,54,12,50,11,49,60,37,17,48,53,39,52,38,24,21,29,64,23,62,71,69,33,68,28,30,34,31,25,65,27
1967,5,50,52,35,36,57,15,1,53,2,41,47,60,16,4,11,61,12,42,3,17,46,7,48,51,13,8,38,40,56,33,29,71,69,21,65,30,22,64,25,62,26,66,24,31,70,68
1968,56,3,44,19,54,57,40,15,38,42,50,41,45,39,55,18,6,7,5,52,16,46,58,49,10,47,60,2,14,51,25,67,72,24,33,68,71,29,28,70,27,65,34,63,62,69,32
1969,47,2,58,43,11,13,59,20,46,61,53,54,51,14,60,17,12,49,52,19,57,3,50,56,44,1,48,35,8,16,62,66,33,64,70,67,31,24,34,32,23,65,71,69,30,29,21
1970,61,60,47,4,48,11,41,13,2,54,49,8,58,43,12,19,37,9,38,3,50,14,45,51,20,46,6,42,52,40,72,62,69,24,21,68,23,70,31,34,27,25,29,30,22,66,64
1971,10,6,40,55,43,14,35,58,18,49,8,61,11,38,16,52,47,41,17,60,9,48,45,59,7,13,5,56,46,53,69,64,62,22,34,28,23,29,33,30,65,21,71,68,32,63,27
1972,50,40,51,44,17,41,45,14,2,42,3,58,20,1,18,46,52,36,35,55,7,56,19,59,39,43,4,57,10,49,21,29,32,64,69,70,28,68,67,33,23,22,72,66,26,24,62
1973,52,38,49,7,41,18,17,20,47,56,45,51,55,14,42,59,35,13,50,44,48,43,9,36,54,19,40,57,46,16,21,70,31,29,68,22,63,32,64,34,28,30,25,62,69,67,66
1974,35,49,42,43,37,38,8,48,13,17,51,14,9,58,55,50,7,18,11,56,54,36,39,59,16,47,2,40,57,10,29,62,67,71,34,30,26,69,70,65,63,27,33,25,22,24,66
1975,15,46,37,36,18,7,45,1,41,60,49,13,50,43,59,17,14,53,44,42,40,12,54,16,38,6,56,2,19,20,33,65,62,21,68,29,66,30,27,31,28,69,64,63,26,25,71
1976,13,50,61,37,7,6,20,48,35,58,53,56,4,15,10,17,45,44,49,9,2,11,8,19,47,38,3,16,1,59,71,23,62,72,64,65,67,70,34,66,21,24,30,25,63,27,29
1977,38,61,54,16,8,44,59,47,3,57,13,14,42,45,51,35,36,49,11,2,55,58,20,1,39,18,9,50,10,12,30,72,23,33,62,24,26,70,64,25,65,69,31,29,71,28,66
1978,53,45,8,3,20,39,54,50,46,38,56,43,14,52,15,48,35,1,37,7,57,13,60,59,12,10,51,40,6,19,28,29,26,63,64,69,62,23,25,31,22,70,21,24,27,71,72
1979,39,43,38,56,57,61,54,16,51,13,6,14,15,36,60,44,4,41,20,8,53,45,7,55,17,50,40,48,37,3,26,72,62,68,25,33,34,63,22,23,67,69,30,70,64,28,29
1980,56,37,49,57,12,39,18,35,61,1,11,15,47,46,40,10,42,48,58,55,36,6,44,54,3,41,4,50,17,13,28,72,21,29,32,31,65,23,25,27,69,70,67,68,33,22,24
1981,15,55,5,18,52,46,42,61,47,56,14,19,57,16,10,1,37,58,50,44,4,8,49,13,48,51,54,43,17,38,23,22,29,68,71,25,69,34,67,26,70,72,28,62,32,63,31
1982,4,8,2,52,35,36,60,3,50,40,58,11,16,1,44,15,55,51,46,12,54,5,39,9,47,45,43,19,10,13,68,63,70,33,72,21,65,64,25,30,29,31,32,27,66,69,34
1983,2,36,61,44,56,58,40,4,41,51,60,57,8,11,16,43,17,10,15,38,12,6,13,52,14,42,45,20,37,59,72,30,32,21,64,26,69,34,65,25,29,33,28,27,68,22,62
1984,40,54,57,36,59,61,53,48,51,35,56,58,6,8,20,42,2,11,39,19,44,10,52,13,16,12,17,9,14,7,71,65,34,30,22,31,28,33,23,70,25,24,26,62,66,63,29
1985,11,47,39,54,51,58,49,35,17,48,18,5,59,57,10,55,40,4,45,13,2,38,1,50,46,3,56,44,43,8,25,62,23,66,22,67,30,63,28,72,32,70,69,31,29,27,33
1986,54,9,18,37,6,1,48,40,52,5,4,46,57,51,3,38,20,56,35,42,11,15,14,45,43,13,47,50,58,60,67,25,64,33,63,70,62,71,24,32,66,28,23,26,72,34,68
1987,43,11,10,42,36,58,40,46,54,51,39,16,37,53,56,52,15,2,49,6,45,7,50,55,48,38,59,5,8,47,24,66,62,69,32,67,65,72,30,27,21,63,25,34,64,71,29
1988,53,54,58,8,35,60,49,40,6,20,48,10,39,52,47,46,55,41,59,13,16,1,36,61,7,50,44,15,43,18,72,69,34,28,31,23,70,24,25,68,29,26,63,65,62,27,66
1989,9,51,18,47,43,16,45,54,58,49,17,2,50,39,59,44,48,46,52,56,60,7,19,10,35,37,5,20,11,38,32,21,72,23,63,66,34,27,28,67,24,69,31,65,62,26,22
1990,8,37,12,61,53,42,19,38,46,47,2,44,20,49,40,55,59,60,6,45,10,41,57,52,48,43,13,3,58,56,23,66,69,62,24,34,63,71,22,28,68,31,32,33,65,72,64
1991,61,9,56,53,4,8,35,49,57,13,5,54,40,17,58,44,37,16,55,47,45,41,18,51,11,43,50,14,15,60,72,63,65,70,66,71,23,25,32,33,24,69,34,64,68,22,27
1992,14,40,61,4,12,49,19,60,11,47,58,7,50,1,13,35,44,46,43,2,56,52,6,16,36,9,5,15,38,51,27,32,30,26,21,70,67,33,28,69,68,31,25,63,24,71,34
1993,56,10,7,61,16,11,20,36,35,47,19,55,53,18,59,46,54,6,42,49,4,58,44,43,15,2,38,13,1,40,63,65,29,66,69,24,71,62,27,23,64,26,68,28,70,25,67
1994,38,61,39,58,44,49,8,56,1,54,3,10,18,51,59,15,43,45,17,4,14,37,53,55,11,9,16,60,41,13,22,71,34,24,66,68,31,27,32,67,64,30,21,25,33,70,23
1995,49,8,51,38,17,14,4,18,54,59,58,35,13,42,15,12,43,46,6,19,20,11,52,60,37,40,5,1,44,2,62,26,27,69,21,25,23,30,71,31,72,64,67,24,66,34,70
1996,16,15,56,12,11,49,43,54,60,35,19,6,2,58,39,37,4,45,3,17,8,50,40,9,7,52,57,42,5,47,28,22,27,21,66,63,72,64,62,33,68,31,67,23,71,26,29
1997,5,13,14,6,2,7,52,10,18,37,35,38,45,20,19,11,8,53,57,15,41,16,58,48,61,43,39,55,47,12,66,22,29,63,65,28,62,68,70,33,72,69,31,71,34,32,27
1998,17,38,46,13,41,1,60,2,40,53,49,48,59,8,37,51,12,50,61,14,35,45,39,52,9,55,36,58,18,44,26,33,72,27,32,68,67,28,66,69,64,62,65,31,70,21,63
1999,37,9,38,40,5,20,61,53,7,54,44,46,55,35,43,12,3,56,42,36,14,60,10,48,52,6,18,4,1,50,22,21,67,27,29,71,28,31,66,32,69,30,70,26,34,65,72
2000,58,55,52,12,57,16,40,42,53,6,19,36,46,60,8,4,48,35,1,41,14,61,11,2,3,49,43,5,13,50,31,63,23,68,22,26,28,27,29,66,24,25,65,67,33,21,34
