rank,original_index,feature_id,p_value,selected_top250,selected_mixed250
1,4328,X59417_at,2.95882366232706e-12,TRUE,TRUE
2,2354,M92287_at,6.43266588919893e-12,TRUE,TRUE
3,6855,M31523_at,1.1797391037563e-11,TRUE,TRUE
4,6281,M31211_s_at,1.97466377686203e-11,TRUE,TRUE
5,2642,U05259_rna1_at,4.11969500027287e-11,TRUE,TRUE
6,6225,M84371_rna1_s_at,4.72690566443989e-11,TRUE,TRUE
7,1144,J05243_at,8.40660887261776e-11,TRUE,TRUE
8,1685,M11722_at,2.39458053554326e-10,TRUE,TRUE
9,2335,M89957_at,2.67314904868079e-10,TRUE,TRUE
10,2441,S50223_at,2.70823988019847e-10,TRUE,TRUE
11,6974,M28170_at,4.85604875934204e-10,TRUE,TRUE
12,804,HG1612-HT1612_at,4.89088824677213e-10,TRUE,TRUE
13,5772,U22376_cds2_s_at,5.21056426533428e-10,TRUE,TRUE
14,4973,Y08612_at,5.31858248629678e-10,TRUE,TRUE
15,7119,U29175_at,8.50240657770962e-10,TRUE,TRUE
16,6702,X97267_rna1_s_at,9.25386261463339e-10,TRUE,TRUE
17,758,D88270_at,2.6660221986466e-09,TRUE,TRUE
18,1962,M33680_at,2.81818717037211e-09,TRUE,TRUE
19,1928,M31303_rna1_at,3.05741467696925e-09,TRUE,TRUE
20,4196,X17042_at,3.16224732388639e-09,TRUE,TRUE
21,5501,Z15115_at,5.11816860690648e-09,TRUE,TRUE
22,4847,X95735_at,5.57055327491925e-09,TRUE,TRUE
23,4438,X66401_cds1_at,5.59534104898965e-09,TRUE,TRUE
24,5377,U07139_at,9.44124253717875e-09,TRUE,TRUE
25,4167,X15414_at,1.0693704881938e-08,TRUE,TRUE
26,1078,J03473_at,1.09495392539182e-08,TRUE,TRUE
27,5593,D26156_s_at,1.17845558968839e-08,TRUE,TRUE
28,3252,U46499_at,1.82455191119515e-08,TRUE,TRUE
29,1630,L47738_at,2.1434011006153e-08,TRUE,TRUE
30,6283,M65214_s_at,2.46669925827241e-08,TRUE,TRUE
31,5552,L06797_s_at,2.47684217231518e-08,TRUE,TRUE
32,5171,Z49194_at,2.95316845739914e-08,TRUE,TRUE
33,4211,X51521_at,4.03903353647077e-08,TRUE,TRUE
34,149,AF009426_at,5.05560865867356e-08,TRUE,TRUE
35,3722,U77948_at,5.47479645496553e-08,TRUE,TRUE
36,4951,Y07604_at,6.46350922835867e-08,TRUE,TRUE
37,4609,X78669_at,9.1915415899652e-08,TRUE,TRUE
38,2020,M55150_at,9.76853016499243e-08,TRUE,TRUE
39,6257,M27504_s_at,1.10423994897043e-07,TRUE,TRUE
40,2111,M62762_at,1.17383163466563e-07,TRUE,TRUE
41,1239,L07633_at,1.39157812870616e-07,TRUE,TRUE
42,1306,L13278_at,1.5029192488303e-07,TRUE,TRUE
43,1909,M29696_at,1.59512462095701e-07,TRUE,TRUE
44,2497,S76617_at,1.63644016075717e-07,TRUE,TRUE
45,4680,X82240_rna1_at,1.65042364255728e-07,TRUE,TRUE
46,668,D86967_at,2.0054166160141e-07,TRUE,TRUE
47,538,D63880_at,2.29532244566753e-07,TRUE,TRUE
48,3984,U94855_at,2.51190723453608e-07,TRUE,TRUE
49,5254,D38073_at,2.8813911875425e-07,TRUE,TRUE
50,2348,M91432_at,2.94895429620339e-07,TRUE,TRUE
51,6041,L09209_s_at,2.96017059147892e-07,TRUE,FALSE
52,2439,S46622_at,3.00499516055041e-07,TRUE,FALSE
53,4463,X67951_at,3.1391756970243e-07,TRUE,FALSE
54,4318,X58529_at,3.2803276020318e-07,TRUE,FALSE
55,6472,U18271_cds3_s_at,3.32317950772006e-07,TRUE,FALSE
56,4535,X74262_at,3.6352828667304e-07,TRUE,FALSE
57,6801,L49229_f_at,3.96461791225889e-07,TRUE,FALSE
58,6471,U09087_s_at,4.20853953154178e-07,TRUE,FALSE
59,4291,X56468_at,4.32238930256102e-07,TRUE,FALSE
60,6347,M63838_s_at,4.33021188890677e-07,TRUE,FALSE
61,412,D42043_at,4.46444456082094e-07,TRUE,FALSE
62,2131,M63488_at,4.50811487187917e-07,TRUE,FALSE
63,4480,X69111_at,4.66062966116643e-07,TRUE,FALSE
64,2276,M83233_at,4.80933434533512e-07,TRUE,FALSE
65,2626,U03911_at,4.9935373052493e-07,TRUE,FALSE
66,532,D63874_at,6.33775353368243e-07,TRUE,FALSE
67,461,D49950_at,6.42448164634994e-07,TRUE,FALSE
68,1834,M23197_at,6.51916231551603e-07,TRUE,FALSE
69,5625,X62153_s_at,7.39633757314492e-07,TRUE,FALSE
70,4582,X76648_at,7.46008480786738e-07,TRUE,FALSE
71,3507,U62136_at,7.81598403167366e-07,TRUE,FALSE
72,1674,M11147_at,8.21190382624639e-07,TRUE,FALSE
73,4447,X66867_cds1_at,8.36015390421168e-07,TRUE,FALSE
74,2084,M60527_at,9.0534849900038e-07,TRUE,FALSE
75,4366,X61587_at,9.28473892441973e-07,TRUE,FALSE
76,1745,M16038_at,9.63432050259334e-07,TRUE,FALSE
77,5062,Z14982_rna1_at,9.80945324504683e-07,TRUE,FALSE
78,1829,M22960_at,1.0398262436512e-06,TRUE,FALSE
79,1081,J03589_at,1.07548430283304e-06,TRUE,FALSE
80,3778,U79285_at,1.09883357551661e-06,TRUE,FALSE
81,490,D50918_at,1.13955808109112e-06,TRUE,FALSE
82,5274,HG2846-HT2983_at,1.23030814143049e-06,TRUE,FALSE
83,1598,L41559_at,1.35113529645269e-06,TRUE,FALSE
84,6515,U26266_s_at,1.36705698944617e-06,TRUE,FALSE
85,6005,M32304_s_at,1.41764087288373e-06,TRUE,FALSE
86,6167,M12959_s_at,1.4248267424467e-06,TRUE,FALSE
87,1906,M29551_at,1.47518606234098e-06,TRUE,FALSE
88,2733,U10485_at,1.50476987359206e-06,TRUE,FALSE
89,3172,U40572_at,1.54397158871232e-06,TRUE,FALSE
90,3475,U60115_at,1.63188986649787e-06,TRUE,FALSE
91,4389,X63469_at,1.63661983961464e-06,TRUE,FALSE
92,5688,L33930_s_at,1.68695921553518e-06,TRUE,FALSE
93,878,HG2855-HT2995_at,1.74114217701998e-06,TRUE,FALSE
94,4153,X14850_at,1.75293461246495e-06,TRUE,FALSE
95,4472,X68560_at,1.79932820843716e-06,TRUE,FALSE
96,5585,U00802_s_at,1.80384650662996e-06,TRUE,FALSE
97,2288,M84526_at,2.01083146727065e-06,TRUE,FALSE
98,1260,L09717_at,2.03142438102372e-06,TRUE,FALSE
99,3932,U90549_at,2.07020992973139e-06,TRUE,FALSE
100,3070,U33822_at,2.1473525708055e-06,TRUE,FALSE
101,4006,U97502_rna1_at,2.3686099088599e-06,TRUE,FALSE
102,2121,M63138_at,2.62664806790481e-06,TRUE,FALSE
103,3688,U73737_at,2.67859623016724e-06,TRUE,FALSE
104,6064,L14848_s_at,2.70714083730006e-06,TRUE,FALSE
105,5191,Z69881_at,2.80036306319339e-06,TRUE,FALSE
106,635,D84294_at,2.95307314764969e-06,TRUE,FALSE
107,4324,X59350_at,2.95557963045163e-06,TRUE,FALSE
108,3320,U50136_rna1_at,2.9624450190049e-06,TRUE,FALSE
109,1882,M27891_at,2.96261991869173e-06,TRUE,FALSE
110,4914,X99585_at,3.02721717155403e-06,TRUE,FALSE
111,229,D14658_at,3.05556437339995e-06,TRUE,FALSE
112,2363,M93056_at,3.1786520077769e-06,TRUE,FALSE
113,6761,L11672_r_at,3.47340294054519e-06,TRUE,FALSE
114,2855,U18062_at,3.51105640414114e-06,TRUE,FALSE
115,2408,M96803_at,3.75702144685451e-06,TRUE,FALSE
116,2010,M38690_at,3.86607630794886e-06,TRUE,FALSE
117,1380,L20010_at,4.04770532200061e-06,TRUE,FALSE
118,3221,U43885_at,4.09814002075588e-06,TRUE,FALSE
119,2475,S72008_at,4.11986079068804e-06,TRUE,FALSE
120,5300,L08895_at,4.12914263379505e-06,TRUE,FALSE
121,1207,L05148_at,4.59805260144868e-06,TRUE,FALSE
122,1704,M13792_at,4.69181261566447e-06,TRUE,FALSE
123,4936,Y00433_at,4.72627316031639e-06,TRUE,FALSE
124,1120,J04615_at,4.7443922836725e-06,TRUE,FALSE
125,3975,U94319_at,4.7609919105438e-06,TRUE,FALSE
126,1369,L19437_at,4.84845755509737e-06,TRUE,FALSE
127,5984,J04029_s_at,4.85173026542379e-06,TRUE,FALSE
128,4116,X12447_at,5.01258703962059e-06,TRUE,FALSE
129,2422,M98045_at,5.24126732889951e-06,TRUE,FALSE
130,3391,U53468_at,5.31139611986345e-06,TRUE,FALSE
131,4925,X99920_at,5.3790383734773e-06,TRUE,FALSE
132,4164,X15357_at,5.405498412036e-06,TRUE,FALSE
133,1551,L38951_at,5.57636305036069e-06,TRUE,FALSE
134,3137,U38846_at,5.72547102896213e-06,TRUE,FALSE
135,5129,Z35102_at,5.73725716682564e-06,TRUE,FALSE
136,4448,X66899_at,6.32011028961562e-06,TRUE,FALSE
137,6573,U49020_cds2_s_at,6.38248771416107e-06,TRUE,FALSE
138,6049,U89922_s_at,6.41082942581879e-06,TRUE,FALSE
139,4644,X80230_at,6.53757614824944e-06,TRUE,FALSE
140,3847,U82759_at,6.5766634886158e-06,TRUE,FALSE
141,3706,U76638_at,6.63158177992661e-06,TRUE,FALSE
142,6516,U26312_s_at,6.81089897959511e-06,TRUE,FALSE
143,3056,U32944_at,6.90098710614895e-06,TRUE,FALSE
144,6919,X16546_at,7.18107483892694e-06,TRUE,FALSE
145,4330,X59543_at,7.29607829914294e-06,TRUE,FALSE
146,6895,U27460_at,7.49894110685566e-06,TRUE,FALSE
147,3336,U50939_at,7.60497531228224e-06,TRUE,FALSE
148,1291,L11669_at,7.66143485046451e-06,TRUE,FALSE
149,1399,L21936_at,7.86640544788086e-06,TRUE,FALSE
150,65,AB000449_at,8.03223783300226e-06,TRUE,FALSE
151,6726,HG3546-HT3744_s_at,8.12839783870365e-06,TRUE,FALSE
152,2739,U10868_at,8.41095820303893e-06,TRUE,FALSE
153,4229,X52056_at,8.45935059741332e-06,TRUE,FALSE
154,3104,U36621_cds2_at,8.74040232732352e-06,TRUE,FALSE
155,1897,M29064_at,9.06484388270577e-06,TRUE,FALSE
156,1604,L41870_at,9.29811781838604e-06,TRUE,FALSE
157,3784,U79291_at,9.39565681809733e-06,TRUE,FALSE
158,2909,U20998_at,1.07506139136171e-05,TRUE,FALSE
159,5231,Z93784_at,1.10798340309639e-05,TRUE,FALSE
160,3422,U57094_at,1.14005516458382e-05,TRUE,FALSE
161,293,D23673_at,1.141074906046e-05,TRUE,FALSE
162,4831,X95073_at,1.16687611225546e-05,TRUE,FALSE
163,634,D84276_at,1.17963114381083e-05,TRUE,FALSE
164,4592,X77533_at,1.18005800124178e-05,TRUE,FALSE
165,1087,J03798_at,1.22075322548369e-05,TRUE,FALSE
166,3861,U83843_at,1.23207859617077e-05,TRUE,FALSE
167,3359,U51990_at,1.24308265019645e-05,TRUE,FALSE
168,1807,M21551_rna1_at,1.28697311470695e-05,TRUE,FALSE
169,235,D14664_at,1.31616672184736e-05,TRUE,FALSE
170,5823,X75755_rna1_s_at,1.45074770707575e-05,TRUE,FALSE
171,1913,M29971_at,1.47848767938436e-05,TRUE,FALSE
172,332,D28423_at,1.51291856898295e-05,TRUE,FALSE
173,2995,U28833_at,1.56861841983612e-05,TRUE,FALSE
174,3416,U56833_at,1.59044004456372e-05,TRUE,FALSE
175,3611,U68063_at,1.6477786955378e-05,TRUE,FALSE
176,1381,L20298_at,1.68098512617773e-05,TRUE,FALSE
177,5130,Z35227_at,1.73373781493228e-05,TRUE,FALSE
178,6184,M26708_s_at,1.84973319387618e-05,TRUE,FALSE
179,6373,M81695_s_at,1.96054848960971e-05,TRUE,FALSE
180,1615,L42379_at,2.00224042486358e-05,TRUE,FALSE
181,5087,Z23064_at,2.01226520399217e-05,TRUE,FALSE
182,5107,Z29067_at,2.06813818194884e-05,TRUE,FALSE
183,1725,M14636_at,2.08625504517916e-05,TRUE,FALSE
184,2215,M74719_at,2.10621755315389e-05,TRUE,FALSE
185,3888,U86782_at,2.17046698902248e-05,TRUE,FALSE
186,587,D80003_at,2.17255039504692e-05,TRUE,FALSE
187,6185,X64072_s_at,2.21692768607658e-05,TRUE,FALSE
188,2597,U02493_at,2.22067938514571e-05,TRUE,FALSE
189,3938,U90902_at,2.25201169368525e-05,TRUE,FALSE
190,2833,U16954_at,2.27790632228782e-05,TRUE,FALSE
191,4399,X63753_at,2.30389801148593e-05,TRUE,FALSE
192,6623,U72936_s_at,2.30542092561986e-05,TRUE,FALSE
193,885,HG3088-HT3263_at,2.3740605341135e-05,TRUE,FALSE
194,3096,U35451_at,2.37753092678029e-05,TRUE,FALSE
195,590,D80006_at,2.39947910124164e-05,TRUE,FALSE
196,697,D87078_at,2.48888375285411e-05,TRUE,FALSE
197,6725,U46006_s_at,2.52024985510034e-05,TRUE,FALSE
198,3183,U41635_at,2.54393709704719e-05,TRUE,FALSE
199,6847,M13485_at,2.61298213125454e-05,TRUE,FALSE
200,585,D80001_at,2.62289004006293e-05,TRUE,FALSE
201,134,AF005043_at,2.62720717376727e-05,TRUE,FALSE
202,1827,M22898_at,2.68471493128016e-05,TRUE,FALSE
203,5335,M21535_at,2.71653107009185e-05,TRUE,FALSE
204,4546,X74801_at,2.71663967839752e-05,TRUE,FALSE
205,654,D86479_at,2.77099792442195e-05,TRUE,FALSE
206,683,D86983_at,2.93409707778731e-05,TRUE,FALSE
207,4418,X65550_at,2.96788321971546e-05,TRUE,FALSE
208,5683,U19713_s_at,2.98360992279222e-05,TRUE,FALSE
209,2546,S82470_at,3.21318916916474e-05,TRUE,FALSE
210,4377,X62654_rna1_at,3.25958820665826e-05,TRUE,FALSE
211,6806,X14008_rna1_f_at,3.30269852199018e-05,TRUE,FALSE
212,284,D21262_at,3.37016533628728e-05,TRUE,FALSE
213,1159,K01911_at,3.37986585517945e-05,TRUE,FALSE
214,4230,X52142_at,3.4547735353613e-05,TRUE,FALSE
215,6120,M34458_rna1_s_at,3.65061851604716e-05,TRUE,FALSE
216,2577,U01062_at,3.71916527794559e-05,TRUE,FALSE
217,5094,Z24727_at,3.72432764735916e-05,TRUE,FALSE
218,6797,J03801_f_at,3.74567205516746e-05,TRUE,FALSE
219,4714,X84709_at,3.7696858282649e-05,TRUE,FALSE
220,2295,M85169_at,3.85157371692492e-05,TRUE,FALSE
221,352,D30037_at,3.88246458478335e-05,TRUE,FALSE
222,6803,M19045_f_at,3.96049352677228e-05,TRUE,FALSE
223,4752,X87613_at,4.14533489289515e-05,TRUE,FALSE
224,3108,U36922_at,4.2536268207075e-05,TRUE,FALSE
225,5352,M69181_at,4.29516050145535e-05,TRUE,FALSE
226,4653,X80907_at,4.4462863284665e-05,TRUE,FALSE
227,3017,U30828_at,4.50654397124185e-05,TRUE,FALSE
228,200,D13627_at,4.6694952417551e-05,TRUE,FALSE
229,353,D30655_at,4.88996511733779e-05,TRUE,FALSE
230,88,AB002559_at,4.89283657780073e-05,TRUE,FALSE
231,4195,X17025_at,4.89737588325017e-05,TRUE,FALSE
232,515,D63391_at,4.98458912297412e-05,TRUE,FALSE
233,1649,L76703_at,5.02572637946592e-05,TRUE,FALSE
234,1779,M19507_at,5.17013024047912e-05,TRUE,FALSE
235,6201,Y00787_s_at,5.25696782552656e-05,TRUE,FALSE
236,5361,M93651_at,5.32655657137818e-05,TRUE,FALSE
237,6169,M13690_s_at,5.35936395307897e-05,TRUE,FALSE
238,1268,L10373_at,5.48052148674608e-05,TRUE,FALSE
239,3135,U38545_at,5.60718105152838e-05,TRUE,FALSE
240,2498,S76965_at,5.92483043010046e-05,TRUE,FALSE
241,3714,U77604_at,6.00732097026337e-05,TRUE,FALSE
242,3012,U30255_at,6.08493664488309e-05,TRUE,FALSE
243,6388,S54005_s_at,6.16277986435344e-05,TRUE,FALSE
244,1543,L38810_at,6.20921486343089e-05,TRUE,FALSE
245,2014,M54992_at,6.30698306726527e-05,TRUE,FALSE
246,6179,M14328_s_at,6.52743168516628e-05,TRUE,FALSE
247,2485,S74221_at,6.61615088519068e-05,TRUE,FALSE
248,6920,X17093_at,6.70937767006799e-05,TRUE,FALSE
249,695,D87076_at,6.86027841955146e-05,TRUE,FALSE
250,3899,U88666_at,7.0368763253035e-05,TRUE,FALSE
251,2659,U07132_at,7.0438831082525e-05,FALSE,FALSE
252,972,HG4074-HT4344_at,7.07709723844092e-05,FALSE,FALSE
253,671,D86970_at,7.24927332487126e-05,FALSE,FALSE
254,156,AF015950_at,7.25818147795604e-05,FALSE,FALSE
255,3014,U30521_at,7.40195993936617e-05,FALSE,FALSE
256,2912,U21090_at,7.42225436412165e-05,FALSE,FALSE
257,5833,U05572_s_at,7.44452162306705e-05,FALSE,FALSE
258,1902,M29474_at,7.57225362337464e-05,FALSE,FALSE
259,6376,M83652_s_at,7.66798056802047e-05,FALSE,FALSE
260,7046,J00148_cds2_f_at,7.69286339279479e-05,FALSE,FALSE
261,4697,X83378_at,7.72136339968637e-05,FALSE,FALSE
262,2402,M96326_rna1_at,7.87065964705498e-05,FALSE,FALSE
263,5583,D17408_s_at,7.88970727996516e-05,FALSE,FALSE
264,3371,U52427_rna1_at,7.91845796638676e-05,FALSE,FALSE
265,155,AF015913_at,7.97334265116349e-05,FALSE,FALSE
266,2385,M94633_at,7.97491532823408e-05,FALSE,FALSE
267,900,HG3254-HT3431_at,8.06080804381164e-05,FALSE,FALSE
268,2598,U02556_at,8.25535294574122e-05,FALSE,FALSE
269,833,HG2274-HT2370_at,8.56241876184805e-05,FALSE,FALSE
270,4823,X94232_at,8.5870555571634e-05,FALSE,FALSE
271,1249,L08246_at,8.68003677410146e-05,FALSE,FALSE
272,3355,U51678_at,8.72980801307847e-05,FALSE,FALSE
273,6588,U59877_s_at,8.73303268925511e-05,FALSE,FALSE
274,2793,U14588_at,8.74579795210669e-05,FALSE,FALSE
275,3939,U90904_at,8.80480760894172e-05,FALSE,FALSE
276,3004,U29656_at,8.82280179660571e-05,FALSE,FALSE
277,3562,U65932_at,9.063568936334e-05,FALSE,FALSE
278,2956,U25849_at,9.25678812613617e-05,FALSE,FALSE
279,4091,X06614_at,9.29322421809572e-05,FALSE,FALSE
280,5468,X63468_at,9.54427384692122e-05,FALSE,FALSE
281,1539,L38608_at,9.59429246787092e-05,FALSE,FALSE
282,372,D31886_at,9.6030233129975e-05,FALSE,FALSE
283,3469,U59878_at,9.92717015001527e-05,FALSE,FALSE
284,1055,J02645_at,9.93360164487779e-05,FALSE,FALSE
285,4141,X13973_at,9.99472021886637e-05,FALSE,FALSE
286,4381,X63097_at,0.000100587660283514,FALSE,FALSE
287,5280,J02783_at,0.00010250431761352,FALSE,FALSE
288,6237,Z68228_s_at,0.000102716145707064,FALSE,FALSE
289,4894,X98411_at,0.000104628652202483,FALSE,FALSE
290,1241,L07758_at,0.000105407961972547,FALSE,FALSE
291,6967,M15395_at,0.000106125983960152,FALSE,FALSE
292,6561,U41767_s_at,0.000106223633474938,FALSE,FALSE
293,4898,X98833_rna1_at,0.000106339856085385,FALSE,FALSE
294,288,D21852_at,0.000106719897382173,FALSE,FALSE
295,1135,J05032_at,0.00010817887568871,FALSE,FALSE
296,4801,X92106_at,0.000108273814304068,FALSE,FALSE
297,5119,Z30426_at,0.000111853480223881,FALSE,FALSE
298,1787,M19989_cds2_at,0.000112242513848363,FALSE,FALSE
299,3897,U88047_at,0.000113084850115118,FALSE,FALSE
300,2001,M37435_at,0.000113413137162553,FALSE,FALSE
301,350,D29963_at,0.000113829632182292,FALSE,FALSE
302,3344,U51240_at,0.000114418972505079,FALSE,FALSE
303,6768,U90546_at,0.000114733164397792,FALSE,FALSE
304,3645,U70867_at,0.000117880504934064,FALSE,FALSE
305,6539,X85116_rna1_s_at,0.000118987485823371,FALSE,FALSE
306,2709,U09413_at,0.000120397968135392,FALSE,FALSE
307,3170,U40462_at,0.000122671422231762,FALSE,FALSE
308,173,D10495_at,0.000126033428579948,FALSE,FALSE
309,403,D38551_at,0.00012814846957655,FALSE,FALSE
310,3258,U46751_at,0.000129144195551873,FALSE,FALSE
311,2223,M76378_at,0.000129772043264359,FALSE,FALSE
312,5600,D28473_s_at,0.000132330811427476,FALSE,FALSE
313,3674,U73167_cds5_at,0.000132510822387426,FALSE,FALSE
314,1384,L20321_at,0.000136883226326328,FALSE,FALSE
315,2951,U25435_at,0.00013821954054699,FALSE,FALSE
316,1887,M28214_at,0.000139200773873341,FALSE,FALSE
317,463,D50063_at,0.000140019427374549,FALSE,FALSE
318,6598,U61397_s_at,0.000140820583813799,FALSE,FALSE
319,6644,U90552_at,0.000142186390473197,FALSE,FALSE
320,6463,U06155_at,0.0001426321201098,FALSE,FALSE
321,6055,U37055_rna1_s_at,0.000143702995380687,FALSE,FALSE
322,1933,M31627_at,0.000144359572958629,FALSE,FALSE
323,5750,HG2379-HT3996_s_at,0.000146527003090401,FALSE,FALSE
324,4334,X59711_at,0.000147184153554013,FALSE,FALSE
325,2419,M97856_at,0.000147500653763831,FALSE,FALSE
326,3494,U61145_at,0.00014774431784206,FALSE,FALSE
327,3775,U79277_at,0.000153490957966022,FALSE,FALSE
328,4723,X85372_at,0.00015360205211603,FALSE,FALSE
329,5409,U37426_at,0.000155819826648599,FALSE,FALSE
330,4005,U97188_at,0.00015619228369542,FALSE,FALSE
331,6971,M24069_at,0.000156649717565823,FALSE,FALSE
332,3780,U79287_at,0.000157955135562447,FALSE,FALSE
333,5766,HG2562-HT2658_s_at,0.000161875707743933,FALSE,FALSE
334,4532,X74008_at,0.000163627071690943,FALSE,FALSE
335,2123,M63167_at,0.000163957011058493,FALSE,FALSE
336,729,D87459_at,0.000166967698963741,FALSE,FALSE
337,283,D21261_at,0.000168827604820347,FALSE,FALSE
338,4052,X04085_rna1_at,0.000170530319093246,FALSE,FALSE
339,3561,U65928_at,0.000171257174588561,FALSE,FALSE
340,3769,U79270_at,0.000173776353776693,FALSE,FALSE
341,2184,M69023_at,0.000175622986658558,FALSE,FALSE
342,4499,X70297_at,0.000177736932442352,FALSE,FALSE
343,4169,X15573_at,0.000184399075826916,FALSE,FALSE
344,1217,L06132_at,0.000184534640330233,FALSE,FALSE
345,6021,L00634_s_at,0.00018959476484449,FALSE,FALSE
346,6923,X58399_at,0.000190142103701962,FALSE,FALSE
347,6162,X07438_s_at,0.000190917080817055,FALSE,FALSE
348,760,D88422_at,0.000192897214980778,FALSE,FALSE
349,5082,Z22551_at,0.000193740516474936,FALSE,FALSE
350,5189,Z68747_at,0.000193851497283614,FALSE,FALSE
351,171,D00763_at,0.000196946197538692,FALSE,FALSE
352,1927,M31210_at,0.000198342640632316,FALSE,FALSE
353,4177,X15949_at,0.00019994071823465,FALSE,FALSE
354,400,D38548_at,0.000200386745473012,FALSE,FALSE
355,5215,Z83741_at,0.00020070720584971,FALSE,FALSE
356,922,HG3494-HT3688_at,0.000201939474025064,FALSE,FALSE
357,4756,X87852_at,0.000202436854045778,FALSE,FALSE
358,5415,U41654_at,0.000204753428810015,FALSE,FALSE
359,4727,X85750_at,0.000205245973502565,FALSE,FALSE
360,4740,X86691_at,0.000206813195021661,FALSE,FALSE
361,3702,U76272_at,0.000213395666187756,FALSE,FALSE
362,3660,U72342_at,0.00021402026548633,FALSE,FALSE
363,2528,S80562_at,0.000215817004847497,FALSE,FALSE
364,5188,Z68204_at,0.00021807630721793,FALSE,FALSE
365,5466,X58072_at,0.000218828667726893,FALSE,FALSE
366,1804,M21259_at,0.000220203468079247,FALSE,FALSE
367,4939,Y00636_at,0.000220800950837897,FALSE,FALSE
368,2655,U06681_at,0.00022117715736261,FALSE,FALSE
369,4450,X66945_at,0.000222873056411252,FALSE,FALSE
370,5406,U35376_at,0.000227293494521815,FALSE,FALSE
371,6910,U84388_at,0.000228080486366606,FALSE,FALSE
372,4077,X05323_at,0.000233139758588152,FALSE,FALSE
373,6314,M38449_s_at,0.000233221216720633,FALSE,FALSE
374,5530,AF012024_s_at,0.000233883166677558,FALSE,FALSE
375,1753,M16505_at,0.000234333077412845,FALSE,FALSE
376,2141,M63959_at,0.000234656620578277,FALSE,FALSE
377,1010,HG4582-HT4987_at,0.000234771534894105,FALSE,FALSE
378,4254,X53793_at,0.000236579401030294,FALSE,FALSE
379,2254,M81118_at,0.000238112554755188,FALSE,FALSE
380,2324,M88108_at,0.000242423071315377,FALSE,FALSE
381,5839,X68505_s_at,0.000255679915240149,FALSE,FALSE
382,4764,X89398_cds2_at,0.000256231165276153,FALSE,FALSE
383,5637,D43682_s_at,0.00026381568417571,FALSE,FALSE
384,6477,U09820_s_at,0.000268747478594877,FALSE,FALSE
385,275,D21063_at,0.00026897410949867,FALSE,FALSE
386,2942,U24704_at,0.00027235461611604,FALSE,FALSE
387,5467,X59739_at,0.000280996630884509,FALSE,FALSE
388,1400,L21954_at,0.000283234643076986,FALSE,FALSE
389,1277,L10838_at,0.000290683643371598,FALSE,FALSE
390,5296,L06133_at,0.000292506850743994,FALSE,FALSE
391,1086,J03779_at,0.000292679560797055,FALSE,FALSE
392,1619,L42542_at,0.000295241171248752,FALSE,FALSE
393,997,HG4321-HT4591_at,0.000295858397689717,FALSE,FALSE
394,4107,X07743_at,0.000299194745436093,FALSE,FALSE
395,894,HG3162-HT3339_at,0.000301211445887266,FALSE,FALSE
396,2488,S74728_at,0.000301811942085308,FALSE,FALSE
397,3119,U37352_at,0.000308970689748933,FALSE,FALSE
398,484,D50912_at,0.000311503190562695,FALSE,FALSE
399,865,HG270-HT270_at,0.000312575902139338,FALSE,FALSE
400,4489,X69819_at,0.000314496246793217,FALSE,FALSE
401,1839,M23613_at,0.000316888501316107,FALSE,FALSE
402,3163,U40369_rna1_at,0.000318553733671799,FALSE,FALSE
403,1245,L07956_at,0.000328648120366615,FALSE,FALSE
404,3904,U88964_at,0.0003402677471508,FALSE,FALSE
405,5657,D63479_s_at,0.00034363885271004,FALSE,FALSE
406,6012,K02777_s_at,0.000352005249543474,FALSE,FALSE
407,5939,J02621_s_at,0.000352329699303669,FALSE,FALSE
408,2979,U28042_at,0.000357715023503221,FALSE,FALSE
409,2817,U15555_at,0.000358484837493577,FALSE,FALSE
410,3065,U33429_at,0.000362636290832838,FALSE,FALSE
411,4053,X04106_at,0.000365728318224699,FALSE,FALSE
412,770,D89052_at,0.000367867397921746,FALSE,FALSE
413,5437,U94836_at,0.000373274658797592,FALSE,FALSE
414,3962,U91985_at,0.00038093861707261,FALSE,FALSE
415,1154,J05614_at,0.000382430052884031,FALSE,FALSE
416,4030,X02317_at,0.000385611071047768,FALSE,FALSE
417,4748,X87212_at,0.000387041202261466,FALSE,FALSE
418,500,D50930_at,0.000392580650138552,FALSE,FALSE
419,6405,M98399_s_at,0.000392738439726739,FALSE,FALSE
420,4094,X06745_at,0.000393146348671763,FALSE,FALSE
421,92,AB003698_at,0.000394045467446505,FALSE,FALSE
422,4975,Y08614_at,0.000395502023405509,FALSE,FALSE
423,1670,M10901_at,0.000397877969710794,FALSE,FALSE
424,3038,U31814_at,0.000401548294961063,FALSE,FALSE
425,2248,M80563_at,0.000407589026070533,FALSE,FALSE
426,4996,Y09980_rna4_at,0.000409301847107094,FALSE,FALSE
427,4373,X62320_at,0.000410572629836751,FALSE,FALSE
428,6181,M14483_rna1_s_at,0.000419187500880549,FALSE,FALSE
429,5328,M14745_at,0.000423081511049113,FALSE,FALSE
430,5249,D25304_at,0.000425730174194886,FALSE,FALSE
431,2114,M62810_at,0.000425764870093085,FALSE,FALSE
432,7019,M27749_at,0.000426507378793256,FALSE,FALSE
433,1731,M15059_at,0.000431419358592054,FALSE,FALSE
434,5184,Z50853_at,0.000435356378063042,FALSE,FALSE
435,782,D90224_at,0.000437704837803013,FALSE,FALSE
436,2631,U04343_at,0.000438942357269253,FALSE,FALSE
437,4767,X89576_at,0.000442931351991064,FALSE,FALSE
438,6094,L25931_s_at,0.000449362850887143,FALSE,FALSE
439,4189,X16667_at,0.000451086999016646,FALSE,FALSE
440,4978,Y08837_at,0.000451684239790216,FALSE,FALSE
441,2804,U15009_at,0.000455868987016441,FALSE,FALSE
442,3121,U37408_at,0.000461251924453024,FALSE,FALSE
443,2713,U09564_at,0.000462531989991039,FALSE,FALSE
444,1197,L03532_at,0.000465047394149882,FALSE,FALSE
445,6357,M74088_s_at,0.000468351545236158,FALSE,FALSE
446,3361,U52101_at,0.000473937523116777,FALSE,FALSE
447,5240,D00860_at,0.000477859167878757,FALSE,FALSE
448,2120,M62994_at,0.000479603275705206,FALSE,FALSE
449,774,D89667_at,0.000482650406749044,FALSE,FALSE
450,168,D00760_at,0.000490516529540572,FALSE,FALSE
451,2359,M92439_at,0.000491649567682322,FALSE,FALSE
452,4873,X97335_at,0.000491855345609448,FALSE,FALSE
453,450,D49400_at,0.000494713995831375,FALSE,FALSE
454,5794,M13452_s_at,0.000495387768489178,FALSE,FALSE
455,4514,X71973_at,0.000495489889073578,FALSE,FALSE
456,5075,Z21507_at,0.000495569330529404,FALSE,FALSE
457,6394,X75091_s_at,0.000497234298434383,FALSE,FALSE
458,3341,U51127_at,0.000498825171549859,FALSE,FALSE
459,6957,J00314_at,0.000501690854963882,FALSE,FALSE
460,4232,X52192_at,0.000514575736317674,FALSE,FALSE
461,4008,V00563_at,0.000521048053017883,FALSE,FALSE
462,2050,M58297_at,0.0005241809810669,FALSE,FALSE
463,5569,HG1400-HT1400_s_at,0.00053144367364899,FALSE,FALSE
464,4375,X62535_at,0.000540208883697628,FALSE,FALSE
465,4058,X04325_at,0.000543122073214755,FALSE,FALSE
466,2250,M80647_at,0.000547710099552016,FALSE,FALSE
467,321,D26579_at,0.000551534383593151,FALSE,FALSE
468,2119,M62982_at,0.000552887364958212,FALSE,FALSE
469,2140,M63928_at,0.000553015183407431,FALSE,FALSE
470,4194,X16983_at,0.000556051330615782,FALSE,FALSE
471,2063,M59820_at,0.000559328823240061,FALSE,FALSE
472,3239,U45955_at,0.000566359650857575,FALSE,FALSE
473,2242,M80254_at,0.00057442666939296,FALSE,FALSE
474,4495,X70040_at,0.00057539694979311,FALSE,FALSE
475,3631,U70063_at,0.00057840308472738,FALSE,FALSE
476,1350,L16991_at,0.000578444952108314,FALSE,FALSE
477,6497,X74301_s_at,0.000581760398531372,FALSE,FALSE
478,6200,M28130_rna1_s_at,0.00058332832579155,FALSE,FALSE
479,1621,L42572_at,0.000583584644762378,FALSE,FALSE
480,4137,X13839_at,0.000588557681241661,FALSE,FALSE
481,6161,X05855_s_at,0.000588968823260738,FALSE,FALSE
482,3916,U89505_at,0.000595078272919519,FALSE,FALSE
483,815,HG1862-HT1897_at,0.000597371642311979,FALSE,FALSE
484,7118,U11863_at,0.000601105511340116,FALSE,FALSE
485,4188,X16665_at,0.00060527491857001,FALSE,FALSE
486,2305,M86667_at,0.000609205818906672,FALSE,FALSE
487,4569,X76061_at,0.000609732531358498,FALSE,FALSE
488,3605,U67963_at,0.00061400016049326,FALSE,FALSE
489,1955,M33336_at,0.000614404857738198,FALSE,FALSE
490,6524,Z50115_s_at,0.000616082465145659,FALSE,FALSE
491,649,D85758_at,0.000622579213594157,FALSE,FALSE
492,3269,U47414_at,0.000623503705306412,FALSE,FALSE
493,4504,X70683_at,0.000642021959446626,FALSE,FALSE
494,3935,U90651_at,0.000646011779455006,FALSE,FALSE
495,6874,M99435_at,0.00065928750425527,FALSE,FALSE
496,2776,U13666_at,0.000660433510394291,FALSE,FALSE
497,231,D14660_at,0.000678993485086573,FALSE,FALSE
498,1157,K01396_at,0.000681366143050177,FALSE,FALSE
499,3723,U77949_at,0.000690910545764867,FALSE,FALSE
500,343,D29643_at,0.000691870076080813,FALSE,FALSE
501,2252,M80899_at,0.00069817667099223,FALSE,FALSE
502,4780,X90858_at,0.00071113796753136,FALSE,FALSE
503,2729,U10323_at,0.000718012686657736,FALSE,FALSE
504,2312,M86849_at,0.000730087655681526,FALSE,FALSE
505,1098,J04056_at,0.000734075205564881,FALSE,FALSE
506,640,D84557_at,0.000735886373876074,FALSE,FALSE
507,3625,U69127_at,0.000738819788315885,FALSE,FALSE
508,1592,L41067_at,0.000739729757322881,FALSE,FALSE
509,195,D13315_at,0.000744165628324135,FALSE,FALSE
510,1739,M15796_at,0.000749320267122084,FALSE,FALSE
511,2557,S85655_at,0.000757465915348987,FALSE,FALSE
512,4712,X84373_at,0.000761989548023609,FALSE,FALSE
513,5418,U47077_at,0.000763520917266083,FALSE,FALSE
514,4082,X05908_at,0.000764386436657831,FALSE,FALSE
515,4763,X89267_at,0.000768960283772252,FALSE,FALSE
516,5678,D86062_s_at,0.000769249198743726,FALSE,FALSE
517,1946,M32334_at,0.000769883521099271,FALSE,FALSE
518,583,D79998_at,0.000773134394893295,FALSE,FALSE
519,4608,X78627_at,0.000774474107884202,FALSE,FALSE
520,3946,U90912_at,0.000774777114657564,FALSE,FALSE
521,4329,X59434_at,0.000775318964317105,FALSE,FALSE
522,5290,L00058_at,0.000778013616278707,FALSE,FALSE
523,3063,U33286_at,0.000780379386335395,FALSE,FALSE
524,4376,X62573_at,0.000786282368744347,FALSE,FALSE
525,5122,Z32765_at,0.000786383883201346,FALSE,FALSE
526,4158,X15183_at,0.00078790086470316,FALSE,FALSE
527,4932,Y00282_at,0.000788149791146793,FALSE,FALSE
528,4490,X69838_at,0.000793835784006653,FALSE,FALSE
529,2043,M57710_at,0.000797471671369716,FALSE,FALSE
530,1146,J05257_at,0.000798163172245249,FALSE,FALSE
531,2179,M68864_at,0.000800547234110428,FALSE,FALSE
532,2455,S66431_at,0.000804773375876614,FALSE,FALSE
533,2759,U12471_cds1_at,0.000807126406097707,FALSE,FALSE
534,6677,X58431_rna2_s_at,0.000808540222439377,FALSE,FALSE
535,4819,X93512_at,0.000813209144063542,FALSE,FALSE
536,4519,X72790_at,0.000813744873305537,FALSE,FALSE
537,3334,U50928_at,0.000819396485074641,FALSE,FALSE
538,5955,U50327_s_at,0.000819913312292211,FALSE,FALSE
539,2125,M63180_at,0.000822267778018931,FALSE,FALSE
540,4142,X14046_at,0.000826362041578937,FALSE,FALSE
541,1394,L20941_at,0.000857691052395216,FALSE,FALSE
542,5573,U41766_s_at,0.000870278612359755,FALSE,FALSE
543,389,D38293_at,0.000871986927678763,FALSE,FALSE
544,930,HG3549-HT3751_at,0.000873703730087771,FALSE,FALSE
545,3648,U71087_at,0.000876746908887212,FALSE,FALSE
546,98,AC000064_cds1_at,0.000888116056162591,FALSE,FALSE
547,3348,U51336_at,0.000901195908350768,FALSE,FALSE
548,163,D00596_at,0.000918000443935882,FALSE,FALSE
549,4368,X61970_at,0.000936428722980607,FALSE,FALSE
550,4604,X78520_at,0.000937961926165258,FALSE,FALSE
551,5771,HG2591-HT2687_s_at,0.000947622677517444,FALSE,FALSE
552,4461,X67698_at,0.000950706490866043,FALSE,FALSE
553,2426,M98539_at,0.00095402499300089,FALSE,FALSE
554,4856,X96752_at,0.000978466469177656,FALSE,FALSE
555,296,D25217_at,0.000980418714927162,FALSE,FALSE
556,1648,L76702_at,0.000989271206595083,FALSE,FALSE
557,1220,L06175_at,0.000996065156102994,FALSE,FALSE
558,4282,X55740_at,0.000998624166187011,FALSE,FALSE
559,6940,Z30644_at,0.00101290048338779,FALSE,FALSE
560,797,HG1148-HT1148_at,0.00101760897572208,FALSE,FALSE
561,3030,U31342_at,0.00101854851998768,FALSE,FALSE
562,4204,X17648_at,0.00102289986920856,FALSE,FALSE
563,1835,M23254_at,0.00102295115888559,FALSE,FALSE
564,4128,X13238_at,0.00102438623275657,FALSE,FALSE
565,4274,X55079_rna1_at,0.00102734618514558,FALSE,FALSE
566,3178,U41060_at,0.0010423203820221,FALSE,FALSE
567,6584,Z54367_s_at,0.00105244647691292,FALSE,FALSE
568,3392,U53476_at,0.00105399966965564,FALSE,FALSE
569,2428,M98833_at,0.00106471964475219,FALSE,FALSE
570,6836,K03431_cds1_at,0.00106531808284218,FALSE,FALSE
571,720,D87449_at,0.00107269424640501,FALSE,FALSE
572,1921,M30938_at,0.00108981892859986,FALSE,FALSE
573,4372,X62078_at,0.00109749706348723,FALSE,FALSE
574,4050,X03934_at,0.00109934867047819,FALSE,FALSE
575,2664,U07231_at,0.00110776184301382,FALSE,FALSE
576,4096,X06985_at,0.00111688220678804,FALSE,FALSE
577,7020,M27749_r_at,0.00112817911059087,FALSE,FALSE
578,4501,X70394_at,0.00113040258675322,FALSE,FALSE
579,1640,L76159_at,0.00113372505204845,FALSE,FALSE
580,7044,HG67-HT67_f_at,0.00113504854632637,FALSE,FALSE
581,4541,X74570_at,0.00113653776616243,FALSE,FALSE
582,2291,M84739_at,0.00115052624457294,FALSE,FALSE
583,1379,L19872_at,0.00115914318483064,FALSE,FALSE
584,3342,U51166_at,0.00116972865312671,FALSE,FALSE
585,6922,X55989_rna1_at,0.00118747960923713,FALSE,FALSE
586,1924,M31158_at,0.00118890501310541,FALSE,FALSE
587,1092,J03909_at,0.00119043741180842,FALSE,FALSE
588,6510,U23852_s_at,0.00119180282052227,FALSE,FALSE
589,713,D87442_at,0.00119424889589394,FALSE,FALSE
590,751,D87953_at,0.00120023465628843,FALSE,FALSE
591,3504,U61836_at,0.00120143054988919,FALSE,FALSE
592,4524,X72964_at,0.00120296697468467,FALSE,FALSE
593,818,HG1879-HT1919_at,0.00120893131366279,FALSE,FALSE
594,874,HG2788-HT2896_at,0.00121182415462914,FALSE,FALSE
595,6040,S57212_s_at,0.00122470548623658,FALSE,FALSE
596,2399,M95809_at,0.0012322099346642,FALSE,FALSE
597,504,D55654_at,0.00123555725838673,FALSE,FALSE
598,4481,X69141_at,0.00124001605660841,FALSE,FALSE
599,6268,Z47055_s_at,0.00124668288348575,FALSE,FALSE
600,4443,X66533_at,0.00125121965124231,FALSE,FALSE
601,5263,D80000_at,0.00125379579577713,FALSE,FALSE
602,1223,L06505_at,0.00126283352033444,FALSE,FALSE
603,1605,L41887_rna1_at,0.00126400444938454,FALSE,FALSE
604,701,D87127_at,0.001266203027914,FALSE,FALSE
605,816,HG1869-HT1904_at,0.00126699922162112,FALSE,FALSE
606,6215,M19508_xpt3_s_at,0.00127784955742825,FALSE,FALSE
607,5192,Z69915_at,0.00128641631015278,FALSE,FALSE
608,5664,Y10807_s_at,0.00128961761518001,FALSE,FALSE
609,1898,M29194_at,0.00129998090756514,FALSE,FALSE
610,3433,U57721_at,0.00130377840480332,FALSE,FALSE
611,4190,X16706_at,0.00131235869716411,FALSE,FALSE
612,6545,U35835_s_at,0.00131261861366959,FALSE,FALSE
613,2373,M93650_at,0.00131614160996926,FALSE,FALSE
614,6563,U51333_s_at,0.00131627967143967,FALSE,FALSE
615,1595,L41162_at,0.00132362130619583,FALSE,FALSE
616,4343,X59892_at,0.00132370842623245,FALSE,FALSE
617,4273,X54942_at,0.00133261791165965,FALSE,FALSE
618,379,D32050_at,0.00133928481981654,FALSE,FALSE
619,5235,Z97074_at,0.00134516867989375,FALSE,FALSE
620,2137,M63835_at,0.00137502872611521,FALSE,FALSE
621,5942,X05130_s_at,0.00138708850621625,FALSE,FALSE
622,6963,L32961_at,0.00139167206979344,FALSE,FALSE
623,2945,U25128_at,0.00140293528448566,FALSE,FALSE
624,6209,Z19554_s_at,0.00140996907000536,FALSE,FALSE
625,5817,L07807_s_at,0.00141509517697669,FALSE,FALSE
626,4710,X84194_at,0.00141671987027412,FALSE,FALSE
627,2186,M69043_at,0.00142747472636866,FALSE,FALSE
628,438,D43950_at,0.00143196808337108,FALSE,FALSE
629,441,D45248_at,0.0014324905538745,FALSE,FALSE
630,1817,M22324_at,0.00143815826271312,FALSE,FALSE
631,1130,J04973_at,0.00143949891380403,FALSE,FALSE
632,2714,U09578_at,0.00144137065584635,FALSE,FALSE
633,1352,L17131_rna1_at,0.00144742240750154,FALSE,FALSE
634,4427,X66079_at,0.00144885249626989,FALSE,FALSE
635,5445,X04526_at,0.00147059167512824,FALSE,FALSE
636,6685,X89101_s_at,0.00147487388797659,FALSE,FALSE
637,4069,X04828_at,0.00147578319690486,FALSE,FALSE
638,4087,X06323_at,0.00148472679616704,FALSE,FALSE
639,6207,M18255_cds2_s_at,0.00148540689846973,FALSE,FALSE
640,3480,U60269_cds3_at,0.00149284980060902,FALSE,FALSE
641,6793,HG3921-HT4191_f_at,0.00150887633411907,FALSE,FALSE
642,1204,L04947_at,0.00151973255232272,FALSE,FALSE
643,6362,M75715_s_at,0.00152663989173882,FALSE,FALSE
644,3023,U30999_at,0.00154329783484924,FALSE,FALSE
645,5402,U31556_at,0.00156369849185927,FALSE,FALSE
646,6378,M83667_rna1_s_at,0.00156604018052067,FALSE,FALSE
647,4342,X59871_at,0.00157767534570576,FALSE,FALSE
648,1833,M23161_at,0.0015812067700725,FALSE,FALSE
649,6890,U21556_at,0.00158239557843205,FALSE,FALSE
650,3233,U44772_at,0.00158282277946199,FALSE,FALSE
651,2023,M55210_at,0.00158822294232374,FALSE,FALSE
652,259,D16469_at,0.00159729300870419,FALSE,FALSE
653,964,HG4018-HT4288_at,0.00159964710545667,FALSE,FALSE
654,2275,M83221_at,0.00161716871687142,FALSE,FALSE
655,1246,L08069_at,0.00163048509224591,FALSE,FALSE
656,506,D55716_at,0.0016347050245481,FALSE,FALSE
657,6605,X56687_s_at,0.00164248054698218,FALSE,FALSE
658,539,D63881_at,0.0016434792033115,FALSE,FALSE
659,6269,M29932_s_at,0.00164520411226066,FALSE,FALSE
660,435,D43947_at,0.00165353938344943,FALSE,FALSE
661,5777,U48705_rna1_s_at,0.00166796656995437,FALSE,FALSE
662,2943,U25029_at,0.00167629297245222,FALSE,FALSE
663,3237,U45285_at,0.00169065344994148,FALSE,FALSE
664,1740,M15841_at,0.00169412715028129,FALSE,FALSE
665,2645,U05340_at,0.00170537025002881,FALSE,FALSE
666,3386,U53225_at,0.00170745049021136,FALSE,FALSE
667,6332,M60483_rna1_s_at,0.00170964244446434,FALSE,FALSE
668,4811,X92814_at,0.00172871186647962,FALSE,FALSE
669,738,D87468_at,0.00174327202960361,FALSE,FALSE
670,2644,U05321_at,0.00174738290624938,FALSE,FALSE
671,2886,U19878_at,0.00175014489092582,FALSE,FALSE
672,3953,U91316_at,0.00176916266515541,FALSE,FALSE
673,337,D28589_at,0.00177025892191758,FALSE,FALSE
674,3684,U73514_at,0.00178151812341621,FALSE,FALSE
675,220,D13988_at,0.00178873438903442,FALSE,FALSE
676,2356,M92357_at,0.00179984639263399,FALSE,FALSE
677,5039,Y12670_at,0.00180240568946078,FALSE,FALSE
678,6999,X06318_at,0.00180307478045913,FALSE,FALSE
679,3773,U79274_at,0.00180474736267176,FALSE,FALSE
680,4804,X92475_at,0.00180616735808991,FALSE,FALSE
681,1584,L40410_at,0.0018138136378701,FALSE,FALSE
682,2451,S62539_at,0.00181410918209423,FALSE,FALSE
683,2361,M92934_at,0.00183680514743695,FALSE,FALSE
684,373,D31887_at,0.00184687912302408,FALSE,FALSE
685,5127,Z34975_at,0.00184720982729945,FALSE,FALSE
686,4407,X64364_at,0.00184815151830949,FALSE,FALSE
687,5113,Z29481_at,0.00184864654137417,FALSE,FALSE
688,1140,J05096_rna1_at,0.00185046996486214,FALSE,FALSE
689,6523,U75276_s_at,0.00185404499744346,FALSE,FALSE
690,306,D26018_at,0.00187254749915689,FALSE,FALSE
691,1106,J04132_at,0.0018747423639186,FALSE,FALSE
692,696,D87077_at,0.00188787138337785,FALSE,FALSE
693,2699,U09210_at,0.0018915239321408,FALSE,FALSE
694,1940,M31951_at,0.0018947368728129,FALSE,FALSE
695,5938,V00599_s_at,0.0018948802100882,FALSE,FALSE
696,4799,X91992_at,0.00190988583885066,FALSE,FALSE
697,1448,L28010_at,0.00191087573268528,FALSE,FALSE
698,6476,U72935_cds3_s_at,0.00191703805672125,FALSE,FALSE
699,3353,U51586_at,0.00193300579630424,FALSE,FALSE
700,1296,L12392_at,0.00193683564239467,FALSE,FALSE
701,4979,Y08915_at,0.00193842450552418,FALSE,FALSE
702,4410,X64643_at,0.00195775649810889,FALSE,FALSE
703,582,D79997_at,0.00196862436693816,FALSE,FALSE
704,1784,M19722_at,0.00197010607762508,FALSE,FALSE
705,354,D30742_at,0.00197564031229158,FALSE,FALSE
706,2094,M60858_rna1_at,0.00197664500274157,FALSE,FALSE
707,3947,U90913_at,0.00198840647338463,FALSE,FALSE
708,4270,X54936_at,0.00199845493823108,FALSE,FALSE
709,6193,M16652_s_at,0.00200181372808422,FALSE,FALSE
710,4627,X79440_at,0.00201154925348713,FALSE,FALSE
711,1953,M33195_at,0.00202765338044919,FALSE,FALSE
712,1247,L08177_at,0.00202985846802256,FALSE,FALSE
713,2410,M96944_at,0.00203742025808157,FALSE,FALSE
714,1976,M34423_at,0.00203941278174916,FALSE,FALSE
715,6990,U21689_at,0.00205626772456524,FALSE,FALSE
716,2394,M95678_at,0.00210316167188936,FALSE,FALSE
717,1259,L09708_at,0.00210689455365778,FALSE,FALSE
718,5858,HG371-HT26388_s_at,0.00211621105507691,FALSE,FALSE
719,3665,U72514_at,0.00211796777572512,FALSE,FALSE
720,6684,X83490_s_at,0.0021443225240605,FALSE,FALSE
721,1364,L19183_at,0.00215553418125455,FALSE,FALSE
722,457,D49738_at,0.00215603729658928,FALSE,FALSE
723,2607,U03090_at,0.00215907831759298,FALSE,FALSE
724,3788,U79296_at,0.00215944245931362,FALSE,FALSE
725,2386,M94856_at,0.00216782696637172,FALSE,FALSE
726,2841,U17280_at,0.00217297067928332,FALSE,FALSE
727,6548,Z69030_s_at,0.00218821301148677,FALSE,FALSE
728,5838,HG3395-HT3573_s_at,0.00219413132431944,FALSE,FALSE
729,5217,Z83745_at,0.00221289206912076,FALSE,FALSE
730,1061,J02888_at,0.00222639851659152,FALSE,FALSE
731,1125,J04794_at,0.00222746625826042,FALSE,FALSE
732,157,AJ000480_at,0.00228822880103241,FALSE,FALSE
733,2671,U07563_cds1_at,0.00230636537673621,FALSE,FALSE
734,4429,X66141_at,0.002306518850805,FALSE,FALSE
735,5373,S76638_at,0.00231156735653097,FALSE,FALSE
736,5054,Z11793_at,0.00231248619028601,FALSE,FALSE
737,2181,M68891_at,0.00233336041908805,FALSE,FALSE
738,6194,M16707_rna1_at,0.00234491712207824,FALSE,FALSE
739,3084,U34877_at,0.00238768267593985,FALSE,FALSE
740,4249,X53416_at,0.00238883790247155,FALSE,FALSE
741,1572,L40391_at,0.00239505373459223,FALSE,FALSE
742,1456,L29277_at,0.00240141014806802,FALSE,FALSE
743,133,AF005037_at,0.00240203450040603,FALSE,FALSE
744,1599,L41607_at,0.00241123896433374,FALSE,FALSE
745,4070,X04898_rna1_at,0.00242675497196888,FALSE,FALSE
746,5389,U18259_at,0.00243231774569366,FALSE,FALSE
747,2828,U16282_at,0.00243580235745277,FALSE,FALSE
748,3040,U31930_at,0.00247387962182386,FALSE,FALSE
749,2478,S72869_at,0.00249537737022323,FALSE,FALSE
750,3189,U41813_at,0.00249696355504524,FALSE,FALSE
751,368,D31846_at,0.00251511228003185,FALSE,FALSE
752,936,HG363-HT363_at,0.00254060575111692,FALSE,FALSE
753,3698,U75679_at,0.00257189610413622,FALSE,FALSE
754,5872,HG4020-HT4290_s_at,0.00258235765786077,FALSE,FALSE
755,6889,U19765_at,0.00259526523489022,FALSE,FALSE
756,1846,M24400_at,0.00259726187575829,FALSE,FALSE
757,51,AFFX-M27830_5_at,0.00262286537182059,FALSE,FALSE
758,1934,M31642_at,0.00263010737712804,FALSE,FALSE
759,2389,M95178_at,0.00264067302677953,FALSE,FALSE
760,5808,HG2981-HT3127_s_at,0.00265050230056539,FALSE,FALSE
761,3318,U50062_at,0.00265893576322534,FALSE,FALSE
762,2002,M37583_at,0.00266030121548303,FALSE,FALSE
763,6800,L49219_f_at,0.00267432928845738,FALSE,FALSE
764,681,D86981_at,0.00267436771040045,FALSE,FALSE
765,3756,U79253_at,0.00268260302652767,FALSE,FALSE
766,4955,Y07755_at,0.00269010792663911,FALSE,FALSE
767,4885,X98248_rna1_at,0.00269139142848779,FALSE,FALSE
768,6285,U05681_s_at,0.0027634518227034,FALSE,FALSE
769,2379,M94250_at,0.00276936177406597,FALSE,FALSE
770,610,D83243_at,0.00278033346291481,FALSE,FALSE
771,1903,M29536_at,0.00279137048596061,FALSE,FALSE
772,1458,L29376_at,0.0027964777979392,FALSE,FALSE
773,6716,X98534_s_at,0.00279970542045603,FALSE,FALSE
774,508,D59253_at,0.0028004654501958,FALSE,FALSE
775,5940,J02683_s_at,0.00280087219635879,FALSE,FALSE
776,4421,X65644_at,0.00280535547860585,FALSE,FALSE
777,5009,Y10376_at,0.00280657433277891,FALSE,FALSE
778,2256,M81601_at,0.00281615980802498,FALSE,FALSE
779,5708,HG1322-HT5143_s_at,0.00281829439575613,FALSE,FALSE
780,4231,X52151_at,0.00281974862118303,FALSE,FALSE
781,3668,U72621_at,0.00282741385333369,FALSE,FALSE
782,4700,X83441_at,0.00284278319737068,FALSE,FALSE
783,794,HG1112-HT1112_at,0.00284542047333525,FALSE,FALSE
784,5594,U62293_rna1_s_at,0.00286339688102482,FALSE,FALSE
785,1980,M34668_at,0.00286851838087955,FALSE,FALSE
786,3331,U50733_at,0.00287079778123052,FALSE,FALSE
787,5432,U73936_at,0.00287788151163544,FALSE,FALSE
788,5301,L10413_at,0.00288417435656248,FALSE,FALSE
789,670,D86969_at,0.00289785012600954,FALSE,FALSE
790,1318,L13848_at,0.00289808370448866,FALSE,FALSE
791,3930,U90544_at,0.00292739578158442,FALSE,FALSE
792,6156,M10321_s_at,0.00293095910833546,FALSE,FALSE
793,2998,U29171_at,0.00295549626930904,FALSE,FALSE
794,718,D87447_at,0.00296332650899042,FALSE,FALSE
795,4717,X84908_at,0.00297881346804493,FALSE,FALSE
796,1093,J03925_at,0.00298740130769877,FALSE,FALSE
797,608,D83032_at,0.00299577475940403,FALSE,FALSE
798,3376,U52682_at,0.00300521245940929,FALSE,FALSE
799,119,AF000231_at,0.00300798773011265,FALSE,FALSE
800,1095,J04027_at,0.00303584140806051,FALSE,FALSE
801,5337,M24900_at,0.00304080327645768,FALSE,FALSE
802,5882,HG417-HT417_s_at,0.00306579891544953,FALSE,FALSE
803,4004,U97105_at,0.00313015340901176,FALSE,FALSE
804,4634,X79865_at,0.00314384859237757,FALSE,FALSE
805,1334,L14856_at,0.00314434653849754,FALSE,FALSE
806,1891,M28713_at,0.00315871662926756,FALSE,FALSE
807,3489,U60666_at,0.00316093296867126,FALSE,FALSE
808,707,D87434_at,0.00318223961568808,FALSE,FALSE
809,3066,U33447_at,0.0031865015712124,FALSE,FALSE
810,7001,X07730_at,0.00318870409143316,FALSE,FALSE
811,1926,M31166_at,0.00322679981363963,FALSE,FALSE
812,4947,Y00978_at,0.00323889771250587,FALSE,FALSE
813,2511,S78187_at,0.00324632597895623,FALSE,FALSE
814,1121,J04621_at,0.00327626102175851,FALSE,FALSE
815,1694,M12886_at,0.00328156876694179,FALSE,FALSE
816,6289,X54199_s_at,0.00328796161102566,FALSE,FALSE
817,5956,J03077_s_at,0.00329371659135715,FALSE,FALSE
818,1750,M16424_at,0.00329614927402536,FALSE,FALSE
819,2677,U07802_at,0.00330037477995118,FALSE,FALSE
820,4386,X63417_at,0.00335989205041164,FALSE,FALSE
821,335,D28532_at,0.0033599271557973,FALSE,FALSE
822,139,AF006084_at,0.00336328177640078,FALSE,FALSE
823,658,D86956_at,0.00337227616830251,FALSE,FALSE
824,6434,S76473_s_at,0.00337493802839953,FALSE,FALSE
825,1497,L35240_at,0.00339363835273514,FALSE,FALSE
826,3520,U62961_at,0.00341009469833347,FALSE,FALSE
827,2592,U02020_at,0.00344079364234234,FALSE,FALSE
828,3325,U50523_at,0.00344700514711775,FALSE,FALSE
829,3607,U68018_at,0.00344839162089674,FALSE,FALSE
830,6180,M16336_s_at,0.00351154842185238,FALSE,FALSE
831,3275,U47927_at,0.00353515673063411,FALSE,FALSE
832,5798,HG2815-HT2931_s_at,0.00356081757580859,FALSE,FALSE
833,5598,L15326_s_at,0.00356450408143471,FALSE,FALSE
834,4197,X17094_at,0.0035648226664708,FALSE,FALSE
835,5056,Z12173_at,0.00356915918720881,FALSE,FALSE
836,1875,M27281_at,0.00357405205860912,FALSE,FALSE
837,1194,L02932_at,0.0035912833176312,FALSE,FALSE
838,791,HG1102-HT1102_at,0.00359550922530807,FALSE,FALSE
839,2147,M64108_at,0.00360890320389302,FALSE,FALSE
840,573,D79988_at,0.00361107047672091,FALSE,FALSE
841,5976,M21119_s_at,0.0036208755135231,FALSE,FALSE
842,971,HG4073-HT4343_at,0.00362458864092617,FALSE,FALSE
843,2737,U10686_at,0.00364135686570795,FALSE,FALSE
844,479,D50810_at,0.00365878777795727,FALSE,FALSE
845,5723,U19247_rna1_s_at,0.00369091561164679,FALSE,FALSE
846,3229,U44378_at,0.00371017551057602,FALSE,FALSE
847,486,D50914_at,0.00373513788665878,FALSE,FALSE
848,6522,U28488_s_at,0.0037530549965981,FALSE,FALSE
849,4795,X91648_at,0.00375942173870269,FALSE,FALSE
850,5146,Z46973_at,0.00376429868989496,FALSE,FALSE
851,5621,HG4312-HT4582_s_at,0.00380287045949983,FALSE,FALSE
852,510,D61391_at,0.00380545454626976,FALSE,FALSE
853,3441,U58087_at,0.00380879423068817,FALSE,FALSE
854,5631,D38496_s_at,0.00381909294174609,FALSE,FALSE
855,5645,D49372_s_at,0.00382178853829306,FALSE,FALSE
856,6287,X68090_s_at,0.00383074771833211,FALSE,FALSE
857,1823,M22632_at,0.00383263638118144,FALSE,FALSE
858,3333,U50839_at,0.00384269678263039,FALSE,FALSE
859,1997,M37190_at,0.0038675218175755,FALSE,FALSE
860,5778,M90391_s_at,0.00388430408307004,FALSE,FALSE
861,1661,L77886_at,0.00391102333656904,FALSE,FALSE
862,2319,M87339_at,0.00392255777779991,FALSE,FALSE
863,4370,X62048_at,0.00393051051103156,FALSE,FALSE
864,349,D29958_at,0.00394242406444668,FALSE,FALSE
865,3184,U41668_at,0.00394305195330756,FALSE,FALSE
866,2054,M58597_at,0.00394443234637151,FALSE,FALSE
867,4703,X83573_at,0.00396064128462476,FALSE,FALSE
868,2858,U18242_at,0.00397230990351639,FALSE,FALSE
869,1700,M13450_at,0.00398448315892468,FALSE,FALSE
870,5505,Z48482_at,0.0039963756613577,FALSE,FALSE
871,5642,M19311_s_at,0.0040444847806635,FALSE,FALSE
872,4267,X54870_at,0.00405581627467986,FALSE,FALSE
873,136,AF005775_at,0.00408015924861534,FALSE,FALSE
874,1945,M32315_at,0.00410306392423629,FALSE,FALSE
875,6275,X57152_rna1_s_at,0.00412830352160062,FALSE,FALSE
876,6655,Z11518_s_at,0.00418800834754379,FALSE,FALSE
877,3075,U33921_at,0.00419937299143613,FALSE,FALSE
878,699,D87119_at,0.00421068186218241,FALSE,FALSE
879,6491,U15642_s_at,0.00422215363446148,FALSE,FALSE
880,4754,X87838_at,0.00422707088615633,FALSE,FALSE
881,5870,X77588_s_at,0.00425246044104278,FALSE,FALSE
882,3202,U43083_at,0.00428777879929327,FALSE,FALSE
883,112,AC002464_at,0.00430180553924205,FALSE,FALSE
884,2381,M94362_at,0.00431169483918949,FALSE,FALSE
885,3281,U48251_at,0.00432368845514362,FALSE,FALSE
886,3005,U29680_at,0.00437397658066974,FALSE,FALSE
887,1445,L27706_at,0.00439127193494956,FALSE,FALSE
888,2044,M57730_at,0.00442206759392719,FALSE,FALSE
889,2197,M73720_at,0.00442265314786303,FALSE,FALSE
890,1183,L01087_at,0.00444253082122798,FALSE,FALSE
891,2565,U00672_at,0.00444286821648973,FALSE,FALSE
892,3579,U66561_at,0.00447038967725148,FALSE,FALSE
893,1541,L38696_at,0.00447465889347949,FALSE,FALSE
894,627,D83783_at,0.0045000733116552,FALSE,FALSE
895,6206,Y00414_s_at,0.00450594149211358,FALSE,FALSE
896,3789,U79297_at,0.00454152869535666,FALSE,FALSE
897,1883,M28209_at,0.00454535710300592,FALSE,FALSE
898,5348,M61853_at,0.0045490085177949,FALSE,FALSE
899,4677,X82200_at,0.0045503324758786,FALSE,FALSE
900,2637,U04847_at,0.00457169840197422,FALSE,FALSE
901,5566,D13705_s_at,0.00457195157923433,FALSE,FALSE
902,2006,M37815_cds1_at,0.00459145511595601,FALSE,FALSE
903,4724,X85373_at,0.00461642936574659,FALSE,FALSE
904,4280,X55715_at,0.0046467189331974,FALSE,FALSE
905,2035,M55905_at,0.00464795035071649,FALSE,FALSE
906,4503,X70649_at,0.00469417678857499,FALSE,FALSE
907,1119,J04611_at,0.00469791698130416,FALSE,FALSE
908,5560,D79206_s_at,0.00470081328978853,FALSE,FALSE
909,5336,M24283_at,0.0047172380595384,FALSE,FALSE
910,2632,U04520_at,0.00474887984618764,FALSE,FALSE
911,408,D38751_at,0.00475162810534416,FALSE,FALSE
912,1959,M33521_at,0.00477601813467978,FALSE,FALSE
913,2438,S45630_at,0.00478775147455616,FALSE,FALSE
914,324,D26600_at,0.00480975492412093,FALSE,FALSE
915,4539,X74331_at,0.00481527559052954,FALSE,FALSE
916,498,D50927_at,0.00483280145656189,FALSE,FALSE
917,1413,L23852_at,0.00484201545501532,FALSE,FALSE
918,2937,U24169_at,0.00484328376375913,FALSE,FALSE
919,976,HG4128-HT4398_at,0.00484965297098466,FALSE,FALSE
920,759,D88378_at,0.00485028959677512,FALSE,FALSE
921,1219,L06147_at,0.00485103519779775,FALSE,FALSE
922,241,D14710_at,0.00485577018212827,FALSE,FALSE
923,1047,J00073_at,0.0048573417831094,FALSE,FALSE
924,4684,X82494_at,0.00485990359401702,FALSE,FALSE
925,3430,U57592_at,0.00486628683338616,FALSE,FALSE
926,3451,U58681_at,0.00489101496158543,FALSE,FALSE
927,4288,X56253_rna1_at,0.00491201031017286,FALSE,FALSE
928,6242,M24485_s_at,0.00492169327398416,FALSE,FALSE
929,644,D85418_at,0.00493367911529838,FALSE,FALSE
930,927,HG3517-HT3711_at,0.00494103809563302,FALSE,FALSE
931,3497,U61232_at,0.00495439332745649,FALSE,FALSE
932,4621,X79067_at,0.00498307117180738,FALSE,FALSE
933,3622,U68723_at,0.0049961864002844,FALSE,FALSE
934,2641,U05237_at,0.00503337690377729,FALSE,FALSE
935,6422,S69272_s_at,0.00505214441743381,FALSE,FALSE
936,3029,U31248_at,0.00505341061784645,FALSE,FALSE
937,2947,U25165_at,0.00507723726840086,FALSE,FALSE
938,700,D87120_at,0.00508615834595608,FALSE,FALSE
939,4431,X66358_at,0.0051350409551157,FALSE,FALSE
940,6946,Z80781_at,0.00514780209806857,FALSE,FALSE
941,6284,M33684_s_at,0.00514836716041447,FALSE,FALSE
942,1481,L33881_at,0.00516039088916604,FALSE,FALSE
943,248,D14874_at,0.0051643735872478,FALSE,FALSE
944,4200,X17254_at,0.00519043975385973,FALSE,FALSE
945,4264,X54637_at,0.00520807514119761,FALSE,FALSE
946,951,HG3945-HT4215_at,0.00523612109301541,FALSE,FALSE
947,3208,U43292_at,0.00526417132195149,FALSE,FALSE
948,6110,L35249_s_at,0.00533288261574004,FALSE,FALSE
949,6224,M26311_s_at,0.00535268870914755,FALSE,FALSE
950,3292,U48936_at,0.00540026065836708,FALSE,FALSE
951,1231,L07515_at,0.0054087672375992,FALSE,FALSE
952,1257,L09260_at,0.00541187709563943,FALSE,FALSE
953,2030,M55542_at,0.00541643832639312,FALSE,FALSE
954,6606,X00437_s_at,0.00541960540163541,FALSE,FALSE
955,2286,M84332_at,0.00542683165902856,FALSE,FALSE
956,6212,X54667_s_at,0.00544930833683893,FALSE,FALSE
957,6986,U09587_at,0.00548908883049773,FALSE,FALSE
958,477,D50683_at,0.00549622200630707,FALSE,FALSE
959,4991,Y09615_at,0.0055150844785659,FALSE,FALSE
960,3774,U79275_at,0.00551586807929105,FALSE,FALSE
961,250,D14889_at,0.00552231027520653,FALSE,FALSE
962,6939,Z30643_at,0.00552547337459419,FALSE,FALSE
963,3140,U38896_at,0.00558654641212339,FALSE,FALSE
964,2830,U16306_at,0.00561278661397866,FALSE,FALSE
965,2154,M64572_at,0.00562603165836604,FALSE,FALSE
966,3621,U68566_at,0.00563195410301965,FALSE,FALSE
967,1820,M22489_at,0.00565916360734945,FALSE,FALSE
968,398,D38524_at,0.0056979615811374,FALSE,FALSE
969,2669,U07550_at,0.00569966173655028,FALSE,FALSE
970,709,D87436_at,0.00570236171591876,FALSE,FALSE
971,559,D78275_at,0.00571225892428002,FALSE,FALSE
972,361,D31764_at,0.00572515235805346,FALSE,FALSE
973,6308,M57731_s_at,0.00574956346300202,FALSE,FALSE
974,1465,L31881_at,0.00577091220294402,FALSE,FALSE
975,1507,L36069_at,0.00577553892356254,FALSE,FALSE
976,5049,Z11502_at,0.00583037145963296,FALSE,FALSE
977,5614,X68688_rna1_s_at,0.00583912264767431,FALSE,FALSE
978,4590,X77366_at,0.0058663966935933,FALSE,FALSE
979,3059,U33053_at,0.00589395278012154,FALSE,FALSE
980,6265,U20734_s_at,0.00589563823713019,FALSE,FALSE
981,1376,L19779_at,0.0059231396539751,FALSE,FALSE
982,5260,D50405_at,0.00594510107434142,FALSE,FALSE
983,6571,U47686_s_at,0.00596993342338551,FALSE,FALSE
984,1363,L19161_at,0.00599075908281149,FALSE,FALSE
985,898,HG3231-HT3408_at,0.00599201390506557,FALSE,FALSE
986,2032,M55593_at,0.00599785045478237,FALSE,FALSE
987,2237,M77698_at,0.0060015704919856,FALSE,FALSE
988,4820,X93920_at,0.00600541608500889,FALSE,FALSE
989,3461,U59309_at,0.00602377909278518,FALSE,FALSE
990,3537,U63825_at,0.00604599717275508,FALSE,FALSE
991,3365,U52112_rna5_at,0.00604893291769372,FALSE,FALSE
992,4825,X94453_at,0.00607235434734504,FALSE,FALSE
993,6945,Z80779_at,0.00609447266784548,FALSE,FALSE
994,5399,U26424_at,0.00610879453169326,FALSE,FALSE
995,2606,U03057_at,0.00619208933418606,FALSE,FALSE
996,4844,X95648_at,0.00621796523369834,FALSE,FALSE
997,5033,Y11710_rna1_at,0.00625983866609948,FALSE,FALSE
998,196,D13370_at,0.00626028885638669,FALSE,FALSE
999,3926,U90313_at,0.00628628591776784,FALSE,FALSE
1000,2547,S82472_at,0.00629431851767421,FALSE,FALSE
1001,6657,X12530_s_at,0.00632420131227697,FALSE,FALSE
1002,1513,L36645_at,0.00633612529934263,FALSE,FALSE
1003,5932,M87789_s_at,0.00633849635305085,FALSE,FALSE
1004,1802,M21186_at,0.00635816308830314,FALSE,FALSE
1005,2788,U14417_at,0.00635817809019405,FALSE,FALSE
1006,5433,U74324_at,0.00639355440686553,FALSE,FALSE
1007,1447,L27943_at,0.0064579524909305,FALSE,FALSE
1008,4549,X75042_at,0.00649134741454151,FALSE,FALSE
1009,1176,K03515_at,0.00650519745681244,FALSE,FALSE
1010,2378,M94167_at,0.00654145074040283,FALSE,FALSE
1011,6243,M24486_s_at,0.00654760847563334,FALSE,FALSE
1012,1899,M29204_at,0.00662357718710772,FALSE,FALSE
1013,6613,Z48501_s_at,0.00662771761844375,FALSE,FALSE
1014,4147,X14448_at,0.00664466867008856,FALSE,FALSE
1015,6334,M60784_s_at,0.00664490381322837,FALSE,FALSE
1016,1441,L27476_at,0.00666590536352278,FALSE,FALSE
1017,5255,D38081_at,0.0066822023510611,FALSE,FALSE
1018,603,D82345_at,0.00669484488552345,FALSE,FALSE
1019,5469,X63717_at,0.00669777563869587,FALSE,FALSE
1020,6596,U67122_s_at,0.0067016569621627,FALSE,FALSE
1021,5775,HG2639-HT2735_s_at,0.00677040201914621,FALSE,FALSE
1022,3439,U58034_at,0.00679845169125944,FALSE,FALSE
1023,4628,X79483_at,0.00681668205195588,FALSE,FALSE
1024,4597,X77748_at,0.00687263880832365,FALSE,FALSE
1025,3790,U79298_at,0.00688166328301692,FALSE,FALSE
1026,2349,M91438_at,0.00694300930694703,FALSE,FALSE
1027,4384,X63359_at,0.00697510322365371,FALSE,FALSE
1028,4011,V01510_rna1_at,0.00699169254899934,FALSE,FALSE
1029,5668,S78271_s_at,0.00700729710469543,FALSE,FALSE
1030,5241,D10040_at,0.00701115134829777,FALSE,FALSE
1031,4049,X03663_at,0.00701369695826492,FALSE,FALSE
1032,4520,X72841_at,0.00706073536820213,FALSE,FALSE
1033,1451,L28957_at,0.00711054291405407,FALSE,FALSE
1034,6811,D38024_at,0.00712668735746843,FALSE,FALSE
1035,5088,Z23090_at,0.00712825910575269,FALSE,FALSE
1036,2543,S82185_at,0.00713956565519383,FALSE,FALSE
1037,456,D49677_at,0.00713989271242831,FALSE,FALSE
1038,1063,J02906_at,0.00717343970747887,FALSE,FALSE
1039,4262,X54326_at,0.00717404268175995,FALSE,FALSE
1040,1258,L09604_at,0.00719191771870263,FALSE,FALSE
1041,4289,X56411_rna1_at,0.00719315270694432,FALSE,FALSE
1042,2309,M86752_at,0.00719963046757099,FALSE,FALSE
1043,5052,Z11697_at,0.00724189331087786,FALSE,FALSE
1044,3508,U62317_rna3_at,0.00724645394392656,FALSE,FALSE
1045,5922,HG998-HT998_s_at,0.00726426853723549,FALSE,FALSE
1046,5020,Y10659_at,0.00726900162599021,FALSE,FALSE
1047,360,D31763_at,0.00730196978823491,FALSE,FALSE
1048,1133,J04990_at,0.00730333175846223,FALSE,FALSE
1049,4792,X91257_at,0.00730880730958357,FALSE,FALSE
1050,4398,X63692_at,0.00731323077568221,FALSE,FALSE
1051,2959,U26032_at,0.00737238112108864,FALSE,FALSE
1052,6271,M33493_s_at,0.00737335129389147,FALSE,FALSE
1053,5884,U09937_rna1_s_at,0.00737466475082205,FALSE,FALSE
1054,1793,M20681_at,0.0073809197331171,FALSE,FALSE
1055,3522,U62966_at,0.00739033021506769,FALSE,FALSE
1056,2524,S79854_at,0.00740546249598652,FALSE,FALSE
1057,1044,HG960-HT960_at,0.00742729192649768,FALSE,FALSE
1058,1109,J04164_at,0.00743212606926101,FALSE,FALSE
1059,1048,J00123_at,0.00745285568664027,FALSE,FALSE
1060,2458,S67156_at,0.00751087924756673,FALSE,FALSE
1061,3217,U43586_at,0.00752029185935199,FALSE,FALSE
1062,3338,U51004_at,0.00752189179403334,FALSE,FALSE
1063,3482,U60319_at,0.00756397247245717,FALSE,FALSE
1064,2367,M93283_at,0.00759719168416534,FALSE,FALSE
1065,3576,U66469_at,0.00764548659389035,FALSE,FALSE
1066,6712,X90846_s_at,0.00766565303075139,FALSE,FALSE
1067,5534,D00003_at,0.00767868972622619,FALSE,FALSE
1068,1509,L36463_at,0.00768329553068606,FALSE,FALSE
1069,2908,U20980_at,0.00775741890767521,FALSE,FALSE
1070,3072,U33839_at,0.00776545164728768,FALSE,FALSE
1071,5442,X02160_at,0.00776598306169033,FALSE,FALSE
1072,2056,M58603_at,0.00777122680897613,FALSE,FALSE
1073,5837,M97016_s_at,0.00781124792941648,FALSE,FALSE
1074,418,D42054_at,0.007818116857538,FALSE,FALSE
1075,6665,X15729_s_at,0.00786647422041898,FALSE,FALSE
1076,5135,Z36531_at,0.0078713733983048,FALSE,FALSE
1077,3878,U85943_at,0.0079075036681839,FALSE,FALSE
1078,202,D13630_at,0.00795025082287834,FALSE,FALSE
1079,1198,L03785_at,0.00798900235920641,FALSE,FALSE
1080,3572,U66359_at,0.0080425739226382,FALSE,FALSE
1081,2554,S83366_cds1_at,0.00804601143559049,FALSE,FALSE
1082,4750,X87241_at,0.00807014693576011,FALSE,FALSE
1083,592,D80008_at,0.0080764747216651,FALSE,FALSE
1084,533,D63875_at,0.00812619602692553,FALSE,FALSE
1085,4488,X69699_at,0.00814235502444158,FALSE,FALSE
1086,6645,U90552_s_at,0.00815909592723814,FALSE,FALSE
1087,3710,U77396_at,0.00817148982642745,FALSE,FALSE
1088,2211,M74524_at,0.00824211844257811,FALSE,FALSE
1089,3295,U49070_at,0.00824532563402112,FALSE,FALSE
1090,2968,U26727_at,0.00824889466559371,FALSE,FALSE
1091,6514,U26173_s_at,0.00825275910070039,FALSE,FALSE
1092,4666,X81788_at,0.00830538599837045,FALSE,FALSE
1093,1234,L07548_at,0.00832943955836675,FALSE,FALSE
1094,5658,D63861_s_at,0.00836464383670452,FALSE,FALSE
1095,5651,D50477_s_at,0.00837197929357217,FALSE,FALSE
1096,2098,M61199_at,0.00838254549701853,FALSE,FALSE
1097,2600,U02609_at,0.00838506510123027,FALSE,FALSE
1098,1504,L35854_at,0.00841661995137982,FALSE,FALSE
1099,6732,X89399_s_at,0.00842380195113884,FALSE,FALSE
1100,1019,HG4747-HT5195_at,0.00843641038785081,FALSE,FALSE
1101,3182,U41515_at,0.0084517353157571,FALSE,FALSE
1102,6107,U80226_s_at,0.00845386622547486,FALSE,FALSE
1103,3383,U53003_at,0.00845659905698552,FALSE,FALSE
1104,6228,M26692_s_at,0.00845845412197149,FALSE,FALSE
1105,1624,L43366_at,0.0084942218257881,FALSE,FALSE
1106,1450,L28821_at,0.00861123071171862,FALSE,FALSE
1107,3643,U70735_at,0.00861886199569822,FALSE,FALSE
1108,2306,M86699_at,0.00864886082289776,FALSE,FALSE
1109,5166,Z48804_at,0.00864999062516505,FALSE,FALSE
1110,5554,D11327_s_at,0.00868610833293839,FALSE,FALSE
1111,4085,X06272_at,0.00869133216037616,FALSE,FALSE
1112,5344,M55683_at,0.00869444199057073,FALSE,FALSE
1113,2031,M55543_at,0.00869448651187692,FALSE,FALSE
1114,5404,U33841_at,0.00871794394508771,FALSE,FALSE
1115,3766,U79265_at,0.00872011209276785,FALSE,FALSE
1116,3307,U49395_at,0.00873579019494826,FALSE,FALSE
1117,4272,X54941_at,0.00876650822886468,FALSE,FALSE
1118,5786,HG274-HT274_s_at,0.00878486319915923,FALSE,FALSE
1119,3857,U83461_at,0.00879052806426411,FALSE,FALSE
1120,975,HG4126-HT4396_at,0.00879647356863795,FALSE,FALSE
1121,253,D15057_at,0.00881691567574781,FALSE,FALSE
1122,4547,X74819_at,0.00884185908443897,FALSE,FALSE
1123,1335,L14922_at,0.00884646239374332,FALSE,FALSE
1124,772,D89289_at,0.00885518752190595,FALSE,FALSE
1125,4639,X80026_at,0.00886192031315225,FALSE,FALSE
1126,3815,U81001_at,0.008881377309811,FALSE,FALSE
1127,1429,L25851_at,0.00889185223633733,FALSE,FALSE
1128,4949,Y07595_at,0.00892553036566903,FALSE,FALSE
1129,255,D16217_at,0.00892726808485256,FALSE,FALSE
1130,6966,L37112_at,0.00893015817602555,FALSE,FALSE
1131,3123,U37518_at,0.00900554168958069,FALSE,FALSE
1132,5890,HG4535-HT4940_s_at,0.00900705085448727,FALSE,FALSE
1133,40,AFFX-HUMRGE/M10098_M_at,0.00903376104375336,FALSE,FALSE
1134,3922,U89995_at,0.00904551200981346,FALSE,FALSE
1135,6846,M12125_at,0.00904875508186382,FALSE,FALSE
1136,52,AFFX-M27830_M_at,0.00907058126805767,FALSE,FALSE
1137,2579,U01120_at,0.00909191857455192,FALSE,FALSE
1138,5989,M61827_rna1_s_at,0.00909246102270728,FALSE,FALSE
1139,3162,U40343_at,0.00910936354366938,FALSE,FALSE
1140,3740,U78628_at,0.00912037284702918,FALSE,FALSE
1141,147,AF009301_at,0.00913702149805831,FALSE,FALSE
1142,1996,M37104_at,0.00914064471818719,FALSE,FALSE
1143,5428,U61981_at,0.00919957309662699,FALSE,FALSE
1144,5111,Z29090_at,0.00922173125654467,FALSE,FALSE
1145,3129,U37690_at,0.00922770245605475,FALSE,FALSE
1146,4486,X69550_at,0.00922978080298279,FALSE,FALSE
1147,215,D13748_at,0.00928739882925742,FALSE,FALSE
1148,5022,Y10871_at,0.00928824730083782,FALSE,FALSE
1149,3302,U49250_at,0.00930872909445385,FALSE,FALSE
1150,1230,L07493_at,0.00933662882462334,FALSE,FALSE
1151,5732,U24183_s_at,0.00934301403462491,FALSE,FALSE
1152,2978,U27831_at,0.00936313673917195,FALSE,FALSE
1153,1434,L26336_at,0.00944629159804154,FALSE,FALSE
1154,4775,X90763_at,0.00947150452854226,FALSE,FALSE
1155,2889,U19977_at,0.00948756550104151,FALSE,FALSE
1156,3692,U73960_at,0.00948886911676158,FALSE,FALSE
1157,3652,U71300_at,0.00949031737276456,FALSE,FALSE
1158,919,HG3454-HT3647_at,0.00949428616965827,FALSE,FALSE
1159,4922,X99728_at,0.00951400837427022,FALSE,FALSE
1160,6749,HG3565-HT3768_at,0.00955921759868949,FALSE,FALSE
1161,4558,X75593_at,0.00956656347299533,FALSE,FALSE
1162,2944,U25041_at,0.00962337610510651,FALSE,FALSE
1163,3849,U82970_at,0.00965241914878097,FALSE,FALSE
1164,565,D78514_at,0.00966252405024289,FALSE,FALSE
1165,3546,U64871_at,0.0096721823129208,FALSE,FALSE
1166,1732,M15182_at,0.00970827610534136,FALSE,FALSE
1167,4965,Y08200_at,0.00978425023198604,FALSE,FALSE
1168,370,D31884_at,0.0098198121101554,FALSE,FALSE
1169,6696,X76223_s_at,0.00986191571459792,FALSE,FALSE
1170,6591,X60787_s_at,0.00986436752497659,FALSE,FALSE
1171,1256,L09235_at,0.00988230914252982,FALSE,FALSE
1172,4063,X04434_at,0.00991629019284004,FALSE,FALSE
1173,4297,X56741_at,0.00993350178840394,FALSE,FALSE
1174,3471,U59914_at,0.00995336102841247,FALSE,FALSE
1175,893,HG315-HT315_at,0.00996279983191969,FALSE,FALSE
1176,1062,J02902_at,0.00996857066502003,FALSE,FALSE
1177,4192,X16832_at,0.00997879494582392,FALSE,FALSE
1178,181,D11086_at,0.00999612599332769,FALSE,FALSE
1179,2128,M63379_at,0.0101180145835807,FALSE,FALSE
1180,6080,S75213_s_at,0.0101547292525458,FALSE,FALSE
1181,6787,HG3141-HT3317_f_at,0.010157590822105,FALSE,FALSE
1182,4149,X14787_at,0.0101665968401029,FALSE,FALSE
1183,3356,U51711_at,0.0101687138645874,FALSE,FALSE
1184,236,D14678_at,0.0101762937352202,FALSE,FALSE
1185,799,HG1155-HT4822_at,0.0102665649429094,FALSE,FALSE
1186,1113,J04456_at,0.0102790247630951,FALSE,FALSE
1187,1129,J04970_at,0.0102915196002007,FALSE,FALSE
1188,2784,U14193_at,0.010302217563266,FALSE,FALSE
1189,6305,X13810_s_at,0.0103035163054636,FALSE,FALSE
1190,4616,X78925_at,0.0103430314234863,FALSE,FALSE
1191,3228,U44111_at,0.0103459095204873,FALSE,FALSE
1192,6345,M63438_s_at,0.0103493964827605,FALSE,FALSE
1193,2268,M82809_at,0.0103549823277985,FALSE,FALSE
1194,7052,K03189_f_at,0.0103692767242894,FALSE,FALSE
1195,3837,U82313_at,0.0104059388022785,FALSE,FALSE
1196,4430,X66171_at,0.0104181956225605,FALSE,FALSE
1197,2903,U20657_at,0.010475284215118,FALSE,FALSE
1198,344,D29677_at,0.0104798734422519,FALSE,FALSE
1199,1556,L39060_at,0.0104828279765302,FALSE,FALSE
1200,312,D26308_at,0.0104941906285544,FALSE,FALSE
1201,6340,M62403_s_at,0.0104991384663038,FALSE,FALSE
1202,5506,Z74615_at,0.0105954116782514,FALSE,FALSE
1203,5151,Z48042_at,0.01065455252945,FALSE,FALSE
1204,5553,L09230_s_at,0.0106683278918693,FALSE,FALSE
1205,6140,L47276_s_at,0.010679803728061,FALSE,FALSE
1206,4725,X85545_at,0.0106803627654492,FALSE,FALSE
1207,6247,M54915_s_at,0.0106946593044254,FALSE,FALSE
1208,733,D87463_at,0.0107105260433555,FALSE,FALSE
1209,5831,HG3242-HT4231_s_at,0.0107281726064437,FALSE,FALSE
1210,3048,U32519_at,0.0107291314344322,FALSE,FALSE
1211,6166,X83705_s_at,0.0107695173956179,FALSE,FALSE
1212,989,HG4258-HT4528_at,0.0108352342761678,FALSE,FALSE
1213,4242,X52851_rna1_at,0.0109046373250298,FALSE,FALSE
1214,625,D83781_at,0.0109166069750819,FALSE,FALSE
1215,1956,M33374_at,0.0109224059300133,FALSE,FALSE
1216,144,AF007875_at,0.0109445401378127,FALSE,FALSE
1217,6377,X62534_s_at,0.0109671987129364,FALSE,FALSE
1218,5921,HG982-HT982_s_at,0.0109875101390249,FALSE,FALSE
1219,6985,U04241_at,0.0110151595957879,FALSE,FALSE
1220,5810,HG2981-HT3125_s_at,0.0110560823670283,FALSE,FALSE
1221,6828,HG491-HT491_at,0.0111117237303239,FALSE,FALSE
1222,6221,M20642_s_at,0.0111222172154048,FALSE,FALSE
1223,407,D38583_at,0.01113656958801,FALSE,FALSE
1224,2397,M95767_at,0.0111512614253011,FALSE,FALSE
1225,4160,X15217_at,0.0111947805675775,FALSE,FALSE
1226,3412,U56418_at,0.0112887568682451,FALSE,FALSE
1227,5545,L09229_s_at,0.0113311243646355,FALSE,FALSE
1228,3858,U83463_at,0.0114355350412039,FALSE,FALSE
1229,3092,U35139_at,0.0115257154178651,FALSE,FALSE
1230,5649,L38593_s_at,0.0115272353673715,FALSE,FALSE
1231,1826,M22877_at,0.0115336466696487,FALSE,FALSE
1232,3779,U79286_at,0.0115447308226794,FALSE,FALSE
1233,1992,M36205_at,0.0116894424514119,FALSE,FALSE
1234,5745,HG2261-HT2351_s_at,0.0116922744043048,FALSE,FALSE
1235,6751,HG3731-HT4001_at,0.0118473677424981,FALSE,FALSE
1236,689,D87023_cds2_at,0.0118722695206151,FALSE,FALSE
1237,5117,Z29678_at,0.0118808895826067,FALSE,FALSE
1238,2678,U07807_at,0.0119213076628677,FALSE,FALSE
1239,4406,X64330_at,0.0119244112513431,FALSE,FALSE
1240,2185,M69039_at,0.0119299125353631,FALSE,FALSE
1241,459,D49817_at,0.0119834896614277,FALSE,FALSE
1242,860,HG2662-HT2758_at,0.0119899143784677,FALSE,FALSE
1243,4954,Y07707_at,0.0120174129692883,FALSE,FALSE
1244,2697,U09117_at,0.0120499513827097,FALSE,FALSE
1245,3201,U43077_at,0.0121279541714611,FALSE,FALSE
1246,2081,M60315_at,0.0121498324035415,FALSE,FALSE
1247,399,D38535_at,0.0121762634664436,FALSE,FALSE
1248,639,D84454_at,0.012182389993177,FALSE,FALSE
1249,5897,M79463_s_at,0.012229283663103,FALSE,FALSE
1250,5703,X55448_cds1_s_at,0.0123009327623965,FALSE,FALSE
1251,819,HG2028-HT2082_at,0.0123023422984273,FALSE,FALSE
1252,6004,J05582_s_at,0.0123400699589934,FALSE,FALSE
1253,4910,X99325_at,0.0123437523391094,FALSE,FALSE
1254,5284,J04182_at,0.0123728935126721,FALSE,FALSE
1255,2235,M77235_at,0.0124290970484304,FALSE,FALSE
1256,3738,U78556_at,0.0124367089874961,FALSE,FALSE
1257,3528,U63329_at,0.012444317873687,FALSE,FALSE
1258,4538,X74330_at,0.0124803154063392,FALSE,FALSE
1259,888,HG3111-HT3287_at,0.0124827772523741,FALSE,FALSE
1260,1457,L29339_at,0.0125036806991572,FALSE,FALSE
1261,6676,Y00451_s_at,0.0125499238786781,FALSE,FALSE
1262,6912,X00088_at,0.0125815400629464,FALSE,FALSE
1263,5140,Z37986_at,0.0126246542549374,FALSE,FALSE
1264,227,D14533_at,0.0126763241886763,FALSE,FALSE
1265,5115,Z29572_at,0.0127124221978723,FALSE,FALSE
1266,880,HG2874-HT3018_at,0.0127166533274964,FALSE,FALSE
1267,124,AF000562_at,0.0127279832760498,FALSE,FALSE
1268,1156,K01383_at,0.0127367966787789,FALSE,FALSE
1269,673,D86972_at,0.0127435245006976,FALSE,FALSE
1270,2292,M85085_at,0.0127675928509517,FALSE,FALSE
1271,1193,L02867_at,0.012782831610896,FALSE,FALSE
1272,3378,U52827_at,0.01280422114252,FALSE,FALSE
1273,6208,M18391_s_at,0.0128594748177417,FALSE,FALSE
1274,1726,M14648_at,0.0128738554842742,FALSE,FALSE
1275,5210,Z79581_at,0.0129455873530615,FALSE,FALSE
1276,6924,X58401_at,0.012957059537936,FALSE,FALSE
1277,3693,U74612_at,0.0130667107671606,FALSE,FALSE
1278,3853,U83246_at,0.0130683273742856,FALSE,FALSE
1279,1079,J03474_at,0.0130896978534181,FALSE,FALSE
1280,7045,J00117_f_at,0.0131690764978083,FALSE,FALSE
1281,6586,U66711_rna1_s_at,0.013185752345002,FALSE,FALSE
1282,620,D83776_at,0.0132512047796399,FALSE,FALSE
1283,3293,U48959_at,0.0132538998571417,FALSE,FALSE
1284,6758,HG4557-HT4962_at,0.0134103460266648,FALSE,FALSE
1285,717,D87446_at,0.0134338071810182,FALSE,FALSE
1286,3566,U66052_at,0.0134679284677963,FALSE,FALSE
1287,4457,X67337_at,0.0135100004371966,FALSE,FALSE
1288,2882,U19517_at,0.0135964801189338,FALSE,FALSE
1289,5463,X55990_rna1_at,0.0137433250813752,FALSE,FALSE
1290,6127,U61734_s_at,0.0138026466237947,FALSE,FALSE
1291,2860,U18271_cds1_at,0.0138475914926496,FALSE,FALSE
1292,3194,U42359_at,0.0139293898386366,FALSE,FALSE
1293,4963,Y08134_at,0.0140155365872965,FALSE,FALSE
1294,2110,M62505_at,0.0140250822301127,FALSE,FALSE
1295,3958,U91903_at,0.0141697768557766,FALSE,FALSE
1296,1521,L37033_at,0.0141714261383642,FALSE,FALSE
1297,3954,U91327_at,0.0141731341741635,FALSE,FALSE
1298,2015,M54995_at,0.0142857407616882,FALSE,FALSE
1299,3764,U79262_at,0.0142934435368269,FALSE,FALSE
1300,1800,M21121_at,0.0143285380796881,FALSE,FALSE
1301,4785,X91103_at,0.0143851222298815,FALSE,FALSE
1302,4209,X51420_at,0.0144057434571601,FALSE,FALSE
1303,5472,X65488_at,0.014440710647347,FALSE,FALSE
1304,1852,M24902_at,0.0144440258683622,FALSE,FALSE
1305,4861,X96969_at,0.014451468890686,FALSE,FALSE
1306,6216,M19878_at,0.0144993162813416,FALSE,FALSE
1307,5776,HG2649-HT2745_s_at,0.0146569072312944,FALSE,FALSE
1308,6218,M27783_s_at,0.0146698649699681,FALSE,FALSE
1309,4055,X04145_at,0.0146810974532148,FALSE,FALSE
1310,2762,U12622_at,0.0146841093244833,FALSE,FALSE
1311,674,D86973_at,0.0147229835104283,FALSE,FALSE
1312,70,AB000466_at,0.0147467532427294,FALSE,FALSE
1313,6195,M16707_rna1_s_at,0.0147804155270152,FALSE,FALSE
1314,3741,U78678_at,0.0148037479500504,FALSE,FALSE
1315,488,D50916_at,0.0148193326966791,FALSE,FALSE
1316,436,D43948_at,0.0148196185822913,FALSE,FALSE
1317,4755,X87843_at,0.0148219298767346,FALSE,FALSE
1318,1152,J05500_at,0.0148406922869798,FALSE,FALSE
1319,3358,U51920_at,0.0148500574088031,FALSE,FALSE
1320,981,HG4167-HT4437_at,0.0148966660952232,FALSE,FALSE
1321,5292,L04282_at,0.0149044313717092,FALSE,FALSE
1322,817,HG1872-HT1907_at,0.0149295659595484,FALSE,FALSE
1323,3406,U55853_at,0.014934112724668,FALSE,FALSE
1324,2300,M86400_at,0.0149551470513355,FALSE,FALSE
1325,262,D16581_at,0.0149763976733155,FALSE,FALSE
1326,3914,U89336_cds8_at,0.0150106143291863,FALSE,FALSE
1327,257,D16294_at,0.0150505648662795,FALSE,FALSE
1328,385,D38048_at,0.0150975165221262,FALSE,FALSE
1329,6318,M55513_s_at,0.0151165551667128,FALSE,FALSE
1330,2864,U18321_at,0.0151620917491184,FALSE,FALSE
1331,4150,X14789_at,0.0151995618550537,FALSE,FALSE
1332,914,HG3400-HT3579_at,0.0152196215478521,FALSE,FALSE
1333,161,D00017_at,0.0152687599296101,FALSE,FALSE
1334,4690,X82693_at,0.0152956723378429,FALSE,FALSE
1335,203,D13633_at,0.0153075864719098,FALSE,FALSE
1336,6436,U20816_s_at,0.0153456316626918,FALSE,FALSE
1337,6101,X69962_s_at,0.0153618629527422,FALSE,FALSE
1338,6191,M16591_s_at,0.0153847713041821,FALSE,FALSE
1339,2274,M83186_at,0.0154278401860719,FALSE,FALSE
1340,4695,X83218_at,0.0154361306910552,FALSE,FALSE
1341,825,HG2188-HT2258_at,0.0154611018497549,FALSE,FALSE
1342,1830,M22976_at,0.0155024431758942,FALSE,FALSE
1343,2462,S68616_at,0.0155062188334066,FALSE,FALSE
1344,1520,L36983_at,0.015559818139583,FALSE,FALSE
1345,2210,M74491_at,0.0155917222375616,FALSE,FALSE
1346,1871,M26683_at,0.0156556837933055,FALSE,FALSE
1347,1356,L17330_at,0.0157129125449718,FALSE,FALSE
1348,1238,L07597_at,0.0157425679100427,FALSE,FALSE
1349,4729,X85785_rna1_at,0.0157726855886876,FALSE,FALSE
1350,3855,U83410_at,0.0157760690130645,FALSE,FALSE
1351,1308,L13329_at,0.015807641726874,FALSE,FALSE
1352,1707,M13934_cds2_at,0.0158357452931496,FALSE,FALSE
1353,1330,L14787_at,0.0161401632841337,FALSE,FALSE
1354,2561,S94421_at,0.0162378430990673,FALSE,FALSE
1355,48,AFFX-HUMTFRR/M11507_5_at,0.016259388794214,FALSE,FALSE
1356,3840,U82321_at,0.0162940275250661,FALSE,FALSE
1357,544,D64154_at,0.0163227325087876,FALSE,FALSE
1358,4243,X52882_at,0.0163254274667319,FALSE,FALSE
1359,2433,S34389_at,0.0164097983664613,FALSE,FALSE
1360,49,AFFX-HUMTFRR/M11507_M_at,0.0164212968291437,FALSE,FALSE
1361,5826,HG3125-HT3301_s_at,0.0166325036811386,FALSE,FALSE
1362,211,D13642_at,0.0166464875559517,FALSE,FALSE
1363,3627,U69263_at,0.0166671399681507,FALSE,FALSE
1364,183,D11139_at,0.0167018577473168,FALSE,FALSE
1365,4098,X07109_at,0.0169822871121615,FALSE,FALSE
1366,5931,S71043_rna1_s_at,0.0170244341507201,FALSE,FALSE
1367,6052,L11244_s_at,0.0170346331475869,FALSE,FALSE
1368,6346,M92843_s_at,0.0171835013028434,FALSE,FALSE
1369,2258,M81750_at,0.0171919471929369,FALSE,FALSE
1370,1000,HG4336-HT4606_at,0.017201098912788,FALSE,FALSE
1371,5449,X07203_at,0.0172047729870833,FALSE,FALSE
1372,105,AC002077_at,0.0172215753595338,FALSE,FALSE
1373,375,D31890_at,0.0172585130639261,FALSE,FALSE
1374,4120,X12492_at,0.0172819650148882,FALSE,FALSE
1375,4551,X75252_at,0.0173108013451895,FALSE,FALSE
1376,3304,U49278_at,0.0173624612676168,FALSE,FALSE
1377,4223,X51985_at,0.0173909830832928,FALSE,FALSE
1378,3666,U72515_at,0.0174123638250908,FALSE,FALSE
1379,6411,X57809_s_at,0.0174388798186386,FALSE,FALSE
1380,410,D42039_at,0.0174603623859719,FALSE,FALSE
1381,3091,U35113_at,0.0174640190979058,FALSE,FALSE
1382,4307,X57522_at,0.0175325037676966,FALSE,FALSE
1383,4075,X05276_at,0.0175924729219483,FALSE,FALSE
1384,2146,M64099_at,0.0176340791971801,FALSE,FALSE
1385,6590,U57971_s_at,0.0176647371247336,FALSE,FALSE
1386,4247,X53331_at,0.0176779521385554,FALSE,FALSE
1387,4659,X81198_at,0.0176818254791471,FALSE,FALSE
1388,6309,X53800_s_at,0.017684519552976,FALSE,FALSE
1389,934,HG358-HT358_at,0.01772755310031,FALSE,FALSE
1390,3821,U81556_at,0.0178593454418586,FALSE,FALSE
1391,2916,U21931_at,0.0179588013636019,FALSE,FALSE
1392,6205,M17254_s_at,0.0179916795491489,FALSE,FALSE
1393,2542,S82075_at,0.0179920196887934,FALSE,FALSE
1394,4576,X76302_at,0.01800346726643,FALSE,FALSE
1395,1203,L04733_at,0.018036853588076,FALSE,FALSE
1396,3213,U43431_at,0.0182426750219452,FALSE,FALSE
1397,3720,U77827_at,0.0182755946457522,FALSE,FALSE
1398,5360,M91463_rna1_at,0.0183054468269188,FALSE,FALSE
1399,5935,V00594_s_at,0.0183055135014393,FALSE,FALSE
1400,6375,X80763_s_at,0.0183080546594598,FALSE,FALSE
1401,5756,HG2441-HT2537_s_at,0.0183450854042121,FALSE,FALSE
1402,6130,L49209_s_at,0.0183546901585749,FALSE,FALSE
1403,6047,L10615_s_at,0.0184287617525053,FALSE,FALSE
1404,6552,X81832_s_at,0.0184334523314556,FALSE,FALSE
1405,5040,Y12711_at,0.018438476477761,FALSE,FALSE
1406,6672,X53296_s_at,0.0184804227567326,FALSE,FALSE
1407,4442,X66503_at,0.0184982698995807,FALSE,FALSE
1408,6635,U82108_s_at,0.0185676585942312,FALSE,FALSE
1409,1666,M10014_cds1_at,0.0185940287113792,FALSE,FALSE
1410,6294,M86873_s_at,0.0186044951160963,FALSE,FALSE
1411,4349,X60484_at,0.0186100554911721,FALSE,FALSE
1412,1033,HG825-HT825_at,0.0186554104615899,FALSE,FALSE
1413,6088,M27394_s_at,0.0187235345341111,FALSE,FALSE
1414,5899,HG627-HT5097_s_at,0.0187388572984502,FALSE,FALSE
1415,6735,M58460_at,0.0187929883604768,FALSE,FALSE
1416,2289,M84605_at,0.0188049754274293,FALSE,FALSE
1417,4496,X70070_at,0.0188474988339051,FALSE,FALSE
1418,2236,M77349_at,0.0188659519950897,FALSE,FALSE
1419,5193,Z69923_at,0.0188777877380463,FALSE,FALSE
1420,3516,U62531_at,0.0189024654808132,FALSE,FALSE
1421,1127,J04823_rna1_at,0.0189814054326114,FALSE,FALSE
1422,41,AFFX-HUMRGE/M10098_3_at,0.0190211306203003,FALSE,FALSE
1423,302,D25328_at,0.0190469466850891,FALSE,FALSE
1424,2342,M90696_at,0.0190496174396835,FALSE,FALSE
1425,4728,X85753_at,0.0190656288511746,FALSE,FALSE
1426,3481,U60276_at,0.0191211978025686,FALSE,FALSE
1427,5548,D10326_s_at,0.019126648684445,FALSE,FALSE
1428,3712,U77456_at,0.0191432081133256,FALSE,FALSE
1429,3887,U86602_at,0.019308670331011,FALSE,FALSE
1430,142,AF007111_at,0.0193171636452303,FALSE,FALSE
1431,2888,U19948_at,0.0193426513268808,FALSE,FALSE
1432,492,D50920_at,0.0193540062970244,FALSE,FALSE
1433,4560,X75861_at,0.0193954761603193,FALSE,FALSE
1434,721,D87450_at,0.0194449053802778,FALSE,FALSE
1435,5242,D10925_at,0.0194724726388685,FALSE,FALSE
1436,3477,U60205_at,0.0195100479145763,FALSE,FALSE
1437,2599,U02570_at,0.0195404058608413,FALSE,FALSE
1438,423,D42084_at,0.019549954896988,FALSE,FALSE
1439,5739,HG2175-HT2245_s_at,0.0195518641985329,FALSE,FALSE
1440,3487,U60644_at,0.0195848373034365,FALSE,FALSE
1441,5728,M14199_s_at,0.0196111285734345,FALSE,FALSE
1442,3312,U49844_at,0.019759358343739,FALSE,FALSE
1443,2746,U11690_at,0.0197724955761903,FALSE,FALSE
1444,836,HG2290-HT2386_at,0.0199257170755114,FALSE,FALSE
1445,1904,M29540_at,0.0199314478442609,FALSE,FALSE
1446,440,D44466_at,0.0199316601097563,FALSE,FALSE
1447,6325,M57703_s_at,0.0199462076023493,FALSE,FALSE
1448,6124,U32986_s_at,0.0199795143636233,FALSE,FALSE
1449,910,HG3345-HT3522_at,0.0200122847509452,FALSE,FALSE
1450,5543,D00749_s_at,0.0201119411965182,FALSE,FALSE
1451,1607,L41919_rna1_at,0.0201653156524261,FALSE,FALSE
1452,1523,L37043_at,0.0201950840875666,FALSE,FALSE
1453,4776,X90780_rna1_at,0.0202819666856656,FALSE,FALSE
1454,626,D83782_at,0.0202837773949487,FALSE,FALSE
1455,5832,HG3242-HT3419_s_at,0.0203019575977194,FALSE,FALSE
1456,4887,X98260_at,0.020349164943212,FALSE,FALSE
1457,7105,Z34822_f_at,0.0203920247454294,FALSE,FALSE
1458,5995,X52979_rna1_s_at,0.0204288229736706,FALSE,FALSE
1459,1743,M15958_at,0.0204366716605534,FALSE,FALSE
1460,311,D26135_at,0.0204578746903509,FALSE,FALSE
1461,4734,X86098_at,0.0205686922331604,FALSE,FALSE
1462,5281,J02986_cds1_at,0.0206346766174357,FALSE,FALSE
1463,4866,X97160_rna1_at,0.0206432772750567,FALSE,FALSE
1464,5330,M15169_at,0.0207157887933422,FALSE,FALSE
1465,4787,X91141_at,0.0207797211926686,FALSE,FALSE
1466,3284,U48405_at,0.0208545342371934,FALSE,FALSE
1467,1669,M10612_at,0.0208760326118788,FALSE,FALSE
1468,1320,L13923_at,0.0208845003068886,FALSE,FALSE
1469,1798,M21005_at,0.020922069397506,FALSE,FALSE
1470,494,D50923_at,0.0209481942692321,FALSE,FALSE
1471,7022,M34516_at,0.0209499302232935,FALSE,FALSE
1472,2091,M60752_at,0.020987033203972,FALSE,FALSE
1473,698,D87116_at,0.0211116927729642,FALSE,FALSE
1474,5211,Z80776_at,0.0211180785803309,FALSE,FALSE
1475,1071,J03133_at,0.0211423828266439,FALSE,FALSE
1476,5070,Z18954_at,0.0211685118720646,FALSE,FALSE
1477,876,HG2810-HT2921_at,0.0212031273598144,FALSE,FALSE
1478,6114,X95097_rna1_s_at,0.0212410226122905,FALSE,FALSE
1479,6219,M20203_s_at,0.021242977637385,FALSE,FALSE
1480,5104,Z28339_at,0.0212490058211707,FALSE,FALSE
1481,4001,U96915_at,0.0213275742867556,FALSE,FALSE
1482,3144,U39226_at,0.0213548747445709,FALSE,FALSE
1483,1288,L11373_at,0.021380738758746,FALSE,FALSE
1484,725,D87454_at,0.0214498531616517,FALSE,FALSE
1485,719,D87448_at,0.0214800164514802,FALSE,FALSE
1486,2175,M67439_at,0.0215031581722747,FALSE,FALSE
1487,669,D86968_at,0.0215081253086978,FALSE,FALSE
1488,4635,X79882_at,0.0215522053055793,FALSE,FALSE
1489,3448,U58334_at,0.0215617524564137,FALSE,FALSE
1490,918,HG3432-HT3621_at,0.0215727274444402,FALSE,FALSE
1491,4791,X91249_at,0.0216072934008692,FALSE,FALSE
1492,50,AFFX-HUMTFRR/M11507_3_at,0.0216104375837397,FALSE,FALSE
1493,4131,X13334_at,0.0216467961762582,FALSE,FALSE
1494,2556,S83549_at,0.0216639621449107,FALSE,FALSE
1495,6214,M19309_s_at,0.0216690883133921,FALSE,FALSE
1496,6160,X05855_at,0.0216786932234052,FALSE,FALSE
1497,632,D84145_at,0.0216986756564934,FALSE,FALSE
1498,6267,M29335_s_at,0.0218528277201602,FALSE,FALSE
1499,4720,X85134_rna1_at,0.0218914113180306,FALSE,FALSE
1500,2177,M68520_at,0.0218937094802757,FALSE,FALSE
1501,998,HG4332-HT4602_at,0.0219091180656732,FALSE,FALSE
1502,4136,X13794_rna1_at,0.0219367459119171,FALSE,FALSE
1503,7005,X51345_at,0.0220493244916063,FALSE,FALSE
1504,3085,U34879_rna1_at,0.0220837593406111,FALSE,FALSE
1505,3859,U83600_at,0.0220925199109006,FALSE,FALSE
1506,5695,D90070_s_at,0.022166644109687,FALSE,FALSE
1507,2815,U15460_at,0.0221901272501107,FALSE,FALSE
1508,735,D87465_at,0.0222355437602042,FALSE,FALSE
1509,55,AFFX-HUMGAPDH/M33197_5_st,0.0222433128839566,FALSE,FALSE
1510,5624,D37984_s_at,0.0222669681883292,FALSE,FALSE
1511,4805,X92521_at,0.0223211393834971,FALSE,FALSE
1512,3397,U54778_at,0.022339434184943,FALSE,FALSE
1513,593,D80009_at,0.0223460677933939,FALSE,FALSE
1514,1998,M37197_at,0.0225233781588997,FALSE,FALSE
1515,1053,J00306_at,0.022525612420646,FALSE,FALSE
1516,3277,U47931_at,0.0227145005501045,FALSE,FALSE
1517,1517,L36847_at,0.0227212987950071,FALSE,FALSE
1518,5356,M83664_at,0.0227783039742513,FALSE,FALSE
1519,6074,M67468_s_at,0.0228093927681134,FALSE,FALSE
1520,678,D86978_at,0.0229238109822611,FALSE,FALSE
1521,5068,Z18948_at,0.0229426570538958,FALSE,FALSE
1522,2553,S83365_at,0.022962719391655,FALSE,FALSE
1523,2907,U20979_at,0.0230437297147189,FALSE,FALSE
1524,1647,L76687_at,0.0230471402148135,FALSE,FALSE
1525,5175,Z49269_at,0.0230505205288144,FALSE,FALSE
1526,1395,L20971_at,0.0231120614277144,FALSE,FALSE
1527,3715,U77643_at,0.0231302714834998,FALSE,FALSE
1528,4664,X81479_at,0.0231858333954492,FALSE,FALSE
1529,6384,M87507_s_at,0.023204715779045,FALSE,FALSE
1530,4879,X97795_at,0.0232075687969951,FALSE,FALSE
1531,2507,S77583_at,0.0232451833788246,FALSE,FALSE
1532,6279,X97748_s_at,0.0232708453945506,FALSE,FALSE
1533,1525,L37199_at,0.0232897738310743,FALSE,FALSE
1534,3669,U72661_at,0.0233125260557717,FALSE,FALSE
1535,6023,L03411_s_at,0.0233408587432148,FALSE,FALSE
1536,3617,U68485_at,0.0233618494230067,FALSE,FALSE
1537,5376,U04636_rna1_at,0.0233627660229809,FALSE,FALSE
1538,3801,U79734_at,0.0235615012363959,FALSE,FALSE
1539,1046,HG987-HT987_at,0.0235719517168174,FALSE,FALSE
1540,1184,L01406_at,0.0236401883005809,FALSE,FALSE
1541,2589,U01922_at,0.0236759082171884,FALSE,FALSE
1542,3807,U80040_at,0.0236863725458876,FALSE,FALSE
1543,5524,S62027_s_at,0.0236889915688129,FALSE,FALSE
1544,3547,U64998_at,0.0237096590484581,FALSE,FALSE
1545,3549,U65011_at,0.0237390696111246,FALSE,FALSE
1546,4877,X97674_at,0.0237614497028351,FALSE,FALSE
1547,3911,U89336_cds4_at,0.0237957149350832,FALSE,FALSE
1548,3678,U73328_at,0.0238106861224145,FALSE,FALSE
1549,4,AFFX-BioC-5_at,0.0238696408406586,FALSE,FALSE
1550,386,D38076_at,0.0238770996894337,FALSE,FALSE
1551,1147,J05272_at,0.0239082762988344,FALSE,FALSE
1552,7023,M34516_r_at,0.0239580293378787,FALSE,FALSE
1553,4034,X02596_at,0.0239903439330962,FALSE,FALSE
1554,6163,X03363_s_at,0.0240310904544474,FALSE,FALSE
1555,5599,D28235_s_at,0.0240917568497062,FALSE,FALSE
1556,7061,L42583_f_at,0.0241389603802068,FALSE,FALSE
1557,5014,Y10512_at,0.0241408065597542,FALSE,FALSE
1558,693,D87074_at,0.0243794828956785,FALSE,FALSE
1559,1754,M16801_at,0.0243879940781004,FALSE,FALSE
1560,7094,X97444_f_at,0.0245244649997478,FALSE,FALSE
1561,724,D87453_at,0.0245342937628713,FALSE,FALSE
1562,201,D13628_at,0.0245707022921438,FALSE,FALSE
1563,3464,U59423_at,0.0245983307849744,FALSE,FALSE
1564,8,AFFX-CreX-5_at,0.0246722381897184,FALSE,FALSE
1565,1252,L08488_at,0.0246999422187445,FALSE,FALSE
1566,76,AB000897_at,0.0247549828360849,FALSE,FALSE
1567,339,D29012_at,0.0247585624146815,FALSE,FALSE
1568,5917,S76942_s_at,0.0248223483298373,FALSE,FALSE
1569,3110,U37022_rna1_at,0.0248581710195024,FALSE,FALSE
1570,3661,U72507_at,0.0248854917052388,FALSE,FALSE
1571,3877,U85767_at,0.0249243554703429,FALSE,FALSE
1572,5666,D78577_s_at,0.0249372027353654,FALSE,FALSE
1573,3128,U37689_at,0.0250765391538842,FALSE,FALSE
1574,2233,M77142_at,0.0250813473238035,FALSE,FALSE
1575,3452,U58682_at,0.025185122509611,FALSE,FALSE
1576,5375,S78234_at,0.025185181550224,FALSE,FALSE
1577,7128,M71243_f_at,0.0252044117947882,FALSE,FALSE
1578,4354,X60673_rna1_at,0.0252058445221023,FALSE,FALSE
1579,39,AFFX-HUMRGE/M10098_5_at,0.0252208769848586,FALSE,FALSE
1580,5891,U19251_s_at,0.0253770099947635,FALSE,FALSE
1581,3300,U49188_at,0.0253780174882392,FALSE,FALSE
1582,4826,X94612_at,0.0253869308710679,FALSE,FALSE
1583,1389,L20815_at,0.0255672707122945,FALSE,FALSE
1584,44,AFFX-HUMGAPDH/M33197_3_at,0.0257018693293368,FALSE,FALSE
1585,2224,M76424_at,0.0257092201104069,FALSE,FALSE
1586,867,HG2707-HT2803_at,0.0257316800466976,FALSE,FALSE
1587,5848,M13929_s_at,0.0257534832765656,FALSE,FALSE
1588,1208,L05424_cds2_at,0.0258013611624541,FALSE,FALSE
1589,166,D00723_at,0.0258389972369492,FALSE,FALSE
1590,2323,M87860_at,0.0259119340169338,FALSE,FALSE
1591,3043,U32315_at,0.0259138562290298,FALSE,FALSE
1592,4870,X97302_at,0.0259138843259435,FALSE,FALSE
1593,2383,M94556_at,0.0259237858585189,FALSE,FALSE
1594,805,HG1614-HT1614_at,0.0259370291534269,FALSE,FALSE
1595,6223,M20778_s_at,0.0260259664003152,FALSE,FALSE
1596,2016,M55040_at,0.0261367250296746,FALSE,FALSE
1597,3345,U51241_at,0.0261734690302677,FALSE,FALSE
1598,2391,M95610_at,0.0261943873408839,FALSE,FALSE
1599,780,D90097_at,0.0262352266535244,FALSE,FALSE
1600,1287,L11372_at,0.026285242260968,FALSE,FALSE
1601,1524,L37127_at,0.0264400755021541,FALSE,FALSE
1602,3273,U47742_at,0.026441506694215,FALSE,FALSE
1603,2477,S72487_at,0.0265232869569338,FALSE,FALSE
1604,675,D86975_at,0.0265465886773135,FALSE,FALSE
1605,3967,U92459_at,0.0266012585922919,FALSE,FALSE
1606,3681,U73377_at,0.0266515109555932,FALSE,FALSE
1607,5002,Y10207_at,0.0267479268404605,FALSE,FALSE
1608,3717,U77665_at,0.0268535941784192,FALSE,FALSE
1609,396,D38521_at,0.0269207648514101,FALSE,FALSE
1610,1068,J03040_at,0.0269459026574007,FALSE,FALSE
1611,854,HG2566-HT4867_at,0.0269600874021386,FALSE,FALSE
1612,6386,M91669_s_at,0.026981831387468,FALSE,FALSE
1613,3824,U81607_at,0.0270827337208016,FALSE,FALSE
1614,1351,L17128_at,0.0271282231738095,FALSE,FALSE
1615,17,AFFX-CreX-5_st,0.0271309441932998,FALSE,FALSE
1616,6956,J00277_at,0.0273681915479143,FALSE,FALSE
1617,1972,M34182_at,0.0274260370046637,FALSE,FALSE
1618,3016,U30825_at,0.0274674015974718,FALSE,FALSE
1619,4033,X02544_at,0.0274682382178936,FALSE,FALSE
1620,706,D87433_at,0.0274931139620163,FALSE,FALSE
1621,6692,Z25521_s_at,0.0274976831853651,FALSE,FALSE
1622,1454,L29217_at,0.0276620610739718,FALSE,FALSE
1623,1915,M30185_at,0.0276759151029602,FALSE,FALSE
1624,4865,X97074_at,0.0277305873004053,FALSE,FALSE
1625,1638,L49169_at,0.0277583496478212,FALSE,FALSE
1626,6307,Z38133_s_at,0.0278190267983991,FALSE,FALSE
1627,4721,X85178_at,0.0278641858212147,FALSE,FALSE
1628,3337,U50950_at,0.0279214812027824,FALSE,FALSE
1629,242,D14811_at,0.0280331295189042,FALSE,FALSE
1630,5492,X89430_at,0.0281173981400163,FALSE,FALSE
1631,3694,U74667_at,0.028163145424213,FALSE,FALSE
1632,127,AF001294_at,0.0283682871599055,FALSE,FALSE
1633,6260,M28213_s_at,0.0284724592614794,FALSE,FALSE
1634,1981,M34677_at,0.0285238306676249,FALSE,FALSE
1635,6413,S52969_cds1_s_at,0.028540398542763,FALSE,FALSE
1636,2103,M62302_at,0.0285828270682939,FALSE,FALSE
1637,4124,X12791_at,0.0285924671970995,FALSE,FALSE
1638,2009,M38591_at,0.0286217569010148,FALSE,FALSE
1639,1939,M31899_at,0.0286674278592106,FALSE,FALSE
1640,6192,M16652_at,0.0287053737744028,FALSE,FALSE
1641,1917,M30496_at,0.0287663346041873,FALSE,FALSE
1642,2898,U20428_at,0.0288518455480132,FALSE,FALSE
1643,3728,U78027_rna4_at,0.028921283418388,FALSE,FALSE
1644,4024,X01060_at,0.0289281050715968,FALSE,FALSE
1645,2663,U07225_at,0.0289453452557543,FALSE,FALSE
1646,616,D83702_at,0.0289835214672177,FALSE,FALSE
1647,5385,U14394_at,0.0289966622459694,FALSE,FALSE
1648,1954,M33308_at,0.0290579957421211,FALSE,FALSE
1649,2412,M96982_at,0.02909410672602,FALSE,FALSE
1650,3426,U57342_at,0.0291077334166816,FALSE,FALSE
1651,2435,S42303_at,0.0291103350324666,FALSE,FALSE
1652,3095,U35407_at,0.0291228067119394,FALSE,FALSE
1653,3707,U76992_at,0.0291823088678323,FALSE,FALSE
1654,834,HG2279-HT2375_at,0.0291860852733499,FALSE,FALSE
1655,4933,Y00291_at,0.0292994968451143,FALSE,FALSE
1656,1557,L39061_at,0.0293058492245787,FALSE,FALSE
1657,3629,U69645_at,0.0293202653999241,FALSE,FALSE
1658,754,D87989_at,0.0293888421730245,FALSE,FALSE
1659,1811,M21904_at,0.0294220432460416,FALSE,FALSE
1660,6196,M16750_s_at,0.0294263898799183,FALSE,FALSE
1661,5205,Z73903_at,0.0294340768249056,FALSE,FALSE
1662,793,HG1111-HT1111_at,0.0294346973697279,FALSE,FALSE
1663,5990,X14684_s_at,0.0295068276267467,FALSE,FALSE
1664,6777,HG2887-HT3031_at,0.029507482900818,FALSE,FALSE
1665,3049,U32576_rna1_at,0.0296139468227834,FALSE,FALSE
1666,6239,X95325_s_at,0.0297065798041347,FALSE,FALSE
1667,3555,U65410_at,0.029718296812285,FALSE,FALSE
1668,292,D23662_at,0.0297354387266341,FALSE,FALSE
1669,265,D16626_at,0.0297731437287695,FALSE,FALSE
1670,5966,M26004_s_at,0.0299644977192859,FALSE,FALSE
1671,1586,L40586_at,0.0300565889282306,FALSE,FALSE
1672,4512,X71874_cds1_at,0.0300873783942237,FALSE,FALSE
1673,872,HG2724-HT2820_at,0.0302428843618103,FALSE,FALSE
1674,2437,S43646_at,0.0302805661274725,FALSE,FALSE
1675,3634,U70322_at,0.030297049254236,FALSE,FALSE
1676,2040,M57506_rna1_at,0.0304166707194674,FALSE,FALSE
1677,3830,U82169_at,0.030424883009507,FALSE,FALSE
1678,1989,M36067_at,0.0305479802076806,FALSE,FALSE
1679,5398,U25988_at,0.0306783412175794,FALSE,FALSE
1680,3286,U48437_at,0.0307068522728082,FALSE,FALSE
1681,1307,L13286_at,0.0307377998141098,FALSE,FALSE
1682,3069,U33821_at,0.0307654180415127,FALSE,FALSE
1683,7073,M60750_f_at,0.0308211970658933,FALSE,FALSE
1684,6086,L22524_s_at,0.0308475848534921,FALSE,FALSE
1685,4704,X83618_at,0.0309514544986939,FALSE,FALSE
1686,2684,U08023_at,0.0310027424902731,FALSE,FALSE
1687,6549,X85137_s_at,0.0310062150465356,FALSE,FALSE
1688,5604,D29640_s_at,0.0310164046457151,FALSE,FALSE
1689,12,AFFX-BioB-3_st,0.0310712864113936,FALSE,FALSE
1690,4440,X66417_at,0.0311467732299318,FALSE,FALSE
1691,5742,HG4069-HT4339_s_at,0.0311880772495149,FALSE,FALSE
1692,6715,X98178_s_at,0.0312184298409524,FALSE,FALSE
1693,3776,U79280_at,0.031248339084262,FALSE,FALSE
1694,5525,AC002477_s_at,0.0312527441458467,FALSE,FALSE
1695,702,D87258_at,0.0313728047250748,FALSE,FALSE
1696,3615,U68233_at,0.0313830937343847,FALSE,FALSE
1697,6597,X99586_s_at,0.0315123688285393,FALSE,FALSE
1698,4989,Y09443_at,0.0315327320330217,FALSE,FALSE
1699,5773,M29037_s_at,0.0316347156186957,FALSE,FALSE
1700,1406,L22214_at,0.0316679641944153,FALSE,FALSE
1701,6002,J05200_rna1_s_at,0.0317180303395666,FALSE,FALSE
1702,5169,Z49099_at,0.031733409197682,FALSE,FALSE
1703,6262,M29277_at,0.0318257351083726,FALSE,FALSE
1704,1780,M19645_at,0.0318783950969637,FALSE,FALSE
1705,6141,Y08765_s_at,0.0319142788863153,FALSE,FALSE
1706,1382,L20316_at,0.0319249496002161,FALSE,FALSE
1707,1659,L77730_at,0.0319703520895697,FALSE,FALSE
1708,3332,U50743_at,0.0320395448623508,FALSE,FALSE
1709,6306,M36653_s_at,0.0320817298628121,FALSE,FALSE
1710,4961,Y07847_at,0.0321533088896948,FALSE,FALSE
1711,6555,X93511_s_at,0.0321536217326829,FALSE,FALSE
1712,7086,V00551_f_at,0.0321958667763186,FALSE,FALSE
1713,2138,M63896_at,0.0322432826648571,FALSE,FALSE
1714,5318,L43576_at,0.0323797075713619,FALSE,FALSE
1715,7071,M37755_f_at,0.0324459086926593,FALSE,FALSE
1716,4092,X06617_at,0.0324838460365,FALSE,FALSE
1717,3196,U42387_at,0.0325817428574052,FALSE,FALSE
1718,4605,X78549_at,0.0327239150423954,FALSE,FALSE
1719,2563,U00115_at,0.0327316998945119,FALSE,FALSE
1720,5123,Z33642_at,0.0327917317154569,FALSE,FALSE
1721,444,D45399_at,0.0328381439620337,FALSE,FALSE
1722,2027,M55284_at,0.0328607048219622,FALSE,FALSE
1723,5106,Z29064_at,0.033002361428516,FALSE,FALSE
1724,5528,AF001787_s_at,0.0330128896322059,FALSE,FALSE
1725,3757,U79254_at,0.0330221377705696,FALSE,FALSE
1726,4383,X63337_at,0.03305781230518,FALSE,FALSE
1727,2965,U26710_at,0.033065951607449,FALSE,FALSE
1728,6642,U90543_at,0.0331832726168915,FALSE,FALSE
1729,566,D78586_at,0.0331847747123125,FALSE,FALSE
1730,6646,Y07827_s_at,0.0332224774981643,FALSE,FALSE
1731,4606,X78565_at,0.0332262212097,FALSE,FALSE
1732,3731,U78180_at,0.0332491089916212,FALSE,FALSE
1733,3486,U60521_at,0.0333133230672815,FALSE,FALSE
1734,6007,M34996_s_at,0.033440494970047,FALSE,FALSE
1735,4960,Y07846_at,0.0334422398240651,FALSE,FALSE
1736,322,D26598_at,0.0334516980086067,FALSE,FALSE
1737,6875,M99436_at,0.0334834201328722,FALSE,FALSE
1738,505,D55696_at,0.0335219518408932,FALSE,FALSE
1739,2647,U05659_at,0.0335646242566886,FALSE,FALSE
1740,618,D83735_at,0.0336327945045526,FALSE,FALSE
1741,2489,S75168_rna1_at,0.0336864440984116,FALSE,FALSE
1742,1185,L01664_at,0.033717077093482,FALSE,FALSE
1743,1225,L06845_at,0.0337437223589039,FALSE,FALSE
1744,2537,S81914_at,0.0337558938770915,FALSE,FALSE
1745,4599,X77909_at,0.0338571312338599,FALSE,FALSE
1746,464,D50310_at,0.0339490900624558,FALSE,FALSE
1747,3951,U90918_at,0.0340597725926629,FALSE,FALSE
1748,238,D14689_at,0.0341166344553031,FALSE,FALSE
1749,1387,L20773_at,0.0341286359143608,FALSE,FALSE
1750,1895,M28879_at,0.0342090066825672,FALSE,FALSE
1751,6767,U57341_r_at,0.0342398140404625,FALSE,FALSE
1752,3155,U39817_at,0.0342441523822728,FALSE,FALSE
1753,219,D13969_at,0.0342804466164526,FALSE,FALSE
1754,1322,L13977_at,0.0342975494798652,FALSE,FALSE
1755,5345,M58026_at,0.0343311178715098,FALSE,FALSE
1756,5334,M20566_at,0.0343333253325019,FALSE,FALSE
1757,1018,HG4740-HT5187_at,0.0343742177717884,FALSE,FALSE
1758,2618,U03642_at,0.0344009432821931,FALSE,FALSE
1759,5996,S40719_s_at,0.0344940681207339,FALSE,FALSE
1760,685,D86985_at,0.034522071224082,FALSE,FALSE
1761,4079,X05409_at,0.0345604291325512,FALSE,FALSE
1762,5262,D64108_at,0.0345630346554528,FALSE,FALSE
1763,5967,S62696_s_at,0.0345892464341341,FALSE,FALSE
1764,6173,M13928_s_at,0.0347424496965037,FALSE,FALSE
1765,1343,L15702_at,0.0347745490697491,FALSE,FALSE
1766,4896,X98743_at,0.0348421540186762,FALSE,FALSE
1767,4425,X65873_at,0.0350138653297788,FALSE,FALSE
1768,6415,S56151_s_at,0.0350304065368632,FALSE,FALSE
1769,6804,M23575_f_at,0.0350695286669608,FALSE,FALSE
1770,4632,X79780_at,0.0350960986581811,FALSE,FALSE
1771,3808,U80073_at,0.0351364823735516,FALSE,FALSE
1772,1810,M21812_at,0.035166463698848,FALSE,FALSE
1773,5563,D13631_s_at,0.0351697954809127,FALSE,FALSE
1774,4353,X60655_at,0.0352506947042572,FALSE,FALSE
1775,6316,M86933_at,0.0353077580764409,FALSE,FALSE
1776,2382,M94547_at,0.0353369946454591,FALSE,FALSE
1777,323,D26599_at,0.0353515918985034,FALSE,FALSE
1778,6987,U14187_at,0.0353576509503483,FALSE,FALSE
1779,3880,U85992_at,0.0355040095989038,FALSE,FALSE
1780,3322,U50315_at,0.0357716348291997,FALSE,FALSE
1781,6025,U09851_s_at,0.0357740652444867,FALSE,FALSE
1782,3166,U40372_at,0.0357882803022621,FALSE,FALSE
1783,3934,U90551_at,0.0357923604861972,FALSE,FALSE
1784,630,D83920_at,0.0358024013618552,FALSE,FALSE
1785,2425,M98528_at,0.0358219035815965,FALSE,FALSE
1786,2358,M92432_at,0.0358779744684481,FALSE,FALSE
1787,2648,U05875_at,0.0358832150681707,FALSE,FALSE
1788,5464,X56841_at,0.0358850180699534,FALSE,FALSE
1789,6493,X91911_s_at,0.0359703602999475,FALSE,FALSE
1790,835,HG2280-HT2376_at,0.0359998174578045,FALSE,FALSE
1791,2461,S67970_at,0.0360158090469773,FALSE,FALSE
1792,756,D88152_at,0.0360173250524128,FALSE,FALSE
1793,5230,Z84722_at,0.0360295112914269,FALSE,FALSE
1794,6445,X58199_s_at,0.0360691487209281,FALSE,FALSE
1795,1529,L37378_at,0.0361186961925493,FALSE,FALSE
1796,4350,X60486_at,0.0361856128976985,FALSE,FALSE
1797,2188,M69177_at,0.0362426559810824,FALSE,FALSE
1798,331,D28416_at,0.0362553169612196,FALSE,FALSE
1799,3866,U84569_at,0.0363330428160439,FALSE,FALSE
1800,518,D63476_at,0.0363741460541372,FALSE,FALSE
1801,5878,HG4116-HT4386_s_at,0.0364156715791808,FALSE,FALSE
1802,1849,M24470_at,0.0364825857458841,FALSE,FALSE
1803,2490,S75174_at,0.0365616927720552,FALSE,FALSE
1804,1242,L07765_at,0.0365820228245222,FALSE,FALSE
1805,2434,S39329_at,0.0366444772249823,FALSE,FALSE
1806,2891,U20230_at,0.0367051592926153,FALSE,FALSE
1807,2593,U02031_at,0.0367255232115646,FALSE,FALSE
1808,1403,L22009_at,0.0367560890778447,FALSE,FALSE
1809,3593,U67156_at,0.036857741966563,FALSE,FALSE
1810,2575,U00968_at,0.0368635946971331,FALSE,FALSE
1811,6199,U08006_s_at,0.036879293450209,FALSE,FALSE
1812,4759,X89059_at,0.0369372528313118,FALSE,FALSE
1813,1474,L33243_at,0.0370034341882617,FALSE,FALSE
1814,5673,D85425_s_at,0.0370914563768144,FALSE,FALSE
1815,1540,L38616_at,0.0370974475346395,FALSE,FALSE
1816,5741,HG2238-HT2321_s_at,0.0371444695996989,FALSE,FALSE
1817,4252,X53742_at,0.0371552148336701,FALSE,FALSE
1818,4482,X69150_at,0.0372080177379135,FALSE,FALSE
1819,2517,S78723_rna2_at,0.0373221083657609,FALSE,FALSE
1820,1534,L38486_at,0.0373728293656241,FALSE,FALSE
1821,5760,HG2479-HT2575_s_at,0.0374424321065244,FALSE,FALSE
1822,6723,AF000424_s_at,0.0374448140878036,FALSE,FALSE
1823,1034,HG830-HT830_at,0.0375077833404154,FALSE,FALSE
1824,6663,X14690_s_at,0.0375384854334924,FALSE,FALSE
1825,1936,M31659_at,0.0375397704283474,FALSE,FALSE
1826,1893,M28826_at,0.0375849859874871,FALSE,FALSE
1827,5737,HG2090-HT2152_s_at,0.0376392868937576,FALSE,FALSE
1828,1603,L41816_at,0.0376928652883234,FALSE,FALSE
1829,1117,J04599_at,0.0377260433386968,FALSE,FALSE
1830,3559,U65676_at,0.0377460011987244,FALSE,FALSE
1831,3385,U53209_at,0.0377621410695937,FALSE,FALSE
1832,3594,U67171_at,0.0377722548449639,FALSE,FALSE
1833,1373,L19686_rna1_at,0.0377769840615389,FALSE,FALSE
1834,3314,U49869_rna1_at,0.0377805641421011,FALSE,FALSE
1835,771,D89077_at,0.0377828310830012,FALSE,FALSE
1836,1699,M13241_at,0.0379441023982801,FALSE,FALSE
1837,1941,M31994_at,0.0379644464437142,FALSE,FALSE
1838,71,AB000467_at,0.0379898943701645,FALSE,FALSE
1839,4214,X51688_at,0.0379913188762131,FALSE,FALSE
1840,599,D82070_at,0.0380501142812173,FALSE,FALSE
1841,2166,M64992_at,0.0380796938650375,FALSE,FALSE
1842,5729,U43901_rna1_s_at,0.0381379695081328,FALSE,FALSE
1843,4851,X96484_at,0.0381802805307113,FALSE,FALSE
1844,6757,HG4518-HT4921_r_at,0.0382175006600572,FALSE,FALSE
1845,2926,U22963_at,0.0383049827239657,FALSE,FALSE
1846,1781,M19684_at,0.038321654801437,FALSE,FALSE
1847,5407,U36341_rna1_at,0.038518288552542,FALSE,FALSE
1848,3639,U70660_at,0.0386009974307499,FALSE,FALSE
1849,5514,AB000410_s_at,0.0386928229592153,FALSE,FALSE
1850,1094,J03930_at,0.0387133060546122,FALSE,FALSE
1851,5822,HG3085-HT3254_s_at,0.0389075364693123,FALSE,FALSE
1852,3077,U34044_at,0.0389534796915046,FALSE,FALSE
1853,2689,U08336_at,0.0389949415540306,FALSE,FALSE
1854,5488,X81625_at,0.0390016659485998,FALSE,FALSE
1855,5888,HG4334-HT4604_s_at,0.0390073965313614,FALSE,FALSE
1856,1775,M19283_at,0.0390402927742941,FALSE,FALSE
1857,317,D26528_at,0.0390481232743794,FALSE,FALSE
1858,2180,M68874_at,0.0390625556365432,FALSE,FALSE
1859,5971,J03626_rna1_s_at,0.0392441638438938,FALSE,FALSE
1860,3863,U84487_at,0.03927783639616,FALSE,FALSE
1861,5484,X78338_at,0.0393734813462941,FALSE,FALSE
1862,1466,L32137_at,0.0393929085479649,FALSE,FALSE
1863,2097,M61176_at,0.0394504520730816,FALSE,FALSE
1864,2814,U15422_cds2_at,0.0394933498306767,FALSE,FALSE
1865,129,AF002020_at,0.0395742967918462,FALSE,FALSE
1866,4509,X71348_at,0.0395762583186688,FALSE,FALSE
1867,2336,M90299_at,0.0397184868714552,FALSE,FALSE
1868,2505,S77575_at,0.0398552097702225,FALSE,FALSE
1869,6093,U45255_s_at,0.0398766943655381,FALSE,FALSE
1870,4515,X72012_at,0.0399340159497267,FALSE,FALSE
1871,5876,HG4099-HT4369_s_at,0.0399854147487849,FALSE,FALSE
1872,5024,Y11174_at,0.0399993215863871,FALSE,FALSE
1873,1809,M21624_at,0.0400172986093567,FALSE,FALSE
1874,3695,U75308_at,0.0400295207376143,FALSE,FALSE
1875,6921,X54489_rna1_at,0.0400721353229514,FALSE,FALSE
1876,2257,M81637_at,0.0401415385897712,FALSE,FALSE
1877,3651,U71207_at,0.0402198550174775,FALSE,FALSE
1878,6984,U03494_at,0.0403280944408476,FALSE,FALSE
1879,2661,U07158_at,0.0404821264768885,FALSE,FALSE
1880,27,AFFX-PheX-M_at,0.0406095311378599,FALSE,FALSE
1881,5743,HG2259-HT2348_s_at,0.0406662921892377,FALSE,FALSE
1882,14,AFFX-BioC-3_st,0.0407601128919246,FALSE,FALSE
1883,7035,HG2255-HT2344_f_at,0.0408094107382017,FALSE,FALSE
1884,6057,L12060_s_at,0.0408190740560823,FALSE,FALSE
1885,3321,U50146_at,0.0409236663795248,FALSE,FALSE
1886,4157,X15088_at,0.0409887685041892,FALSE,FALSE
1887,233,D14662_at,0.0410386530147897,FALSE,FALSE
1888,607,D83018_at,0.0410391826149443,FALSE,FALSE
1889,2466,S69790_at,0.041124777273977,FALSE,FALSE
1890,2452,S63912_at,0.0411652130309268,FALSE,FALSE
1891,1878,M27543_at,0.0411666084724645,FALSE,FALSE
1892,5883,L13266_s_at,0.0411737950666283,FALSE,FALSE
1893,3177,U40998_at,0.041193639365977,FALSE,FALSE
1894,2673,U07664_at,0.0412449384414171,FALSE,FALSE
1895,5603,S78467_s_at,0.0413251110880735,FALSE,FALSE
1896,6674,X53390_s_at,0.0414596999715861,FALSE,FALSE
1897,4907,X99226_at,0.0415164351680793,FALSE,FALSE
1898,1977,M34455_at,0.0415867592245392,FALSE,FALSE
1899,6650,X17644_s_at,0.0416050338498784,FALSE,FALSE
1900,4086,X06290_at,0.0416110838441405,FALSE,FALSE
1901,3013,U30313_at,0.0417071681811679,FALSE,FALSE
1902,2769,U13045_at,0.0417120446892204,FALSE,FALSE
1903,5011,Y10506_at,0.0417154929968215,FALSE,FALSE
1904,1942,M32011_at,0.0418742376511076,FALSE,FALSE
1905,5502,Z18956_at,0.0418869072268956,FALSE,FALSE
1906,2196,M73547_at,0.0419777565206042,FALSE,FALSE
1907,4134,X13546_rna1_at,0.0420341475196598,FALSE,FALSE
1908,2789,U14518_at,0.0420408279790234,FALSE,FALSE
1909,5496,X95677_at,0.0421258442924566,FALSE,FALSE
1910,214,D13645_at,0.0421478799973611,FALSE,FALSE
1911,5700,M64710_s_at,0.0422015388576734,FALSE,FALSE
1912,6816,HG1996-HT2044_at,0.0422235182078405,FALSE,FALSE
1913,4986,Y09305_at,0.042228984621499,FALSE,FALSE
1914,2996,U28963_at,0.0422979066516447,FALSE,FALSE
1915,1487,L34219_at,0.0423780470856923,FALSE,FALSE
1916,1710,M14016_at,0.0425808562665434,FALSE,FALSE
1917,3060,U33054_at,0.042643408160973,FALSE,FALSE
1918,4226,X52005_at,0.0426611433562938,FALSE,FALSE
1919,2623,U03886_at,0.0426768227666837,FALSE,FALSE
1920,4367,X61615_at,0.0426865045538639,FALSE,FALSE
1921,2039,M57471_at,0.042764891057122,FALSE,FALSE
1922,6277,M30703_s_at,0.0427714573262848,FALSE,FALSE
1923,2501,S77356_at,0.0427916972816214,FALSE,FALSE
1924,1546,L38929_at,0.0428238378371324,FALSE,FALSE
1925,6457,X04347_s_at,0.0428290329514584,FALSE,FALSE
1926,3411,U56417_at,0.0428706089143818,FALSE,FALSE
1927,6250,U16799_s_at,0.0429352412680263,FALSE,FALSE
1928,4943,Y00796_at,0.0429578645454925,FALSE,FALSE
1929,7051,K03183_f_at,0.0430401137447638,FALSE,FALSE
1930,5308,L20688_at,0.0431083790152847,FALSE,FALSE
1931,3716,U77664_at,0.0431147894534371,FALSE,FALSE
1932,3142,U38980_at,0.0431404588291592,FALSE,FALSE
1933,2680,U07857_at,0.0431685940269018,FALSE,FALSE
1934,1419,L24783_at,0.0432649911202245,FALSE,FALSE
1935,3898,U88629_at,0.0432813432485725,FALSE,FALSE
1936,4773,X90568_at,0.0432980955356445,FALSE,FALSE
1937,2189,M69225_at,0.0433237707190239,FALSE,FALSE
1938,6991,U35234_at,0.0435049754240188,FALSE,FALSE
1939,1564,L40357_at,0.043585009684216,FALSE,FALSE
1940,5121,Z32684_at,0.0437105690669302,FALSE,FALSE
1941,4828,X94703_at,0.0437128447535809,FALSE,FALSE
1942,2362,M93036_at,0.0437613520778381,FALSE,FALSE
1943,2195,M73489_at,0.0439199649536005,FALSE,FALSE
1944,58,AFFX-HSAC07/X00351_5_st,0.0439916856309776,FALSE,FALSE
1945,4279,X55668_at,0.0440353373244884,FALSE,FALSE
1946,4333,X59710_at,0.04410034904946,FALSE,FALSE
1947,5163,Z48579_at,0.044259762137426,FALSE,FALSE
1948,2745,U11313_at,0.0442623022501141,FALSE,FALSE
1949,5660,D63940_s_at,0.0443197623416288,FALSE,FALSE
1950,6636,U83239_s_at,0.0444806850575853,FALSE,FALSE
1951,4201,X17576_at,0.0444923583084204,FALSE,FALSE
1952,3350,U51477_at,0.0445854950979896,FALSE,FALSE
1953,4760,X89066_at,0.0446135001721855,FALSE,FALSE
1954,822,HG2152-HT2222_at,0.0446152241958742,FALSE,FALSE
1955,3374,U52521_at,0.0446820484064426,FALSE,FALSE
1956,943,HG3872-HT4142_at,0.0447115994112382,FALSE,FALSE
1957,6235,M23234_s_at,0.0448435878904217,FALSE,FALSE
1958,828,HG2228-HT2305_at,0.0448503691815818,FALSE,FALSE
1959,2155,M64590_at,0.0448803594745653,FALSE,FALSE
1960,1206,L05147_at,0.0448972366063882,FALSE,FALSE
1961,2846,U17714_at,0.0449238722573836,FALSE,FALSE
1962,453,D49489_at,0.0449380740204933,FALSE,FALSE
1963,3243,U45976_at,0.0449551717127405,FALSE,FALSE
1964,4545,X74795_at,0.0451603985171341,FALSE,FALSE
1965,6251,M31776_s_at,0.0452207029410687,FALSE,FALSE
1966,5112,Z29331_at,0.0452689895708523,FALSE,FALSE
1967,150,AF009674_at,0.0453186937435848,FALSE,FALSE
1968,2116,M62840_at,0.0453563320588327,FALSE,FALSE
1969,131,AF002700_at,0.0455848791560173,FALSE,FALSE
1970,207,D13637_at,0.0456805602213008,FALSE,FALSE
1971,796,HG1139-HT4910_at,0.0456897346175786,FALSE,FALSE
1972,2803,U15008_at,0.0456932403069128,FALSE,FALSE
1973,3271,U47634_at,0.0457056942220717,FALSE,FALSE
1974,2115,M62831_at,0.0457649047535903,FALSE,FALSE
1975,364,D31767_at,0.0457719775051495,FALSE,FALSE
1976,1675,M11186_at,0.0457736653274403,FALSE,FALSE
1977,545,D64158_at,0.0458119809550156,FALSE,FALSE
1978,4600,X78031_at,0.045899034800305,FALSE,FALSE
1979,2143,M63967_at,0.045899620141246,FALSE,FALSE
1980,2811,U15177_at,0.045948884791676,FALSE,FALSE
1981,6447,S81264_s_at,0.0460541785324347,FALSE,FALSE
1982,3051,U32645_at,0.0460943016650846,FALSE,FALSE
1983,123,AF000560_at,0.0461063927237148,FALSE,FALSE
1984,3972,U93237_rna2_at,0.046118951100497,FALSE,FALSE
1985,5755,HG243-HT243_s_at,0.0461641667150079,FALSE,FALSE
1986,5006,Y10260_at,0.0461940303913301,FALSE,FALSE
1987,1232,L07540_at,0.046291410841037,FALSE,FALSE
1988,4781,X90872_at,0.0463949700407652,FALSE,FALSE
1989,3937,U90878_at,0.0465152780683702,FALSE,FALSE
1990,6541,U34070_s_at,0.0465322925522372,FALSE,FALSE
1991,2957,U25956_at,0.0466026234693272,FALSE,FALSE
1992,3006,U29700_at,0.0466202035995706,FALSE,FALSE
1993,553,D78014_at,0.0467828961352675,FALSE,FALSE
1994,637,D84361_at,0.0468181312760344,FALSE,FALSE
1995,6649,Y08265_s_at,0.0468384355999993,FALSE,FALSE
1996,886,HG3104-HT3280_at,0.0468649819611567,FALSE,FALSE
1997,4574,X76180_at,0.0469365593147767,FALSE,FALSE
1998,5076,Z21707_at,0.0469596676523004,FALSE,FALSE
1999,4479,X69090_at,0.0469764561526439,FALSE,FALSE
2000,3449,U58522_at,0.0470338483993196,FALSE,FALSE
2001,3978,U94333_at,0.0471427372065935,FALSE,FALSE
2002,304,D25539_at,0.0471593807095139,FALSE,FALSE
2003,3465,U59736_at,0.0471861631876596,FALSE,FALSE
2004,282,D21260_at,0.0473354244733996,FALSE,FALSE
2005,646,D85429_at,0.0473915726282318,FALSE,FALSE
2006,5297,L07615_at,0.0476460395779167,FALSE,FALSE
2007,3915,U89355_at,0.0476691724927498,FALSE,FALSE
2008,4109,X07820_at,0.0477774377596377,FALSE,FALSE
2009,6134,L43579_s_at,0.0477863026932696,FALSE,FALSE
2010,6381,U84011_s_at,0.0481373765964171,FALSE,FALSE
2011,661,D86960_at,0.0481621120170131,FALSE,FALSE
2012,1862,M25809_at,0.0481920641254816,FALSE,FALSE
2013,411,D42041_at,0.0483197486740168,FALSE,FALSE
2014,90,AB003103_at,0.0483356056268774,FALSE,FALSE
2015,3175,U40990_at,0.0483597153095057,FALSE,FALSE
2016,3727,U78027_rna3_at,0.0483626787797662,FALSE,FALSE
2017,1900,M29273_at,0.0483768899576701,FALSE,FALSE
2018,5754,HG2414-HT2510_s_at,0.0483959251748702,FALSE,FALSE
2019,4843,X95592_at,0.0484875609279244,FALSE,FALSE
2020,4306,X57398_at,0.0485174663348257,FALSE,FALSE
2021,3102,U36501_at,0.0485272367392121,FALSE,FALSE
2022,1498,L35251_rna1_at,0.048546143579369,FALSE,FALSE
2023,2772,U13220_at,0.0487367669255808,FALSE,FALSE
2024,563,D78361_at,0.04877610696964,FALSE,FALSE
2025,1290,L11573_at,0.0487801441524265,FALSE,FALSE
2026,4117,X12451_at,0.0487874223792639,FALSE,FALSE
2027,36,AFFX-HUMISGF3A/M97935_MA_at,0.0488201631334029,FALSE,FALSE
2028,6575,U49835_s_at,0.0492002525698325,FALSE,FALSE
2029,5185,Z56281_at,0.0492290868837092,FALSE,FALSE
2030,5368,S60415_at,0.0492959782762727,FALSE,FALSE
2031,5960,J03263_s_at,0.0493163390317124,FALSE,FALSE
2032,4387,X63422_at,0.0493617715024441,FALSE,FALSE
2033,197,D13435_at,0.0494547613143709,FALSE,FALSE
2034,775,D89858_at,0.0494847161869682,FALSE,FALSE
2035,5632,U38964_s_at,0.0495099875597741,FALSE,FALSE
2036,6818,HG2160-HT2230_at,0.049564690713073,FALSE,FALSE
2037,5500,Y09445_at,0.0495780625236951,FALSE,FALSE
2038,2730,U10324_at,0.049600447238168,FALSE,FALSE
2039,1149,J05428_at,0.0496742888354064,FALSE,FALSE
2040,3909,U89336_cds1_at,0.0497674535283551,FALSE,FALSE
2041,6204,M26856_s_at,0.0498051515436259,FALSE,FALSE
2042,6504,U20759_s_at,0.0498207098839718,FALSE,FALSE
2043,7111,L10717_at,0.0498552963263897,FALSE,FALSE
2044,2279,M83554_at,0.0498553899597046,FALSE,FALSE
2045,1492,L34657_at,0.0499120915534219,FALSE,FALSE
2046,4434,X66363_at,0.0499707326588494,FALSE,FALSE
2047,899,HG3248-HT3425_at,0.0500101358874698,FALSE,FALSE
2048,6585,U54644_s_at,0.0501197656297113,FALSE,FALSE
2049,6054,U40002_s_at,0.0501235550058736,FALSE,FALSE
2050,6100,L27584_s_at,0.0501431680993015,FALSE,FALSE
2051,7058,L05188_f_at,0.0501672671259039,FALSE,FALSE
2052,6454,S83390_s_at,0.0502406846983744,FALSE,FALSE
2053,4341,X59841_at,0.0503740468080191,FALSE,FALSE
2054,4121,X12517_at,0.050381556841035,FALSE,FALSE
2055,3747,U79241_at,0.0504491724798781,FALSE,FALSE
2056,3193,U42031_at,0.0504516150594857,FALSE,FALSE
2057,3115,U37221_at,0.0505071912728031,FALSE,FALSE
2058,2766,U12897_at,0.050690984742244,FALSE,FALSE
2059,6951,D17427_at,0.0507716572269219,FALSE,FALSE
2060,5765,X06182_s_at,0.0507869115878766,FALSE,FALSE
2061,1542,L38707_at,0.0508448549004554,FALSE,FALSE
2062,1317,L13800_at,0.0508859250192862,FALSE,FALSE
2063,2089,M60748_at,0.0509426686422728,FALSE,FALSE
2064,4946,Y00971_at,0.0510512453884829,FALSE,FALSE
2065,4240,X52730_rna1_at,0.0510844067406669,FALSE,FALSE
2066,1986,M35416_at,0.0513273983361316,FALSE,FALSE
2067,3754,U79251_at,0.0513767819443911,FALSE,FALSE
2068,6444,S80437_s_at,0.0516158935930046,FALSE,FALSE
2069,6810,D17793_at,0.0518437115794869,FALSE,FALSE
2070,660,D86959_at,0.0518770529572576,FALSE,FALSE
2071,4101,X07315_at,0.0520696934006887,FALSE,FALSE
2072,2540,S81957_at,0.0521534644003619,FALSE,FALSE
2073,3226,U44059_at,0.0521569309777825,FALSE,FALSE
2074,1189,L02547_at,0.0522091647742706,FALSE,FALSE
2075,2301,M86406_at,0.0522401285921489,FALSE,FALSE
2076,6566,U43916_s_at,0.0522623940907552,FALSE,FALSE
2077,4770,X89960_at,0.0523770225405069,FALSE,FALSE
2078,526,D63485_at,0.0523797496321606,FALSE,FALSE
2079,1483,L34060_at,0.0523849571520825,FALSE,FALSE
2080,2923,U22526_at,0.0523886226696747,FALSE,FALSE
2081,1869,M26679_at,0.052401453561354,FALSE,FALSE
2082,2564,U00238_rna1_at,0.0524210836571787,FALSE,FALSE
2083,6323,M57466_s_at,0.0524259503059486,FALSE,FALSE
2084,2624,U03891_at,0.052480033072791,FALSE,FALSE
2085,4809,X92744_at,0.0525012071189877,FALSE,FALSE
2086,4525,X73079_at,0.0527316367348383,FALSE,FALSE
2087,6982,U01337_at,0.0527393262885385,FALSE,FALSE
2088,3952,U90919_at,0.0527402744514095,FALSE,FALSE
2089,829,HG2229-HT2306_at,0.0527693914639656,FALSE,FALSE
2090,3174,U40714_at,0.0530118532139429,FALSE,FALSE
2091,5579,HG4541-HT4946_s_at,0.0531345491881286,FALSE,FALSE
2092,3440,U58048_at,0.0531883298731825,FALSE,FALSE
2093,2328,M88338_at,0.0531885750343615,FALSE,FALSE
2094,4133,X13482_at,0.0532127756655752,FALSE,FALSE
2095,2049,M58285_at,0.0532990590940728,FALSE,FALSE
2096,4292,X56494_at,0.0533171160488715,FALSE,FALSE
2097,6009,S77835_s_at,0.053478798254236,FALSE,FALSE
2098,1644,L76380_at,0.0534833697751797,FALSE,FALSE
2099,826,HG2190-HT2260_at,0.0535342448208143,FALSE,FALSE
2100,6174,X04445_rna1_s_at,0.0535728932242853,FALSE,FALSE
2101,1486,L34155_at,0.0536225407462794,FALSE,FALSE
2102,6079,U59632_s_at,0.0536348090709189,FALSE,FALSE
2103,1544,L38820_at,0.0536597080171009,FALSE,FALSE
2104,859,HG2614-HT2710_at,0.0536607464925445,FALSE,FALSE
2105,1764,M17754_at,0.0536899811192071,FALSE,FALSE
2106,179,D10923_at,0.0536946127709257,FALSE,FALSE
2107,5073,Z19585_at,0.0536974922901355,FALSE,FALSE
2108,2112,M62783_at,0.0537110206356776,FALSE,FALSE
2109,6947,Z80783_at,0.0537562384872041,FALSE,FALSE
2110,548,D70830_at,0.0539673443508781,FALSE,FALSE
2111,3956,U91616_at,0.0539701710808706,FALSE,FALSE
2112,1431,L26081_at,0.0541844192341291,FALSE,FALSE
2113,6222,M20747_s_at,0.0542008663614756,FALSE,FALSE
2114,4757,X87870_at,0.0542664134975919,FALSE,FALSE
2115,2718,U09646_at,0.0542777845015432,FALSE,FALSE
2116,5183,Z50781_at,0.0543848060044007,FALSE,FALSE
2117,962,HG3998-HT4268_at,0.0544719386712414,FALSE,FALSE
2118,4278,X55666_at,0.0545075520161495,FALSE,FALSE
2119,5136,Z36714_at,0.0546136420147299,FALSE,FALSE
2120,2725,U09860_at,0.0546170110327028,FALSE,FALSE
2121,6128,U43185_s_at,0.0547530469143055,FALSE,FALSE
2122,3488,U60665_at,0.0547889573310486,FALSE,FALSE
2123,7063,L42611_f_at,0.0548207245289261,FALSE,FALSE
2124,5919,X54457_s_at,0.0549271571108599,FALSE,FALSE
2125,3068,U33818_at,0.0552723839324399,FALSE,FALSE
2126,6428,S73885_s_at,0.0553614320450531,FALSE,FALSE
2127,28,AFFX-PheX-3_at,0.0554517404748963,FALSE,FALSE
2128,5982,J05253_s_at,0.0554873431691061,FALSE,FALSE
2129,4834,X95190_at,0.0554892777032915,FALSE,FALSE
2130,1665,L78833_cds2_at,0.055572643534062,FALSE,FALSE
2131,5537,M23178_s_at,0.0556023572721696,FALSE,FALSE
2132,1139,J05073_at,0.0557112200377138,FALSE,FALSE
2133,982,HG4178-HT4448_at,0.0558324335432144,FALSE,FALSE
2134,4888,X98261_at,0.0558656678089917,FALSE,FALSE
2135,776,D89859_at,0.0559224491282092,FALSE,FALSE
2136,679,D86979_at,0.0560813085284898,FALSE,FALSE
2137,2562,S95936_at,0.0561117005974773,FALSE,FALSE
2138,4485,X69433_at,0.0561256500578443,FALSE,FALSE
2139,1689,M12036_at,0.0561268942781796,FALSE,FALSE
2140,246,D14827_at,0.0562537150838415,FALSE,FALSE
2141,3227,U44060_at,0.0562593739496577,FALSE,FALSE
2142,5846,HG3484-HT3678_s_at,0.0562978320473702,FALSE,FALSE
2143,747,D87742_at,0.0563070042135371,FALSE,FALSE
2144,2494,S75989_at,0.0563201122173132,FALSE,FALSE
2145,6392,X57348_s_at,0.0563276891056542,FALSE,FALSE
2146,2077,M60278_at,0.0563290048102444,FALSE,FALSE
2147,820,HG2036-HT2090_at,0.0563772394664274,FALSE,FALSE
2148,4110,X07834_at,0.056393007295748,FALSE,FALSE
2149,4390,X63527_at,0.0564518933194759,FALSE,FALSE
2150,1015,HG4704-HT5146_at,0.0564784598732647,FALSE,FALSE
2151,6013,M13058_s_at,0.0565030910844464,FALSE,FALSE
2152,5289,K02766_at,0.056505628868633,FALSE,FALSE
2153,1178,L00352_at,0.056524315082115,FALSE,FALSE
2154,5802,U22961_s_at,0.0566247323736201,FALSE,FALSE
2155,3925,U90306_at,0.0567028824245299,FALSE,FALSE
2156,659,D86957_at,0.0567396687994464,FALSE,FALSE
2157,3781,U79288_at,0.0569852697838999,FALSE,FALSE
2158,4921,X99720_rna1_at,0.0570247494849758,FALSE,FALSE
2159,2220,M75126_at,0.0570754559784038,FALSE,FALSE
2160,4003,U97018_at,0.0571112718996983,FALSE,FALSE
2161,4166,X15393_rna1_at,0.0572064479411345,FALSE,FALSE
2162,2927,U23028_at,0.0573048364071098,FALSE,FALSE
2163,2838,U17077_at,0.0573274084634818,FALSE,FALSE
2164,3153,U39576_at,0.0573584520445432,FALSE,FALSE
2165,667,D86966_at,0.0574176881699609,FALSE,FALSE
2166,5450,X12671_rna1_at,0.0574484933322962,FALSE,FALSE
2167,2308,M86737_at,0.0576428104464917,FALSE,FALSE
2168,3240,U45973_at,0.0576558665544169,FALSE,FALSE
2169,5288,K01900_at,0.0576795714903983,FALSE,FALSE
2170,3301,U49248_at,0.0576989766909728,FALSE,FALSE
2171,1965,M33987_at,0.0577417081409903,FALSE,FALSE
2172,904,HG3288-HT3465_at,0.057765386666524,FALSE,FALSE
2173,5414,U41518_at,0.0577842249858045,FALSE,FALSE
2174,4144,X14346_at,0.0579311069785043,FALSE,FALSE
2175,6016,K03498_xpt1_s_at,0.0579807439910739,FALSE,FALSE
2176,6288,X51435_s_at,0.0581293766700497,FALSE,FALSE
2177,2061,M59807_at,0.0581632375699161,FALSE,FALSE
2178,6887,U05861_at,0.0583156113242561,FALSE,FALSE
2179,5473,X65857_at,0.0583688039917008,FALSE,FALSE
2180,1302,L13197_at,0.058432946929928,FALSE,FALSE
2181,1301,L13042_at,0.0584602426175666,FALSE,FALSE
2182,5238,AB006782_at,0.0585075017074339,FALSE,FALSE
2183,1812,M21934_at,0.0585390282550815,FALSE,FALSE
2184,261,D16562_at,0.0587121764066821,FALSE,FALSE
2185,378,D32001_at,0.0587827887905925,FALSE,FALSE
2186,3468,U59863_at,0.0587927817447663,FALSE,FALSE
2187,2142,M63962_rna1_at,0.0587932744704118,FALSE,FALSE
2188,3512,U62389_at,0.05881031953597,FALSE,FALSE
2189,4078,X05360_at,0.0588919692704941,FALSE,FALSE
2190,4971,Y08409_at,0.0589358428052816,FALSE,FALSE
2191,5787,HG2743-HT2846_s_at,0.0590212228123458,FALSE,FALSE
2192,6462,X73358_s_at,0.0590581129540865,FALSE,FALSE
2193,2390,M95549_at,0.0590603869761765,FALSE,FALSE
2194,5954,Y00339_s_at,0.0591434836653916,FALSE,FALSE
2195,5494,X92368_at,0.0591988638765905,FALSE,FALSE
2196,387,D38128_at,0.0592310363918686,FALSE,FALSE
2197,2620,U03688_at,0.0593056073002912,FALSE,FALSE
2198,4315,X58288_at,0.0593486621541576,FALSE,FALSE
2199,4516,X72177_rna1_at,0.0594634668728095,FALSE,FALSE
2200,1730,M14949_at,0.0595090784274173,FALSE,FALSE
2201,5383,U12767_at,0.0595440450867268,FALSE,FALSE
2202,3940,U90905_at,0.0595625254126878,FALSE,FALSE
2203,3971,U93205_at,0.0595626675594216,FALSE,FALSE
2204,4268,X54871_at,0.059594901997267,FALSE,FALSE
2205,7053,K03192_f_at,0.0596780299422952,FALSE,FALSE
2206,4522,X72882_at,0.059844461121451,FALSE,FALSE
2207,2158,M64676_at,0.0598821801333879,FALSE,FALSE
2208,2835,U17032_at,0.0601067693707309,FALSE,FALSE
2209,2778,U13695_at,0.0601683154324151,FALSE,FALSE
2210,6470,U08191_s_at,0.060199580479623,FALSE,FALSE
2211,4054,X04143_at,0.0602115460042456,FALSE,FALSE
2212,3786,U79294_at,0.0602459149072722,FALSE,FALSE
2213,6918,X06825_at,0.0602595672389046,FALSE,FALSE
2214,572,D79987_at,0.0603822068082371,FALSE,FALSE
2215,5278,HG651-HT4201_at,0.0604041104053108,FALSE,FALSE
2216,507,D56495_at,0.0605171380792436,FALSE,FALSE
2217,4646,X80497_at,0.060850278936679,FALSE,FALSE
2218,6391,S57132_s_at,0.060894543959209,FALSE,FALSE
2219,1083,J03600_at,0.0610092103725711,FALSE,FALSE
2220,5517,AB002356_s_at,0.0610287692571564,FALSE,FALSE
2221,5419,U47292_at,0.0610501606127565,FALSE,FALSE
2222,884,HG3063-HT3224_at,0.0612718304010123,FALSE,FALSE
2223,4156,X14975_at,0.0614553015094717,FALSE,FALSE
2224,993,HG4297-HT4567_at,0.061510498305725,FALSE,FALSE
2225,6359,M74715_s_at,0.0616128070027249,FALSE,FALSE
2226,2201,M74089_at,0.0616542921212882,FALSE,FALSE
2227,4567,X76057_at,0.0617013420083519,FALSE,FALSE
2228,6157,M11025_s_at,0.0617159281281407,FALSE,FALSE
2229,1975,M34344_at,0.0617645672781385,FALSE,FALSE
2230,5259,D45132_at,0.0617770573276756,FALSE,FALSE
2231,1421,L25080_at,0.0618303814946713,FALSE,FALSE
2232,7117,S78825_at,0.0619830644102711,FALSE,FALSE
2233,5549,D10537_s_at,0.0620774473239573,FALSE,FALSE
2234,6310,M37238_s_at,0.0622172235606562,FALSE,FALSE
2235,1751,M16441_cds1_at,0.0623119753056473,FALSE,FALSE
2236,2420,M97925_rna1_at,0.0623439487150309,FALSE,FALSE
2237,5584,X83929_s_at,0.0623579435897974,FALSE,FALSE
2238,5051,Z11695_at,0.0624019187422796,FALSE,FALSE
2239,4886,X98258_at,0.0624034797064343,FALSE,FALSE
2240,4371,X62055_at,0.0624817737606857,FALSE,FALSE
2241,4185,X16560_at,0.0624849278178744,FALSE,FALSE
2242,902,HG3264-HT3441_at,0.0625479042699654,FALSE,FALSE
2243,3948,U90914_at,0.0625545486673986,FALSE,FALSE
2244,4361,X61100_rna1_at,0.062566638677573,FALSE,FALSE
2245,6085,U18383_s_at,0.0626044548383867,FALSE,FALSE
2246,1763,M17733_at,0.0626375006119573,FALSE,FALSE
2247,2768,U13044_at,0.0626440034240148,FALSE,FALSE
2248,6176,M13994_s_at,0.0630402635556426,FALSE,FALSE
2249,3149,U39412_at,0.0630901465868416,FALSE,FALSE
2250,5661,S82447_s_at,0.0631400102160921,FALSE,FALSE
2251,4357,X60992_at,0.063290891432445,FALSE,FALSE
2252,870,HG2715-HT2811_at,0.0633898665889902,FALSE,FALSE
2253,5868,HG3928-HT4198_s_at,0.0634377750967322,FALSE,FALSE
2254,866,HG2706-HT2802_at,0.0634998467260231,FALSE,FALSE
2255,2665,U07349_at,0.0636877418903689,FALSE,FALSE
2256,7018,Z86000_at,0.0636917350638205,FALSE,FALSE
2257,6795,HG688-HT688_f_at,0.0637422600124121,FALSE,FALSE
2258,4132,X13444_at,0.0637644146090457,FALSE,FALSE
2259,164,D00632_at,0.0638724169180603,FALSE,FALSE
2260,6624,U73167_cds2_s_at,0.0639907325554854,FALSE,FALSE
2261,2182,M68895_rna1_at,0.0640038054445397,FALSE,FALSE
2262,2587,U01833_at,0.0641194975465518,FALSE,FALSE
2263,5647,D49824_at,0.0641644993192519,FALSE,FALSE
2264,290,D21878_at,0.0642147107081708,FALSE,FALSE
2265,128,AF001620_at,0.0642595781343092,FALSE,FALSE
2266,1271,L10381_at,0.064334389814036,FALSE,FALSE
2267,1766,M17886_at,0.0643557373631409,FALSE,FALSE
2268,6426,S72503_s_at,0.0643729289016796,FALSE,FALSE
2269,4402,X64037_at,0.064564852116242,FALSE,FALSE
2270,1215,L05606_at,0.0645808204383178,FALSE,FALSE
2271,6745,HG2365-HT2461_at,0.0647342623264715,FALSE,FALSE
2272,1430,L25876_at,0.0648642896074524,FALSE,FALSE
2273,595,D80011_at,0.0649621216483906,FALSE,FALSE
2274,5859,HG3725-HT3981_s_at,0.0649891294046812,FALSE,FALSE
2275,2106,M62400_at,0.0651430794828529,FALSE,FALSE
2276,5044,Y13153_at,0.0652222162924583,FALSE,FALSE
2277,1190,L02648_at,0.0652787212908297,FALSE,FALSE
2278,1005,HG4460-HT4729_at,0.0653382754762229,FALSE,FALSE
2279,191,D13118_at,0.065416326645158,FALSE,FALSE
2280,6861,M37981_at,0.0654319613077532,FALSE,FALSE
2281,151,AF010193_at,0.065578581082892,FALSE,FALSE
2282,831,HG2261-HT2352_at,0.0656771824325171,FALSE,FALSE
2283,5316,L36870_at,0.0658019906544471,FALSE,FALSE
2284,6667,X16504_s_at,0.065827613297688,FALSE,FALSE
2285,969,HG406-HT406_at,0.065979342457806,FALSE,FALSE
2286,5542,M37271_s_at,0.0662606894062337,FALSE,FALSE
2287,3235,U44848_at,0.066269531424129,FALSE,FALSE
2288,3207,U43286_at,0.0663309209281163,FALSE,FALSE
2289,6513,U32499_s_at,0.0663583337078332,FALSE,FALSE
2290,6876,M99438_at,0.0664736940710448,FALSE,FALSE
2291,404,D38552_at,0.0665431103376372,FALSE,FALSE
2292,180,D10995_at,0.0665976091045647,FALSE,FALSE
2293,5173,Z49208_at,0.0666309635000513,FALSE,FALSE
2294,4743,X86809_at,0.0666806520536273,FALSE,FALSE
2295,4369,X62025_rna1_at,0.0669232982161645,FALSE,FALSE
2296,5713,HG1471-HT3923_s_at,0.0670605285908963,FALSE,FALSE
2297,4502,X70476_at,0.0670830103547223,FALSE,FALSE
2298,1460,L31529_at,0.0672380744125555,FALSE,FALSE
2299,3122,U37431_at,0.0672884289408226,FALSE,FALSE
2300,2365,M93119_at,0.067313964709702,FALSE,FALSE
2301,2483,S73813_at,0.067354987171649,FALSE,FALSE
2302,5825,HG3107-HT3283_s_at,0.0674023053472453,FALSE,FALSE
2303,4266,X54816_at,0.067447862841791,FALSE,FALSE
2304,3591,U66838_at,0.0674523003936969,FALSE,FALSE
2305,3483,U60325_at,0.0675425688662412,FALSE,FALSE
2306,6592,U59831_rna1_s_at,0.067741936483726,FALSE,FALSE
2307,5655,U58046_s_at,0.0677797759662618,FALSE,FALSE
2308,691,D87071_at,0.0678062318801112,FALSE,FALSE
2309,4559,X75756_at,0.0679820056857487,FALSE,FALSE
2310,1796,M20902_at,0.0680591504141522,FALSE,FALSE
2311,5331,M16276_at,0.0682783847271003,FALSE,FALSE
2312,3770,U79271_at,0.0684766005566702,FALSE,FALSE
2313,5793,M91556_s_at,0.0685239045517304,FALSE,FALSE
2314,4202,X17620_at,0.0686055161176999,FALSE,FALSE
2315,5911,HG862-HT862_s_at,0.068652110803637,FALSE,FALSE
2316,5616,L10377_s_at,0.068787282150066,FALSE,FALSE
2317,4478,X69089_at,0.0689092390720494,FALSE,FALSE
2318,1058,J02874_at,0.0689154125008546,FALSE,FALSE
2319,6078,L20469_s_at,0.0689563712505419,FALSE,FALSE
2320,6782,Z46632_at,0.0689580774750475,FALSE,FALSE
2321,995,HG4316-HT4586_at,0.0690199762948829,FALSE,FALSE
2322,1432,L26234_at,0.0690557076376801,FALSE,FALSE
2323,3195,U42360_cds2_at,0.0690615209010393,FALSE,FALSE
2324,5675,U52373_s_at,0.0690707373194052,FALSE,FALSE
2325,6802,L76670_f_at,0.0690845006283037,FALSE,FALSE
2326,2018,M55067_at,0.0691714800266348,FALSE,FALSE
2327,5629,D38251_s_at,0.0692069885518322,FALSE,FALSE
2328,3729,U78095_at,0.0693485859326556,FALSE,FALSE
2329,6232,M33772_s_at,0.0694193857578587,FALSE,FALSE
2330,5945,M13232_s_at,0.0694403267063577,FALSE,FALSE
2331,434,D43772_at,0.0694704336229693,FALSE,FALSE
2332,3570,U66088_at,0.0694716444607661,FALSE,FALSE
2333,2627,U04209_at,0.0694943855637858,FALSE,FALSE
2334,5925,X01038_rna1_s_at,0.0696070032498014,FALSE,FALSE
2335,5896,HG4757-HT5207_s_at,0.0696307539446581,FALSE,FALSE
2336,3564,U66036_at,0.0696622899086222,FALSE,FALSE
2337,2398,M95787_at,0.0696960776727518,FALSE,FALSE
2338,1102,J04088_at,0.0697092233021789,FALSE,FALSE
2339,141,AF006609_at,0.070183948647956,FALSE,FALSE
2340,3886,U86529_at,0.0701874180408047,FALSE,FALSE
2341,4987,Y09306_at,0.0702525646867621,FALSE,FALSE
2342,3603,U67849_at,0.0703473800261024,FALSE,FALSE
2343,3191,U41816_at,0.0705623619660281,FALSE,FALSE
2344,25,AFFX-LysX-3_at,0.0706782618960181,FALSE,FALSE
2345,4203,X17622_at,0.0706994990696551,FALSE,FALSE
2346,648,D85527_at,0.0707521447354088,FALSE,FALSE
2347,2883,U19523_at,0.0707716044840758,FALSE,FALSE
2348,1276,L10678_at,0.0707867593935557,FALSE,FALSE
2349,170,D00762_at,0.0708124638937872,FALSE,FALSE
2350,901,HG3255-HT3432_at,0.0708609925597337,FALSE,FALSE
2351,2479,S72904_at,0.0708631981471311,FALSE,FALSE
2352,5354,M76729_at,0.0708882343588431,FALSE,FALSE
2353,6483,U27516_s_at,0.0709285191334721,FALSE,FALSE
2354,1636,L48728_cds1_at,0.0709313901378351,FALSE,FALSE
2355,1175,K03474_at,0.0710661775295044,FALSE,FALSE
2356,2532,S81294_at,0.0711095549280203,FALSE,FALSE
2357,341,D29641_at,0.0712708815013218,FALSE,FALSE
2358,1668,M10058_at,0.0713445346551097,FALSE,FALSE
2359,6456,U22322_s_at,0.0713867868773099,FALSE,FALSE
2360,6574,Z49148_s_at,0.0714027778423324,FALSE,FALSE
2361,4964,Y08136_at,0.071471245911458,FALSE,FALSE
2362,4542,X74614_at,0.0716335951435294,FALSE,FALSE
2363,6255,M26657_s_at,0.0718644161124131,FALSE,FALSE
2364,2153,M64571_at,0.0719792372560313,FALSE,FALSE
2365,3820,U81554_at,0.0720765181574747,FALSE,FALSE
2366,656,D86549_at,0.0721483402866005,FALSE,FALSE
2367,4464,X68149_at,0.0722397157862831,FALSE,FALSE
2368,1772,M18731_at,0.0722424754409414,FALSE,FALSE
2369,722,D87451_at,0.072461042372683,FALSE,FALSE
2370,3893,U87459_at,0.0726721443992921,FALSE,FALSE
2371,2741,U11036_at,0.0727350381478689,FALSE,FALSE
2372,7027,U88898_r_at,0.0727891130651192,FALSE,FALSE
2373,2821,U15932_at,0.0728742343933305,FALSE,FALSE
2374,3363,U52111_rna4_at,0.0730335659126508,FALSE,FALSE
2375,6432,U33052_s_at,0.0730885496080126,FALSE,FALSE
2376,4027,X01715_at,0.0732093637943794,FALSE,FALSE
2377,6778,HG2887-HT3031_r_at,0.0732258148173723,FALSE,FALSE
2378,2670,U07559_at,0.0732367255383773,FALSE,FALSE
2379,3804,U80017_rna2_at,0.0732513235014038,FALSE,FALSE
2380,570,D79985_at,0.0733513759701697,FALSE,FALSE
2381,1150,J05448_at,0.073600657138538,FALSE,FALSE
2382,4705,X83703_at,0.0736490952099395,FALSE,FALSE
2383,1863,M25897_at,0.0738044857020747,FALSE,FALSE
2384,2930,U23752_at,0.0738621041134991,FALSE,FALSE
2385,2906,U20908_at,0.0739893299449245,FALSE,FALSE
2386,1693,M12759_at,0.0739906958604253,FALSE,FALSE
2387,629,D83785_at,0.0740410825584145,FALSE,FALSE
2388,4774,X90761_at,0.0741158696585172,FALSE,FALSE
2389,6659,X65965_s_at,0.0743225056033912,FALSE,FALSE
2390,5065,Z15114_at,0.0743698703509232,FALSE,FALSE
2391,405,D38553_at,0.074638357313845,FALSE,FALSE
2392,6867,M61855_at,0.0746442291923461,FALSE,FALSE
2393,4876,X97671_at,0.074663762395672,FALSE,FALSE
2394,2531,S81221_at,0.0747188923287999,FALSE,FALSE
2395,206,D13636_at,0.0747396161170707,FALSE,FALSE
2396,1999,M37245_at,0.0750359136289498,FALSE,FALSE
2397,4931,Y00281_at,0.0750692906566862,FALSE,FALSE
2398,483,D50911_at,0.0752623601943081,FALSE,FALSE
2399,3879,U85946_at,0.0754110119318582,FALSE,FALSE
2400,3990,U95740_rna1_at,0.0754274604991077,FALSE,FALSE
2401,6371,X58528_s_at,0.0754514517755046,FALSE,FALSE
2402,2244,M80335_at,0.0754781773034359,FALSE,FALSE
2403,6631,U79667_s_at,0.0754844549603667,FALSE,FALSE
2404,6829,HG881-HT881_at,0.0755247864756017,FALSE,FALSE
2405,6929,X72475_at,0.0758631802641495,FALSE,FALSE
2406,5109,Z29077_xpt1_at,0.0760116429775936,FALSE,FALSE
2407,2688,U08316_at,0.0760841286734039,FALSE,FALSE
2408,5704,HG110-HT110_s_at,0.0760976127323079,FALSE,FALSE
2409,470,D50525_at,0.0761127303831101,FALSE,FALSE
2410,1338,L15344_at,0.0761789881135922,FALSE,FALSE
2411,1709,M13982_at,0.0766298437600521,FALSE,FALSE
2412,562,D78335_at,0.0768002287039727,FALSE,FALSE
2413,827,HG2191-HT2261_at,0.0769119554445525,FALSE,FALSE
2414,3434,U57796_at,0.0770054568359939,FALSE,FALSE
2415,3676,U73191_at,0.077034411567043,FALSE,FALSE
2416,2856,U18235_at,0.0771070532011471,FALSE,FALSE
2417,4517,X72308_at,0.0772836227775595,FALSE,FALSE
2418,5596,D87716_s_at,0.0772932045588102,FALSE,FALSE
2419,3381,U52960_at,0.0775019122851989,FALSE,FALSE
2420,7,AFFX-BioDn-3_at,0.0776542118238001,FALSE,FALSE
2421,5046,Y13620_at,0.0777306600023136,FALSE,FALSE
2422,5605,D29675_at,0.0778392965473641,FALSE,FALSE
2423,2824,U16127_at,0.0778816877528505,FALSE,FALSE
2424,779,D90086_at,0.0778902552218162,FALSE,FALSE
2425,2721,U09813_at,0.0779564757799267,FALSE,FALSE
2426,4317,X58521_at,0.0779568054140753,FALSE,FALSE
2427,6355,M72885_rna1_s_at,0.0781765598886053,FALSE,FALSE
2428,4035,X02612_at,0.0783239012616707,FALSE,FALSE
2429,3552,U65402_at,0.0783347416658057,FALSE,FALSE
2430,1589,L40933_at,0.0786987161570404,FALSE,FALSE
2431,5841,HG3417-HT3600_s_at,0.0787494752518238,FALSE,FALSE
2432,1681,M11567_rna1_at,0.0789680473682871,FALSE,FALSE
2433,1925,M31165_at,0.0790226743676456,FALSE,FALSE
2434,4812,X92896_at,0.0790499555892155,FALSE,FALSE
2435,4424,X65867_at,0.0790507460330171,FALSE,FALSE
2436,5635,D42040_s_at,0.0792701909100829,FALSE,FALSE
2437,3744,U78793_at,0.0793616676385631,FALSE,FALSE
2438,1570,L40387_at,0.0796098425903741,FALSE,FALSE
2439,3098,U35735_at,0.0796422566441803,FALSE,FALSE
2440,2169,M65131_rna1_at,0.0796495891991092,FALSE,FALSE
2441,6641,U86759_s_at,0.0796681034932761,FALSE,FALSE
2442,3596,U67319_at,0.0797068374812243,FALSE,FALSE
2443,5478,X72727_at,0.0798708923820376,FALSE,FALSE
2444,1253,L08666_at,0.0800080593371507,FALSE,FALSE
2445,3097,U35459_at,0.0803082165232486,FALSE,FALSE
2446,5364,M96843_at,0.0804538006072278,FALSE,FALSE
2447,5970,M31551_s_at,0.0804600391901575,FALSE,FALSE
2448,1818,M22382_at,0.080498625925076,FALSE,FALSE
2449,6902,U49441_at,0.0806033760367384,FALSE,FALSE
2450,4159,X15187_at,0.080681302186164,FALSE,FALSE
2451,3369,U52155_at,0.0806968862854454,FALSE,FALSE
2452,4476,X68836_at,0.0807170433798682,FALSE,FALSE
2453,1594,L41147_at,0.0807436250015107,FALSE,FALSE
2454,4143,X14329_at,0.0809814360859175,FALSE,FALSE
2455,1690,M12174_at,0.0809928146598771,FALSE,FALSE
2456,3368,U52154_at,0.0809978783745724,FALSE,FALSE
2457,6248,X12876_s_at,0.0810565652244823,FALSE,FALSE
2458,5228,Z84721_cds1_at,0.0811920806964211,FALSE,FALSE
2459,277,D21090_at,0.08156365346088,FALSE,FALSE
2460,5101,Z26653_at,0.0816419540734453,FALSE,FALSE
2461,1003,HG4433-HT4703_at,0.081679369901395,FALSE,FALSE
2462,419,D42055_at,0.0817924532132518,FALSE,FALSE
2463,4244,X52943_at,0.0818258609662945,FALSE,FALSE
2464,931,HG3566-HT3769_at,0.0818907725593668,FALSE,FALSE
2465,3737,U78551_at,0.0820216359732667,FALSE,FALSE
2466,726,D87455_at,0.0821077548749149,FALSE,FALSE
2467,2280,M83651_at,0.0821108126124437,FALSE,FALSE
2468,6705,Z70218_s_at,0.08211930531483,FALSE,FALSE
2469,3560,U65785_at,0.0825177769704393,FALSE,FALSE
2470,2719,U09759_at,0.0825404266270968,FALSE,FALSE
2471,6638,X99393_s_at,0.082564088077765,FALSE,FALSE
2472,4043,X03168_at,0.0828482110193404,FALSE,FALSE
2473,6170,M13686_s_at,0.0829011862577818,FALSE,FALSE
2474,1879,M27819_at,0.0829072430900502,FALSE,FALSE
2475,851,HG2525-HT2621_at,0.0829356075023013,FALSE,FALSE
2476,6259,X60003_s_at,0.0830357015341686,FALSE,FALSE
2477,4041,X03072_at,0.0831597682057142,FALSE,FALSE
2478,7087,V01516_f_at,0.0832478428090366,FALSE,FALSE
2479,5339,M31724_at,0.0833132531224724,FALSE,FALSE
2480,2628,U04270_at,0.083453345552236,FALSE,FALSE
2481,5133,Z35309_at,0.0834733814034617,FALSE,FALSE
2482,3498,U61234_at,0.0834842434404343,FALSE,FALSE
2483,5814,U77846_rna1_at,0.0836165104228986,FALSE,FALSE
2484,205,D13635_at,0.0837711902137367,FALSE,FALSE
2485,3032,U31383_at,0.0838556198388661,FALSE,FALSE
2486,6326,M65134_s_at,0.0839661349448353,FALSE,FALSE
2487,3822,U81599_at,0.0839922917638889,FALSE,FALSE
2488,811,HG180-HT180_at,0.0842452062002108,FALSE,FALSE
2489,6035,Z31560_s_at,0.0843536446139823,FALSE,FALSE
2490,579,D79994_at,0.08443531652529,FALSE,FALSE
2491,752,D87957_at,0.0844843983916012,FALSE,FALSE
2492,7029,X97261_r_at,0.0845459111236278,FALSE,FALSE
2493,2792,U14575_at,0.0846142901159819,FALSE,FALSE
2494,4708,X84002_at,0.0847706136441952,FALSE,FALSE
2495,6564,U43189_s_at,0.0848177980869197,FALSE,FALSE
2496,821,HG2059-HT2114_at,0.0848202086166023,FALSE,FALSE
2497,605,D82348_at,0.0848250368162419,FALSE,FALSE
2498,6349,X51823_at,0.0848388689823433,FALSE,FALSE
2499,2133,M63582_at,0.0848749965792386,FALSE,FALSE
2500,4348,X60483_at,0.0849176162639273,FALSE,FALSE
2501,1760,M17262_at,0.084991716294339,FALSE,FALSE
2502,2526,S80335_at,0.0851313292969139,FALSE,FALSE
2503,3389,U53445_at,0.0851391862702396,FALSE,FALSE
2504,1472,L32976_at,0.0852127474333604,FALSE,FALSE
2505,527,D63486_at,0.0852415079785573,FALSE,FALSE
2506,3445,U58096_at,0.0853974292934182,FALSE,FALSE
2507,968,HG4058-HT4328_at,0.0854777517534702,FALSE,FALSE
2508,4506,X71125_at,0.0854814637737641,FALSE,FALSE
2509,3906,U89278_at,0.0855231020913325,FALSE,FALSE
2510,5338,M27691_at,0.0856130041175751,FALSE,FALSE
2511,3900,U88667_at,0.0860375791372409,FALSE,FALSE
2512,3112,U37139_at,0.0860818887248246,FALSE,FALSE
2513,6714,X95632_s_at,0.0861113186972259,FALSE,FALSE
2514,1677,M11353_at,0.0862073347983586,FALSE,FALSE
2515,2974,U27459_at,0.0862092593912661,FALSE,FALSE
2516,2265,M81830_at,0.0862458021880924,FALSE,FALSE
2517,351,D30036_at,0.0862558056359007,FALSE,FALSE
2518,1967,M34057_at,0.0863232909228829,FALSE,FALSE
2519,3640,U70663_at,0.0864707935243864,FALSE,FALSE
2520,417,D42053_at,0.0865058751537443,FALSE,FALSE
2521,6045,M30607_s_at,0.0867591683694766,FALSE,FALSE
2522,1122,J04739_at,0.0867989977106246,FALSE,FALSE
2523,5646,D49487_s_at,0.0868415805305938,FALSE,FALSE
2524,3569,U66083_at,0.087002087846837,FALSE,FALSE
2525,1837,M23379_at,0.0871228037656997,FALSE,FALSE
2526,5677,Y10375_s_at,0.0871292890811254,FALSE,FALSE
2527,6941,Z46261_at,0.0873057800488939,FALSE,FALSE
2528,7014,Y00477_at,0.0873425140025683,FALSE,FALSE
2529,744,D87684_at,0.0873494697403528,FALSE,FALSE
2530,3836,U82311_at,0.0873996760238392,FALSE,FALSE
2531,4419,X65614_at,0.0874539988926125,FALSE,FALSE
2532,3806,U80034_at,0.0876729316307159,FALSE,FALSE
2533,5898,M82827_s_at,0.0878763972428002,FALSE,FALSE
2534,3601,U67733_at,0.0882285356133534,FALSE,FALSE
2535,3795,U79303_at,0.0884054366497246,FALSE,FALSE
2536,2933,U23946_at,0.0884264532566061,FALSE,FALSE
2537,5947,J02947_s_at,0.0884688808581182,FALSE,FALSE
2538,3524,U63139_at,0.0886661440417869,FALSE,FALSE
2539,1495,L34838_at,0.0887244323453265,FALSE,FALSE
2540,2163,M64930_at,0.0887454969634502,FALSE,FALSE
2541,5813,X52896_s_at,0.0888655567649027,FALSE,FALSE
2542,1761,M17316_at,0.0890156118321817,FALSE,FALSE
2543,2516,S78653_at,0.0891213161349791,FALSE,FALSE
2544,3839,U82320_at,0.0891348715437822,FALSE,FALSE
2545,5332,M16342_at,0.0891686273381498,FALSE,FALSE
2546,2770,U13061_rna1_at,0.0892128238838998,FALSE,FALSE
2547,5592,D26155_s_at,0.0892370015763414,FALSE,FALSE
2548,5617,D31840_s_at,0.0892420856675632,FALSE,FALSE
2549,135,AF005361_at,0.0893122550823188,FALSE,FALSE
2550,6387,X03794_s_at,0.0894104471097459,FALSE,FALSE
2551,6240,M24122_s_at,0.0894935085568425,FALSE,FALSE
2552,6154,V00565_s_at,0.0901346627794785,FALSE,FALSE
2553,4871,X97303_at,0.0901897296194044,FALSE,FALSE
2554,3856,U83411_at,0.0902830870616493,FALSE,FALSE
2555,5201,Z71460_at,0.090290723307033,FALSE,FALSE
2556,5256,D38122_at,0.0905209426147717,FALSE,FALSE
2557,628,D83784_at,0.0905329773946035,FALSE,FALSE
2558,3531,U63455_at,0.0906203451316955,FALSE,FALSE
2559,2819,U15655_at,0.0906751345900714,FALSE,FALSE
2560,4814,X93017_at,0.0907422110387159,FALSE,FALSE
2561,4594,X77584_at,0.0907658043380974,FALSE,FALSE
2562,3554,U65406_rna4_at,0.0908562635878863,FALSE,FALSE
2563,786,H46990_at,0.0909231482278191,FALSE,FALSE
2564,1282,L11285_at,0.0909636042349256,FALSE,FALSE
2565,2560,S90469_at,0.0909914283971415,FALSE,FALSE
2566,1635,L48692_at,0.0912844101531882,FALSE,FALSE
2567,3470,U59913_at,0.0912977340293125,FALSE,FALSE
2568,4261,X54304_at,0.0913900920805527,FALSE,FALSE
2569,4181,X16316_at,0.0914639659856028,FALSE,FALSE
2570,3931,U90547_at,0.091535026783656,FALSE,FALSE
2571,727,D87457_at,0.0917897522758745,FALSE,FALSE
2572,5763,S52028_s_at,0.0918606292678002,FALSE,FALSE
2573,3987,U95040_at,0.0918636682206111,FALSE,FALSE
2574,2603,U02680_at,0.0918913150658131,FALSE,FALSE
2575,6688,X66276_s_at,0.0919611998927006,FALSE,FALSE
2576,992,HG429-HT429_at,0.0920581300312367,FALSE,FALSE
2577,1910,M29877_at,0.0921626657141134,FALSE,FALSE
2578,6478,Z29066_s_at,0.0922287778103142,FALSE,FALSE
2579,2266,M81882_at,0.0922591838599071,FALSE,FALSE
2580,6104,S77893_s_at,0.0923451895883143,FALSE,FALSE
2581,6236,M23323_s_at,0.0924019079817087,FALSE,FALSE
2582,3297,U49089_at,0.0924227828679879,FALSE,FALSE
2583,4115,X12433_at,0.0925858772236693,FALSE,FALSE
2584,2047,M57892_at,0.0928975755443334,FALSE,FALSE
2585,3330,U50708_at,0.0929019818961159,FALSE,FALSE
2586,895,HG3175-HT3352_at,0.0929540622230633,FALSE,FALSE
2587,712,D87440_at,0.0929748691980941,FALSE,FALSE
2588,2129,M63391_rna1_at,0.0930054303916067,FALSE,FALSE
2589,5759,HG2479-HT2575_at,0.0932638755124306,FALSE,FALSE
2590,5511,M37485_cds1_at,0.0932919506175147,FALSE,FALSE
2591,6550,U38227_s_at,0.0935049437832746,FALSE,FALSE
2592,5694,X17059_s_at,0.0937851517359913,FALSE,FALSE
2593,4625,X79353_at,0.0938019809580245,FALSE,FALSE
2594,2862,U18291_at,0.0938766492065602,FALSE,FALSE
2595,589,D80005_at,0.0939312254689208,FALSE,FALSE
2596,2707,U09411_at,0.0939317768540315,FALSE,FALSE
2597,6125,L40384_s_at,0.0941591607880584,FALSE,FALSE
2598,1385,L20348_at,0.094196245935161,FALSE,FALSE
2599,5155,Z48475_at,0.0942152760963415,FALSE,FALSE
2600,1366,L19297_at,0.0942259675274339,FALSE,FALSE
2601,1442,L27479_at,0.0942416896439432,FALSE,FALSE
2602,2808,U15172_at,0.094485001129392,FALSE,FALSE
2603,409,D42038_at,0.0945082966656453,FALSE,FALSE
2604,6633,U80987_s_at,0.0945173541342514,FALSE,FALSE
2605,491,D50919_at,0.0945513584064093,FALSE,FALSE
2606,4218,X51804_at,0.0945869952462413,FALSE,FALSE
2607,3889,U87223_at,0.094704758979026,FALSE,FALSE
2608,6082,X63575_s_at,0.0947533316557493,FALSE,FALSE
2609,2130,M63483_at,0.0948098573888228,FALSE,FALSE
2610,1045,HG961-HT961_at,0.094818081316288,FALSE,FALSE
2611,4663,X81438_at,0.0948367104733759,FALSE,FALSE
2612,281,D21255_at,0.0949596595391968,FALSE,FALSE
2613,5023,Y10936_at,0.095028439214449,FALSE,FALSE
2614,1480,L33842_rna1_at,0.0953339266715997,FALSE,FALSE
2615,2934,U24105_at,0.0953861694371047,FALSE,FALSE
2616,3087,U34962_at,0.0954030027333614,FALSE,FALSE
2617,3696,U75362_at,0.0956249685204314,FALSE,FALSE
2618,5748,L14778_s_at,0.0957828718980062,FALSE,FALSE
2619,705,D87432_at,0.0958781968933494,FALSE,FALSE
2620,5077,Z21966_at,0.0961903309093215,FALSE,FALSE
2621,3993,U96113_at,0.0962199190044484,FALSE,FALSE
2622,2260,M81758_at,0.096275280402181,FALSE,FALSE
2623,3525,U63289_at,0.0963817964001753,FALSE,FALSE
2624,5827,HG3148-HT3324_s_at,0.096736838657478,FALSE,FALSE
2625,6525,U30827_s_at,0.0967729415598192,FALSE,FALSE
2626,3111,U37122_at,0.0968249221827387,FALSE,FALSE
2627,4250,X53586_rna1_at,0.0968837872896111,FALSE,FALSE
2628,4414,X64838_at,0.0969394603291351,FALSE,FALSE
2629,330,D28383_at,0.0971286556480749,FALSE,FALSE
2630,7031,D38437_f_at,0.0972931015436565,FALSE,FALSE
2631,3421,U57093_at,0.0973155093751286,FALSE,FALSE
2632,991,HG4272-HT4542_at,0.0973976347068429,FALSE,FALSE
2633,2743,U11090_at,0.0976111169241678,FALSE,FALSE
2634,4016,X00237_at,0.0977031853708332,FALSE,FALSE
2635,6438,S77154_s_at,0.0979402823216882,FALSE,FALSE
2636,6666,X16260_s_at,0.0981818539857573,FALSE,FALSE
2637,503,D55640_at,0.098185670100143,FALSE,FALSE
2638,5886,HG4264-HT4534_s_at,0.0983237801346215,FALSE,FALSE
2639,889,HG3117-HT3293_at,0.0983348402790676,FALSE,FALSE
2640,5498,Y00264_at,0.098398743364486,FALSE,FALSE
2641,2341,M90657_at,0.0984954063776395,FALSE,FALSE
2642,2794,U14603_at,0.0985157796583804,FALSE,FALSE
2643,6311,M37457_at,0.0986137148802918,FALSE,FALSE
2644,3768,U79267_at,0.0986783287695825,FALSE,FALSE
2645,430,D43638_at,0.0990788668976291,FALSE,FALSE
2646,5431,U72649_at,0.0990794136441944,FALSE,FALSE
2647,513,D63160_at,0.0992743055979349,FALSE,FALSE
2648,810,HG174-HT174_at,0.099407217774618,FALSE,FALSE
2649,3514,U62433_at,0.0994087235857344,FALSE,FALSE
2650,1799,M21056_at,0.0995182783392171,FALSE,FALSE
2651,2785,U14383_at,0.0995601390161457,FALSE,FALSE
2652,5807,M89914_s_at,0.0996531765570903,FALSE,FALSE
2653,2033,M55621_at,0.0997589929291939,FALSE,FALSE
2654,315,D26362_at,0.0998509362876539,FALSE,FALSE
2655,6578,U50527_s_at,0.100112004264602,FALSE,FALSE
2656,258,D16350_at,0.100396335091371,FALSE,FALSE
2657,5541,Y00097_s_at,0.100444906938049,FALSE,FALSE
2658,814,HG1828-HT1857_at,0.10058222298178,FALSE,FALSE
2659,3803,U80017_rna1_at,0.100587859123022,FALSE,FALSE
2660,5864,HG3920-HT4521_s_at,0.100649459525284,FALSE,FALSE
2661,6058,L12711_s_at,0.100997584750892,FALSE,FALSE
2662,2687,U08198_rna1_at,0.101182846043677,FALSE,FALSE
2663,1824,M22638_at,0.101219307276313,FALSE,FALSE
2664,4258,X54150_at,0.101264850110603,FALSE,FALSE
2665,2445,S57887_at,0.101476077515842,FALSE,FALSE
2666,6158,X62891_s_at,0.101719514278949,FALSE,FALSE
2667,4783,X90978_at,0.101890788871947,FALSE,FALSE
2668,4445,X66610_at,0.101909885143272,FALSE,FALSE
2669,4566,X76040_at,0.101985549594221,FALSE,FALSE
2670,5670,D83017_s_at,0.102044804666221,FALSE,FALSE
2671,2621,U03851_at,0.102172187420724,FALSE,FALSE
2672,3974,U93867_at,0.102200505514459,FALSE,FALSE
2673,5893,M57464_s_at,0.102303585924854,FALSE,FALSE
2674,2747,U11701_at,0.102324623049813,FALSE,FALSE
2675,6821,HG3513-HT3707_at,0.102472962816876,FALSE,FALSE
2676,1165,K02545_cds2_at,0.102562025531768,FALSE,FALSE
2677,3818,U81375_at,0.102652413976794,FALSE,FALSE
2678,2403,M96684_at,0.102788382226681,FALSE,FALSE
2679,5910,HG855-HT855_s_at,0.102848765024195,FALSE,FALSE
2680,2756,U12255_at,0.102897482575963,FALSE,FALSE
2681,511,D63134_at,0.102918218228751,FALSE,FALSE
2682,2217,M75099_at,0.10292742865219,FALSE,FALSE
2683,83,AB002365_at,0.1029672324289,FALSE,FALSE
2684,3109,U37012_at,0.103157975845264,FALSE,FALSE
2685,74,AB000895_at,0.103170264366199,FALSE,FALSE
2686,1077,J03459_at,0.103180985977369,FALSE,FALSE
2687,5221,Z83803_at,0.103227277726218,FALSE,FALSE
2688,3231,U44754_at,0.103293362738713,FALSE,FALSE
2689,3831,U82256_at,0.103304633195881,FALSE,FALSE
2690,5451,X14766_at,0.103380655651332,FALSE,FALSE
2691,4980,Y08976_at,0.103436700707921,FALSE,FALSE
2692,167,D00726_at,0.103503566113184,FALSE,FALSE
2693,4187,X16663_at,0.103615788896419,FALSE,FALSE
2694,1200,L04490_at,0.103680812158584,FALSE,FALSE
2695,1142,J05158_at,0.103720263530663,FALSE,FALSE
2696,6263,M29277_s_at,0.103736038629205,FALSE,FALSE
2697,905,HG3299-HT3476_at,0.103760252665933,FALSE,FALSE
2698,1362,L19067_at,0.103771735994596,FALSE,FALSE
2699,3169,U40434_at,0.103979290778523,FALSE,FALSE
2700,5314,L33075_at,0.103990475508565,FALSE,FALSE
2701,6863,M55418_at,0.104070141366876,FALSE,FALSE
2702,801,HG142-HT142_at,0.104142766544999,FALSE,FALSE
2703,3139,U38864_at,0.104163359854172,FALSE,FALSE
2704,4206,X51405_at,0.104254707617454,FALSE,FALSE
2705,2682,U07919_at,0.104273691060133,FALSE,FALSE
2706,5283,J04168_at,0.104385738981828,FALSE,FALSE
2707,406,D38555_at,0.104485979580769,FALSE,FALSE
2708,2191,M73047_at,0.104521645266233,FALSE,FALSE
2709,3748,U79242_at,0.104657898576991,FALSE,FALSE
2710,1261,L09749_at,0.104700162762973,FALSE,FALSE
2711,2765,U12779_at,0.104754079483422,FALSE,FALSE
2712,1440,L27080_at,0.105038079306337,FALSE,FALSE
2713,3114,U37219_at,0.105436369193938,FALSE,FALSE
2714,5091,Z24680_at,0.105464008791179,FALSE,FALSE
2715,5266,D86550_at,0.105695762594703,FALSE,FALSE
2716,3100,U36448_at,0.105847960848684,FALSE,FALSE
2717,2322,M87503_at,0.10594784713768,FALSE,FALSE
2718,1814,M21985_at,0.106119735165852,FALSE,FALSE
2719,4598,X77794_at,0.106126189457201,FALSE,FALSE
2720,5994,X17567_s_at,0.1061419677747,FALSE,FALSE
2721,5317,L40397_at,0.106246598449825,FALSE,FALSE
2722,4647,X80507_at,0.106355384222272,FALSE,FALSE
2723,6857,M32578_at,0.106380214215403,FALSE,FALSE
2724,4565,X76029_at,0.106409476843064,FALSE,FALSE
2725,1084,J03756_at,0.106484879023968,FALSE,FALSE
2726,1711,M14058_at,0.106645107732686,FALSE,FALSE
2727,4412,X64728_at,0.106809742860563,FALSE,FALSE
2728,5436,U94832_at,0.106815286399979,FALSE,FALSE
2729,4917,X99664_at,0.10686931006778,FALSE,FALSE
2730,4997,Y10032_at,0.10689275815289,FALSE,FALSE
2731,3113,U37143_at,0.106903276444541,FALSE,FALSE
2732,621,D83777_at,0.106946184425193,FALSE,FALSE
2733,3299,U49187_at,0.106989056176332,FALSE,FALSE
2734,3417,U56976_at,0.107567652784831,FALSE,FALSE
2735,3101,U36500_at,0.107582918878199,FALSE,FALSE
2736,2463,S69115_at,0.107919619697439,FALSE,FALSE
2737,614,D83657_at,0.107922228942816,FALSE,FALSE
2738,7043,HG458-HT458_f_at,0.108055770006376,FALSE,FALSE
2739,3799,U79718_at,0.108219899175479,FALSE,FALSE
2740,3619,U68494_at,0.108291903396587,FALSE,FALSE
2741,3882,U86136_at,0.108317024866251,FALSE,FALSE
2742,2392,M95623_cds1_at,0.108459673423449,FALSE,FALSE
2743,3327,U50534_at,0.108703608790283,FALSE,FALSE
2744,4046,X03484_at,0.108835388185152,FALSE,FALSE
2745,84,AB002366_at,0.108893069252257,FALSE,FALSE
2746,6324,U16720_rna1_s_at,0.108893283028128,FALSE,FALSE
2747,6430,U15641_s_at,0.109040303220454,FALSE,FALSE
2748,5735,Z26248_s_at,0.109441501483651,FALSE,FALSE
2749,3895,U87964_at,0.109522016634384,FALSE,FALSE
2750,429,D43636_at,0.109530161537931,FALSE,FALSE
2751,481,D50857_at,0.109616725610967,FALSE,FALSE
2752,2232,M77140_at,0.109714954033367,FALSE,FALSE
2753,5347,M60828_at,0.109811724031991,FALSE,FALSE
2754,1623,L43338_at,0.109835491604246,FALSE,FALSE
2755,4956,Y07759_at,0.110024215601652,FALSE,FALSE
2756,1024,HG613-HT613_at,0.110139676475762,FALSE,FALSE
2757,2685,U08049_at,0.11039829335924,FALSE,FALSE
2758,7049,J03071_cds3_f_at,0.110460511847564,FALSE,FALSE
2759,1254,L09190_rna1_at,0.110502209304611,FALSE,FALSE
2760,4363,X61123_at,0.110586361518968,FALSE,FALSE
2761,4023,X01059_at,0.110592830057237,FALSE,FALSE
2762,4276,X55448_cds2_at,0.110632138103233,FALSE,FALSE
2763,3802,U79751_at,0.110991241387007,FALSE,FALSE
2764,3923,U90268_at,0.111051977782338,FALSE,FALSE
2765,4295,X56677_at,0.111259216962775,FALSE,FALSE
2766,1838,M23533_at,0.111372247123853,FALSE,FALSE
2767,3446,U58130_at,0.111412072710595,FALSE,FALSE
2768,2253,M81057_at,0.111627830808482,FALSE,FALSE
2769,2652,U06454_at,0.111629459302558,FALSE,FALSE
2770,4439,X66403_at,0.111672284251531,FALSE,FALSE
2771,1873,M27160_at,0.111711180078718,FALSE,FALSE
2772,4610,X78678_at,0.111755458981783,FALSE,FALSE
2773,5460,X52228_at,0.111759829899167,FALSE,FALSE
2774,1096,J04031_at,0.111767179428633,FALSE,FALSE
2775,783,D90276_at,0.111770393858106,FALSE,FALSE
2776,3282,U48263_at,0.111772918399714,FALSE,FALSE
2777,5508,HG2157-HT2227_at,0.111831675372317,FALSE,FALSE
2778,2842,U17327_at,0.111892979707628,FALSE,FALSE
2779,1209,L05425_at,0.112100612053147,FALSE,FALSE
2780,6898,U40279_at,0.112185075189595,FALSE,FALSE
2781,5902,X57110_s_at,0.112326323664494,FALSE,FALSE
2782,3890,U87269_at,0.112334020250208,FALSE,FALSE
2783,1510,L36529_at,0.112363911156543,FALSE,FALSE
2784,5448,X06268_at,0.112508614854447,FALSE,FALSE
2785,3151,U39487_at,0.112518258504637,FALSE,FALSE
2786,1625,L43631_at,0.112684115118895,FALSE,FALSE
2787,1171,K03195_at,0.112744655980886,FALSE,FALSE
2788,1948,M32402_at,0.113215545707879,FALSE,FALSE
2789,5382,U11287_at,0.113300026486155,FALSE,FALSE
2790,1718,M14159_cds2_at,0.113304522805755,FALSE,FALSE
2791,4400,X63755_at,0.113396710614001,FALSE,FALSE
2792,6095,U35005_s_at,0.113516130398192,FALSE,FALSE
2793,3326,U50531_at,0.11353789272395,FALSE,FALSE
2794,1601,L41680_at,0.113714882473077,FALSE,FALSE
2795,3515,U62437_at,0.113786747127033,FALSE,FALSE
2796,1064,J02923_at,0.113857559189252,FALSE,FALSE
2797,455,D49493_at,0.114117471369235,FALSE,FALSE
2798,1881,M27878_at,0.114182503878274,FALSE,FALSE
2799,2480,S73149_at,0.11428808554068,FALSE,FALSE
2800,4352,X60592_at,0.114341075890849,FALSE,FALSE
2801,897,HG3227-HT3404_at,0.114371968876232,FALSE,FALSE
2802,1065,J02943_at,0.114487873540725,FALSE,FALSE
2803,1172,K03218_at,0.11469398616811,FALSE,FALSE
2804,1349,L16896_at,0.114726928471798,FALSE,FALSE
2805,6796,J02982_f_at,0.114758697766252,FALSE,FALSE
2806,2760,U12535_at,0.11478489096112,FALSE,FALSE
2807,5612,D30715_xpt5_s_at,0.114897366407362,FALSE,FALSE
2808,1174,K03460_at,0.114962265088959,FALSE,FALSE
2809,1727,M14660_at,0.115003598196678,FALSE,FALSE
2810,556,D78151_at,0.115292212697836,FALSE,FALSE
2811,5973,U01691_s_at,0.11532527021673,FALSE,FALSE
2812,327,D28124_at,0.11560914806986,FALSE,FALSE
2813,213,D13644_at,0.115678579306694,FALSE,FALSE
2814,2051,M58378_cds1_at,0.115680805368973,FALSE,FALSE
2815,862,HG2668-HT2764_at,0.115743492324445,FALSE,FALSE
2816,1655,L77563_at,0.115784012067278,FALSE,FALSE
2817,732,D87462_at,0.115927614230733,FALSE,FALSE
2818,4557,X75546_at,0.11598956578009,FALSE,FALSE
2819,881,HG2936-HT3080_at,0.116199673002039,FALSE,FALSE
2820,264,D16593_at,0.116246135102533,FALSE,FALSE
2821,4265,X54673_at,0.116361184311139,FALSE,FALSE
2822,1960,M33552_at,0.116454940760195,FALSE,FALSE
2823,1929,M31328_at,0.116457903675773,FALSE,FALSE
2824,2940,U24576_at,0.116674101347699,FALSE,FALSE
2825,6481,U28758_s_at,0.116781408456604,FALSE,FALSE
2826,5705,HG1140-HT4817_s_at,0.116826530558572,FALSE,FALSE
2827,443,D45371_at,0.116873386563495,FALSE,FALSE
2828,1901,M29458_at,0.116940892861083,FALSE,FALSE
2829,6973,M25667_at,0.117029421734351,FALSE,FALSE
2830,153,AF014958_at,0.117049589333704,FALSE,FALSE
2831,2800,U14971_at,0.117144150352632,FALSE,FALSE
2832,3042,U32114_at,0.117210444310469,FALSE,FALSE
2833,1357,L18960_at,0.117269164451486,FALSE,FALSE
2834,1860,M25753_at,0.117517057119515,FALSE,FALSE
2835,1404,L22075_at,0.117583425700237,FALSE,FALSE
2836,6338,X65962_s_at,0.117688995185384,FALSE,FALSE
2837,6643,U90543_s_at,0.117792170144567,FALSE,FALSE
2838,1708,M13955_at,0.117994574544367,FALSE,FALSE
2839,6840,L14430_at,0.118310306627267,FALSE,FALSE
2840,1979,M34667_at,0.118312367142759,FALSE,FALSE
2841,6882,S78774_at,0.118563443894391,FALSE,FALSE
2842,5453,X15675_at,0.118601421192664,FALSE,FALSE
2843,5145,Z46967_at,0.118614293699539,FALSE,FALSE
2844,1626,L43821_at,0.118772630936135,FALSE,FALSE
2845,3099,U36221_at,0.118815741571151,FALSE,FALSE
2846,3185,U41737_at,0.119088656968188,FALSE,FALSE
2847,1299,L12701_cds2_at,0.119136969232042,FALSE,FALSE
2848,5915,L08096_s_at,0.119166220159018,FALSE,FALSE
2849,2931,U23803_at,0.119196580050223,FALSE,FALSE
2850,3080,U34360_at,0.119256784621417,FALSE,FALSE
2851,6489,U13696_s_at,0.119279645681319,FALSE,FALSE
2852,3901,U88726_at,0.11929808544555,FALSE,FALSE
2853,6487,X75346_s_at,0.119317579920641,FALSE,FALSE
2854,4374,X62466_at,0.119704386389393,FALSE,FALSE
2855,1995,M37033_at,0.119707056220947,FALSE,FALSE
2856,5950,M29610_s_at,0.119716104201454,FALSE,FALSE
2857,5293,L04569_at,0.120179608159844,FALSE,FALSE
2858,448,D49394_at,0.120186965059427,FALSE,FALSE
2859,2781,U13896_at,0.120411432099034,FALSE,FALSE
2860,6671,X60955_s_at,0.120474533951536,FALSE,FALSE
2861,2330,M88468_at,0.120553106503318,FALSE,FALSE
2862,6129,M97347_s_at,0.120653039250519,FALSE,FALSE
2863,307,D26067_at,0.12068029739133,FALSE,FALSE
2864,2854,U18018_at,0.12080825277313,FALSE,FALSE
2865,230,D14659_at,0.120874736131509,FALSE,FALSE
2866,4347,X60382_rna1_at,0.121090589468366,FALSE,FALSE
2867,6526,U31201_cds2_s_at,0.121248175749292,FALSE,FALSE
2868,980,HG4165-HT4435_at,0.121551404251197,FALSE,FALSE
2869,2350,M91467_at,0.121621489422816,FALSE,FALSE
2870,2723,U09848_at,0.121858132352623,FALSE,FALSE
2871,3905,U89012_at,0.121933198115293,FALSE,FALSE
2872,3918,U89717_at,0.121990973026068,FALSE,FALSE
2873,3854,U83303_cds2_at,0.122002785792147,FALSE,FALSE
2874,3970,U93091_at,0.12277095956194,FALSE,FALSE
2875,5150,Z47727_at,0.122777435992128,FALSE,FALSE
2876,3158,U40038_at,0.123217158003611,FALSE,FALSE
2877,1755,M16937_at,0.123564673532744,FALSE,FALSE
2878,883,HG3039-HT3200_at,0.123598595876555,FALSE,FALSE
2879,5627,U11821_s_at,0.123692654066727,FALSE,FALSE
2880,687,D87011_at,0.123769016850255,FALSE,FALSE
2881,6866,M60751_at,0.123795708421141,FALSE,FALSE
2882,3246,U46023_at,0.123878308345027,FALSE,FALSE
2883,6601,U72263_s_at,0.123908929091258,FALSE,FALSE
2884,4869,X97301_at,0.12412655441269,FALSE,FALSE
2885,5186,Z67743_at,0.124268755445097,FALSE,FALSE
2886,4015,X00129_at,0.124277310072955,FALSE,FALSE
2887,3372,U52513_at,0.124366731116876,FALSE,FALSE
2888,369,D31883_at,0.124716443890181,FALSE,FALSE
2889,4613,X78710_at,0.12492577849538,FALSE,FALSE
2890,165,D00654_at,0.125078017771476,FALSE,FALSE
2891,5721,HG1751-HT1768_at,0.1252380000649,FALSE,FALSE
2892,3266,U47101_at,0.12532008262074,FALSE,FALSE
2893,4345,X60188_at,0.125356986287569,FALSE,FALSE
2894,4906,X99209_at,0.125406522151551,FALSE,FALSE
2895,5578,Z49835_s_at,0.125488070080315,FALSE,FALSE
2896,2072,M60052_at,0.125541030880561,FALSE,FALSE
2897,2558,S85963_at,0.126178107583591,FALSE,FALSE
2898,2798,U14969_at,0.12629744418166,FALSE,FALSE
2899,2284,M83822_at,0.126382272136495,FALSE,FALSE
2900,6798,L05514_f_at,0.126415186959746,FALSE,FALSE
2901,1791,M20530_at,0.126513749679498,FALSE,FALSE
2902,5702,HG2271-HT2367_s_at,0.12659226852754,FALSE,FALSE
2903,676,D86976_at,0.126781321203471,FALSE,FALSE
2904,6706,X83301_s_at,0.126939605371328,FALSE,FALSE
2905,1316,L13761_rna1_at,0.126967434844768,FALSE,FALSE
2906,1511,L36531_at,0.127121905974701,FALSE,FALSE
2907,642,D85245_at,0.127381193412046,FALSE,FALSE
2908,6599,U79261_s_at,0.127472177551696,FALSE,FALSE
2909,2052,M58459_at,0.127795796521876,FALSE,FALSE
2910,2418,M97815_at,0.127870945647622,FALSE,FALSE
2911,1294,L12168_at,0.12787473457363,FALSE,FALSE
2912,6620,Y07565_s_at,0.1279557441921,FALSE,FALSE
2913,305,D25547_at,0.12802969772881,FALSE,FALSE
2914,1361,L19063_at,0.128036586532768,FALSE,FALSE
2915,3161,U40282_at,0.128218974735604,FALSE,FALSE
2916,6419,S62904_s_at,0.128307906193927,FALSE,FALSE
2917,228,D14657_at,0.128350325360923,FALSE,FALSE
2918,6759,HG4557-HT4962_r_at,0.128546447591356,FALSE,FALSE
2919,3492,U60873_at,0.128895821663763,FALSE,FALSE
2920,4130,X13293_at,0.128974282421061,FALSE,FALSE
2921,4021,X00734_at,0.129129013525415,FALSE,FALSE
2922,1773,M18737_rna1_at,0.129161609038228,FALSE,FALSE
2923,939,HG3740-HT4010_at,0.129238450288832,FALSE,FALSE
2924,2315,M86917_at,0.129358021297892,FALSE,FALSE
2925,2690,U08377_at,0.129359349251592,FALSE,FALSE
2926,3009,U30185_at,0.129578926528807,FALSE,FALSE
2927,4637,X79981_at,0.12973246160869,FALSE,FALSE
2928,6841,L20433_at,0.129966266173391,FALSE,FALSE
2929,6903,U62432_at,0.130079491059659,FALSE,FALSE
2930,5380,U09609_at,0.130217988302409,FALSE,FALSE
2931,5342,M37712_at,0.130324595408851,FALSE,FALSE
2932,950,HG3942-HT4212_at,0.130491339020026,FALSE,FALSE
2933,2748,U11732_at,0.130502908524231,FALSE,FALSE
2934,1300,L12723_at,0.130714440256928,FALSE,FALSE
2935,232,D14661_at,0.130792914523378,FALSE,FALSE
2936,940,HG3748-HT4018_at,0.130793880149796,FALSE,FALSE
2937,6351,M81886_s_at,0.131011497729314,FALSE,FALSE
2938,5934,V00594_at,0.131022739733927,FALSE,FALSE
2939,1313,L13698_at,0.131292083005172,FALSE,FALSE
2940,5430,U67615_at,0.131326024597048,FALSE,FALSE
2941,3496,U61167_at,0.131403723826381,FALSE,FALSE
2942,4505,X70991_at,0.1314048306981,FALSE,FALSE
2943,2117,M62843_at,0.131552143230628,FALSE,FALSE
2944,4071,X05153_rna1_at,0.131564273828655,FALSE,FALSE
2945,6097,L27213_s_at,0.131694686552785,FALSE,FALSE
2946,5090,Z24459_xpt5_at,0.131776453580601,FALSE,FALSE
2947,5744,HG2260-HT2349_s_at,0.131809365152884,FALSE,FALSE
2948,1327,L14565_at,0.132056106766878,FALSE,FALSE
2949,519,D63477_at,0.132145113185656,FALSE,FALSE
2950,3959,U91930_at,0.132320454371446,FALSE,FALSE
2951,3598,U67611_at,0.132383081913151,FALSE,FALSE
2952,6501,U19557_s_at,0.132456317535193,FALSE,FALSE
2953,2293,M85164_at,0.13258838074246,FALSE,FALSE
2954,1477,L33798_at,0.132666167677002,FALSE,FALSE
2955,3250,U46194_at,0.132706609096193,FALSE,FALSE
2956,6569,U46746_s_at,0.132827095677189,FALSE,FALSE
2957,2695,U08998_at,0.13291695939367,FALSE,FALSE
2958,4682,X82434_at,0.132964311416123,FALSE,FALSE
2959,4460,X67697_at,0.132965993592082,FALSE,FALSE
2960,5918,HG945-HT945_s_at,0.132993713713768,FALSE,FALSE
2961,3532,U63541_at,0.133010331504428,FALSE,FALSE
2962,60,A28102_at,0.133124164353364,FALSE,FALSE
2963,3811,U80457_at,0.133196424794306,FALSE,FALSE
2964,1213,L05568_at,0.133547668485502,FALSE,FALSE
2965,2060,M59499_at,0.133554314324964,FALSE,FALSE
2966,1397,L21893_at,0.13363446835711,FALSE,FALSE
2967,3749,U79245_at,0.133767025414798,FALSE,FALSE
2968,4470,X68486_at,0.133872403675535,FALSE,FALSE
2969,1536,L38500_at,0.13409498167909,FALSE,FALSE
2970,309,D26069_at,0.134098935744343,FALSE,FALSE
2971,2487,S74683_at,0.134229228345253,FALSE,FALSE
2972,2611,U03270_at,0.134508025539792,FALSE,FALSE
2973,6484,U12424_s_at,0.134520235303928,FALSE,FALSE
2974,4536,X74295_at,0.13468412404006,FALSE,FALSE
2975,61,AB000114_at,0.134920139439428,FALSE,FALSE
2976,3602,U67784_at,0.13517037223088,FALSE,FALSE
2977,6602,U67368_s_at,0.135189229834981,FALSE,FALSE
2978,1664,L78440_at,0.135407212624894,FALSE,FALSE
2979,6656,X06700_s_at,0.135456681006729,FALSE,FALSE
2980,5979,J03805_s_at,0.135606335826122,FALSE,FALSE
2981,4884,X98206_at,0.135621214587874,FALSE,FALSE
2982,1012,HG4638-HT5050_at,0.135812170088923,FALSE,FALSE
2983,4732,X86018_at,0.135859069469489,FALSE,FALSE
2984,347,D29954_at,0.136485433168022,FALSE,FALSE
2985,5758,U10099_s_at,0.136499034043209,FALSE,FALSE
2986,6105,L32831_s_at,0.136505149213677,FALSE,FALSE
2987,3036,U31628_at,0.1370001857736,FALSE,FALSE
2988,6076,U11875_s_at,0.137110742220694,FALSE,FALSE
2989,6537,U67092_s_at,0.137207543877818,FALSE,FALSE
2990,7006,X52889_at,0.137508474155906,FALSE,FALSE
2991,3179,U41344_at,0.137716977139902,FALSE,FALSE
2992,2164,M64934_at,0.137730794691808,FALSE,FALSE
2993,3444,U58091_at,0.137740403399095,FALSE,FALSE
2994,2086,M60626_at,0.137922710433022,FALSE,FALSE
2995,1806,M21494_at,0.138235999524019,FALSE,FALSE
2996,2750,U11861_at,0.138384646729193,FALSE,FALSE
2997,1721,M14219_at,0.138392335820212,FALSE,FALSE
2998,5282,J03027_at,0.138425815326053,FALSE,FALSE
2999,1698,M13207_at,0.138475265140017,FALSE,FALSE
3000,6488,U13021_s_at,0.138493992227424,FALSE,FALSE
3001,1051,J00287_at,0.138517590553201,FALSE,FALSE
3002,1236,L07592_at,0.138744855884451,FALSE,FALSE
3003,3709,U77180_at,0.13880600273235,FALSE,FALSE
3004,1789,M20218_at,0.138856733524054,FALSE,FALSE
3005,3551,U65093_at,0.139013292000527,FALSE,FALSE
3006,647,D85433_at,0.139166614918167,FALSE,FALSE
3007,6904,U66061_cds3_at,0.13919525745637,FALSE,FALSE
3008,1280,L11005_at,0.139244142101317,FALSE,FALSE
3009,6807,X59244_f_at,0.139596930082247,FALSE,FALSE
3010,186,D12485_at,0.13968948899092,FALSE,FALSE
3011,6977,M60614_at,0.140160216321705,FALSE,FALSE
3012,5727,U47025_s_at,0.140160888249115,FALSE,FALSE
3013,2038,M57399_at,0.140313365289075,FALSE,FALSE
3014,5720,HG1747-HT1764_s_at,0.140383233131446,FALSE,FALSE
3015,2629,U04313_at,0.140573132742039,FALSE,FALSE
3016,108,AC002115_cds3_at,0.140674748124557,FALSE,FALSE
3017,1845,M24398_at,0.140755357796657,FALSE,FALSE
3018,4076,X05299_at,0.141003560237386,FALSE,FALSE
3019,2720,U09770_at,0.141021347647395,FALSE,FALSE
3020,4064,X04500_at,0.141088358151093,FALSE,FALSE
3021,5788,HG2743-HT3926_s_at,0.141228435298332,FALSE,FALSE
3022,3599,U67614_at,0.141391628689879,FALSE,FALSE
3023,4817,X93499_at,0.141629588712882,FALSE,FALSE
3024,1552,L38961_at,0.141656056013933,FALSE,FALSE
3025,2984,U28251_cds2_at,0.141847081214627,FALSE,FALSE
3026,2161,M64925_at,0.141860669669268,FALSE,FALSE
3027,2396,M95724_at,0.142043552081371,FALSE,FALSE
3028,3823,U81600_at,0.14209214483248,FALSE,FALSE
3029,397,D38522_at,0.1421032325092,FALSE,FALSE
3030,1054,J02611_at,0.142155183094826,FALSE,FALSE
3031,4394,X63597_at,0.14219927502427,FALSE,FALSE
3032,2861,U18288_at,0.142213085331888,FALSE,FALSE
3033,5390,U18422_at,0.14227033297944,FALSE,FALSE
3034,6071,U33838_s_at,0.142281431452122,FALSE,FALSE
3035,2530,S81083_cds1_at,0.142304170599307,FALSE,FALSE
3036,2194,M73482_at,0.142459221558167,FALSE,FALSE
3037,5304,L11702_at,0.142510960922806,FALSE,FALSE
3038,929,HG3548-HT3749_at,0.142515934254589,FALSE,FALSE
3039,912,HG3364-HT3541_at,0.142599100768178,FALSE,FALSE
3040,6136,U28749_s_at,0.142765605196992,FALSE,FALSE
3041,177,D10656_at,0.143063944026951,FALSE,FALSE
3042,42,AFFX-HUMGAPDH/M33197_5_at,0.143207899383615,FALSE,FALSE
3043,4072,X05196_at,0.143707587647425,FALSE,FALSE
3044,4923,X99802_at,0.143831203011637,FALSE,FALSE
3045,4909,X99296_xpt1_at,0.143862747371124,FALSE,FALSE
3046,5526,AD000092_cds7_s_at,0.143920148267534,FALSE,FALSE
3047,1747,M16282_at,0.143936614623313,FALSE,FALSE
3048,4999,Y10202_at,0.144299357790105,FALSE,FALSE
3049,3868,U84720_at,0.144326446611487,FALSE,FALSE
3050,5326,M13577_at,0.144340801350452,FALSE,FALSE
3051,5904,HG651-HT5209_s_at,0.144580135212353,FALSE,FALSE
3052,2535,S81578_at,0.144670928975283,FALSE,FALSE
3053,3965,U92436_at,0.144919592101506,FALSE,FALSE
3054,3390,U53446_at,0.144951763409562,FALSE,FALSE
3055,4437,X66397_at,0.145015512443619,FALSE,FALSE
3056,6427,U24056_s_at,0.145097182177953,FALSE,FALSE
3057,414,D42045_at,0.145116794731289,FALSE,FALSE
3058,489,D50917_at,0.145147399397404,FALSE,FALSE
3059,2700,U09278_at,0.145369221065573,FALSE,FALSE
3060,2578,U01102_at,0.145525825414348,FALSE,FALSE
3061,2604,U02687_at,0.145662060944042,FALSE,FALSE
3062,5061,Z14244_at,0.145711854681774,FALSE,FALSE
3063,5844,HG3432-HT3620_s_at,0.145958478738903,FALSE,FALSE
3064,3558,U65581_at,0.146109911725106,FALSE,FALSE
3065,247,D14838_at,0.146125108610512,FALSE,FALSE
3066,6542,X89986_s_at,0.146155895123295,FALSE,FALSE
3067,5438,U95626_rna3_at,0.14618376098525,FALSE,FALSE
3068,1821,M22490_at,0.146275665415206,FALSE,FALSE
3069,2738,U10693_at,0.146573652236507,FALSE,FALSE
3070,4806,X92689_at,0.146851034853796,FALSE,FALSE
3071,2610,U03187_at,0.146853166334793,FALSE,FALSE
3072,6681,X74874_rna1_s_at,0.146928720139609,FALSE,FALSE
3073,5086,Z22970_at,0.146938949635625,FALSE,FALSE
3074,5195,Z70220_at,0.146971930612814,FALSE,FALSE
3075,4779,X90857_at,0.146975747519302,FALSE,FALSE
3076,6616,U69126_s_at,0.146991245257988,FALSE,FALSE
3077,1161,K02100_at,0.147302177191141,FALSE,FALSE
3078,6072,Z22951_rna1_s_at,0.147326272371727,FALSE,FALSE
3079,543,D64142_at,0.147445735034676,FALSE,FALSE
3080,4836,X95237_at,0.147475631747139,FALSE,FALSE
3081,4388,X63454_at,0.147641364804672,FALSE,FALSE
3082,355,D30755_at,0.147867907904425,FALSE,FALSE
3083,1870,M26682_at,0.148077927739635,FALSE,FALSE
3084,5824,HG3105-HT3281_s_at,0.148191742311902,FALSE,FALSE
3085,270,D17400_at,0.148241399028247,FALSE,FALSE
3086,4466,X68242_at,0.148368257494256,FALSE,FALSE
3087,6901,U44105_at,0.148445332114545,FALSE,FALSE
3088,2409,M96859_at,0.148469916022099,FALSE,FALSE
3089,520,D63478_at,0.148690564738974,FALSE,FALSE
3090,1767,M18000_at,0.148918054341422,FALSE,FALSE
3091,5991,J04430_s_at,0.148934279090224,FALSE,FALSE
3092,1538,L38517_at,0.148978758323581,FALSE,FALSE
3093,1210,L05500_at,0.149264945064108,FALSE,FALSE
3094,4095,X06948_at,0.149279126342073,FALSE,FALSE
3095,5873,M74509_s_at,0.149351736428922,FALSE,FALSE
3096,5792,HG2797-HT2905_s_at,0.149459401101798,FALSE,FALSE
3097,2935,U24152_at,0.14962054422343,FALSE,FALSE
3098,1323,L13994_at,0.149883251318546,FALSE,FALSE
3099,6562,X96506_s_at,0.150139914530098,FALSE,FALSE
3100,3407,U55936_at,0.150258062955947,FALSE,FALSE
3101,6856,M31932_at,0.150277539140185,FALSE,FALSE
3102,3364,U52112_rna1_at,0.150352947658328,FALSE,FALSE
3103,5152,Z48051_rna1_at,0.150439939762665,FALSE,FALSE
3104,6421,X86401_s_at,0.150529934100143,FALSE,FALSE
3105,172,D10202_at,0.151236514671577,FALSE,FALSE
3106,6297,M34376_s_at,0.151349702388853,FALSE,FALSE
3107,5203,Z73497_at,0.151729380698596,FALSE,FALSE
3108,2134,M63589_at,0.151893252763002,FALSE,FALSE
3109,6395,M94172_s_at,0.151982571746749,FALSE,FALSE
3110,2845,U17579_rna1_at,0.151987279768877,FALSE,FALSE
3111,1405,L22206_at,0.152099072616494,FALSE,FALSE
3112,4818,X93510_at,0.15222483045976,FALSE,FALSE
3113,5083,Z22555_at,0.152348321798908,FALSE,FALSE
3114,4286,X55954_at,0.15236645194188,FALSE,FALSE
3115,5141,Z38026_at,0.152576280515394,FALSE,FALSE
3116,3019,U30888_at,0.15257892051899,FALSE,FALSE
3117,3225,U43965_at,0.152635404858913,FALSE,FALSE
3118,18,AFFX-CreX-3_st,0.152636886563062,FALSE,FALSE
3119,1103,J04101_at,0.152930973929705,FALSE,FALSE
3120,1049,J00124_at,0.153013730594882,FALSE,FALSE
3121,120,AF000234_at,0.153252298099379,FALSE,FALSE
3122,1390,L20826_at,0.15334525684608,FALSE,FALSE
3123,4915,X99656_at,0.153452021724531,FALSE,FALSE
3124,3832,U82275_at,0.153842479367999,FALSE,FALSE
3125,6333,X69950_s_at,0.153898544528733,FALSE,FALSE
3126,4089,X06482_at,0.154011050056756,FALSE,FALSE
3127,6448,S81737_s_at,0.154146531246778,FALSE,FALSE
3128,5097,Z25884_at,0.154681920030378,FALSE,FALSE
3129,5821,HG3076-HT3238_s_at,0.155350839288342,FALSE,FALSE
3130,3690,U73824_at,0.155393328487619,FALSE,FALSE
3131,6464,U06155_s_at,0.155722587931809,FALSE,FALSE
3132,1717,M14158_cds4_at,0.155898133006162,FALSE,FALSE
3133,5015,Y10515_at,0.156031578188195,FALSE,FALSE
3134,5153,Z48054_at,0.15623828109879,FALSE,FALSE
3135,325,D28114_at,0.156321800212703,FALSE,FALSE
3136,5213,Z80788_at,0.156409299871889,FALSE,FALSE
3137,1331,L14812_at,0.156428793733365,FALSE,FALSE
3138,524,D63483_at,0.156454958393497,FALSE,FALSE
3139,916,HG3415-HT3598_at,0.156459567362045,FALSE,FALSE
3140,666,D86965_at,0.156590471774351,FALSE,FALSE
3141,6933,X98225_at,0.156647686533931,FALSE,FALSE
3142,3052,U32659_at,0.156810152440362,FALSE,FALSE
3143,5900,HG627-HT5098_s_at,0.156838781023008,FALSE,FALSE
3144,5346,M60503_at,0.156951677055671,FALSE,FALSE
3145,1007,HG4480-HT4833_at,0.157030117425058,FALSE,FALSE
3146,6842,L32606_at,0.157057860164703,FALSE,FALSE
3147,5547,L32832_s_at,0.157067980711479,FALSE,FALSE
3148,6581,X92493_s_at,0.1570779862434,FALSE,FALSE
3149,7048,J00212_f_at,0.157116261976839,FALSE,FALSE
3150,5572,HG1699-HT1704_s_at,0.157144161697172,FALSE,FALSE
3151,4738,X86570_at,0.157182120542824,FALSE,FALSE
3152,2660,U07151_at,0.1572394354284,FALSE,FALSE
3153,3349,U51432_at,0.15760889272227,FALSE,FALSE
3154,6175,X81851_s_at,0.157652309466317,FALSE,FALSE
3155,6298,M35093_s_at,0.157771529196756,FALSE,FALSE
3156,4304,X57303_at,0.157791217035386,FALSE,FALSE
3157,6721,Z35402_rna1_s_at,0.158016807789657,FALSE,FALSE
3158,581,D79996_at,0.158547665440262,FALSE,FALSE
3159,4918,X99687_at,0.158548351285323,FALSE,FALSE
3160,2590,U01923_at,0.158721093804142,FALSE,FALSE
3161,6270,M29994_s_at,0.158746562929202,FALSE,FALSE
3162,3255,U46571_at,0.15883414720406,FALSE,FALSE
3163,2411,M96980_at,0.158967348710085,FALSE,FALSE
3164,3841,U82468_at,0.158986406292375,FALSE,FALSE
3165,5233,Z96810_at,0.15899328505777,FALSE,FALSE
3166,5952,U05255_s_at,0.159417573933899,FALSE,FALSE
3167,2583,U01212_at,0.159489912363313,FALSE,FALSE
3168,4084,X06256_at,0.159726084643072,FALSE,FALSE
3169,857,HG2602-HT2698_at,0.159797814409132,FALSE,FALSE
3170,480,D50840_at,0.159848207740765,FALSE,FALSE
3171,6213,M19267_s_at,0.159907812529066,FALSE,FALSE
3172,1187,L02321_at,0.160157107200703,FALSE,FALSE
3173,5556,D12775_s_at,0.160361133689793,FALSE,FALSE
3174,3490,U60800_at,0.160370118212148,FALSE,FALSE
3175,6505,U22314_s_at,0.160390110259789,FALSE,FALSE
3176,1631,L48211_at,0.160667065293018,FALSE,FALSE
3177,2296,M85217_at,0.160689302209798,FALSE,FALSE
3178,6182,X04602_s_at,0.160690307365481,FALSE,FALSE
3179,5601,D28539_s_at,0.160870354801415,FALSE,FALSE
3180,4672,X82018_at,0.161152498841642,FALSE,FALSE
3181,4316,X58377_at,0.161167972501365,FALSE,FALSE
3182,4678,X82207_at,0.161315493979189,FALSE,FALSE
3183,5894,HG4683-HT5108_s_at,0.161449045954789,FALSE,FALSE
3184,887,HG311-HT311_at,0.161459035768651,FALSE,FALSE
3185,5105,Z28407_at,0.161518823081645,FALSE,FALSE
3186,1240,L07738_at,0.16158249449705,FALSE,FALSE
3187,5847,HG3523-HT4899_s_at,0.161656748275819,FALSE,FALSE
3188,439,D43951_at,0.161728384746877,FALSE,FALSE
3189,1489,L34409_at,0.161985541096543,FALSE,FALSE
3190,6331,M60284_s_at,0.162103164513905,FALSE,FALSE
3191,3574,U66464_at,0.162173373343076,FALSE,FALSE
3192,2970,U27109_at,0.162324954618326,FALSE,FALSE
3193,5561,HG1686-HT4572_s_at,0.162370704465168,FALSE,FALSE
3194,1021,HG511-HT511_at,0.162597235285132,FALSE,FALSE
3195,6917,X02958_at,0.162649449608919,FALSE,FALSE
3196,3874,U85611_at,0.162741711795767,FALSE,FALSE
3197,4152,X14830_at,0.162748552101397,FALSE,FALSE
3198,1029,HG668-HT4793_at,0.162773354238367,FALSE,FALSE
3199,5998,X03689_s_at,0.162783042636066,FALSE,FALSE
3200,2634,U04810_at,0.162932778079526,FALSE,FALSE
3201,6835,J05412_at,0.1630404506763,FALSE,FALSE
3202,5286,J04513_at,0.163078340394168,FALSE,FALSE
3203,5783,HG2730-HT2828_s_at,0.163164289154013,FALSE,FALSE
3204,2467,S69965_at,0.163181011902751,FALSE,FALSE
3205,5671,D83260_s_at,0.163250735024568,FALSE,FALSE
3206,1471,L32866_at,0.163324071276021,FALSE,FALSE
3207,5000,Y10204_at,0.163328327560543,FALSE,FALSE
3208,984,HG4188-HT4458_at,0.163627498274936,FALSE,FALSE
3209,5244,D16105_at,0.163632691660506,FALSE,FALSE
3210,2667,U07418_at,0.163851811615191,FALSE,FALSE
3211,5264,D82347_at,0.163893450648784,FALSE,FALSE
3212,4090,X06562_at,0.164378862038568,FALSE,FALSE
3213,6813,D87017_cds3_at,0.164488168501546,FALSE,FALSE
3214,5812,HG2994-HT4850_s_at,0.164506849730041,FALSE,FALSE
3215,319,D26561_cds2_at,0.164510453647357,FALSE,FALSE
3216,6699,X79200_s_at,0.16460449106717,FALSE,FALSE
3217,1749,M16405_at,0.164789858651111,FALSE,FALSE
3218,3203,U43142_at,0.16483492356965,FALSE,FALSE
3219,3171,U40490_at,0.16495160283031,FALSE,FALSE
3220,5307,L13773_at,0.164987030530236,FALSE,FALSE
3221,2649,U06088_at,0.165249089598009,FALSE,FALSE
3222,289,D21853_at,0.165452613958966,FALSE,FALSE
3223,2802,U14973_at,0.165459008208215,FALSE,FALSE
3224,1522,L37042_at,0.165546482576827,FALSE,FALSE
3225,3556,U65437_rna1_at,0.165566976508451,FALSE,FALSE
3226,3577,U66497_at,0.165776791443687,FALSE,FALSE
3227,6178,U59058_s_at,0.165809732110421,FALSE,FALSE
3228,1627,L43964_at,0.165900104679052,FALSE,FALSE
3229,2093,M60854_at,0.165996888656219,FALSE,FALSE
3230,175,D10522_at,0.166026335518687,FALSE,FALSE
3231,6617,U86755_s_at,0.166106708002672,FALSE,FALSE
3232,1646,L76571_at,0.166198825215626,FALSE,FALSE
3233,4171,X15822_at,0.166232851763507,FALSE,FALSE
3234,5447,X05610_at,0.166352589616039,FALSE,FALSE
3235,871,HG2723-HT2819_at,0.166356336220022,FALSE,FALSE
3236,3827,U81984_at,0.166443272001499,FALSE,FALSE
3237,6075,L19493_s_at,0.166611930066781,FALSE,FALSE
3238,2204,M74096_at,0.166619762612568,FALSE,FALSE
3239,3254,U46570_at,0.166739069477875,FALSE,FALSE
3240,3798,U79716_at,0.166935122753586,FALSE,FALSE
3241,4456,X67325_at,0.166976883598227,FALSE,FALSE
3242,6948,Z80787_at,0.167095057222376,FALSE,FALSE
3243,3209,U43318_at,0.167285849752895,FALSE,FALSE
3244,5520,AB006781_s_at,0.167348696069946,FALSE,FALSE
3245,5972,X57579_s_at,0.167648199107497,FALSE,FALSE
3246,198,D13540_at,0.167753242227023,FALSE,FALSE
3247,31,AFFX-ThrX-3_at,0.167870284308878,FALSE,FALSE
3248,5,AFFX-BioC-3_at,0.168058378618062,FALSE,FALSE
3249,4170,X15722_at,0.168248406819693,FALSE,FALSE
3250,2736,U10685_at,0.168469956310355,FALSE,FALSE
3251,2990,U28686_at,0.168612386665192,FALSE,FALSE
3252,5857,HG371-HT26388_at,0.168991130468874,FALSE,FALSE
3253,5395,U22815_at,0.168998700933337,FALSE,FALSE
3254,6446,S81243_s_at,0.169053193680841,FALSE,FALSE
3255,4596,X77744_at,0.169247764840931,FALSE,FALSE
3256,2913,U21128_at,0.1692571645726,FALSE,FALSE
3257,3517,U62739_at,0.169265774772699,FALSE,FALSE
3258,6690,X98337_s_at,0.169433253201355,FALSE,FALSE
3259,475,D50663_at,0.16963278852934,FALSE,FALSE
3260,2596,U02310_at,0.169672702508247,FALSE,FALSE
3261,3020,U30894_at,0.169712532238863,FALSE,FALSE
3262,3846,U82671_cds2_at,0.169791542771302,FALSE,FALSE
3263,487,D50915_at,0.169978400505621,FALSE,FALSE
3264,5753,HG2383-HT4824_s_at,0.170253163212213,FALSE,FALSE
3265,2704,U09367_at,0.170352765377534,FALSE,FALSE
3266,622,D83778_at,0.170490832152588,FALSE,FALSE
3267,3453,U58766_at,0.170638424229107,FALSE,FALSE
3268,6852,M21539_at,0.170972812590115,FALSE,FALSE
3269,6290,M65292_s_at,0.171026200305094,FALSE,FALSE
3270,6553,U40152_s_at,0.171462652203659,FALSE,FALSE
3271,2298,M85247_at,0.171463324851073,FALSE,FALSE
3272,221,D14043_at,0.171526185155062,FALSE,FALSE
3273,1158,K01884_at,0.171623049070441,FALSE,FALSE
3274,4816,X93498_at,0.17164223614622,FALSE,FALSE
3275,3992,U96094_at,0.171991318398412,FALSE,FALSE
3276,5885,M20867_s_at,0.172017335477545,FALSE,FALSE
3277,1930,M31520_at,0.172160713569449,FALSE,FALSE
3278,3941,U90907_at,0.172245420761093,FALSE,FALSE
3279,5987,J04130_s_at,0.172378416722203,FALSE,FALSE
3280,390,D38305_at,0.172541170165278,FALSE,FALSE
3281,287,D21851_at,0.172550061624895,FALSE,FALSE
3282,3910,U89336_cds3_at,0.172567907763917,FALSE,FALSE
3283,1420,L24804_at,0.17257221850039,FALSE,FALSE
3284,5738,HG210-HT210_s_at,0.172603006329036,FALSE,FALSE
3285,4305,X57346_at,0.172724687578052,FALSE,FALSE
3286,7075,M90356_f_at,0.172836753713691,FALSE,FALSE
3287,688,D87012_at,0.172914543878373,FALSE,FALSE
3288,6261,S72493_s_at,0.172983625255528,FALSE,FALSE
3289,594,D80010_at,0.173193058005807,FALSE,FALSE
3290,3771,U79272_at,0.17320192691848,FALSE,FALSE
3291,6860,M37075_at,0.17327949532412,FALSE,FALSE
3292,1678,M11433_at,0.173396674882375,FALSE,FALSE
3293,5820,HG3075-HT3236_s_at,0.173588516322774,FALSE,FALSE
3294,6363,M76732_s_at,0.173854677275185,FALSE,FALSE
3295,6760,L11672_at,0.17396410630711,FALSE,FALSE
3296,5974,X04729_s_at,0.174115489827646,FALSE,FALSE
3297,6313,M86383_s_at,0.174168959307295,FALSE,FALSE
3298,7062,L42601_f_at,0.174191450555659,FALSE,FALSE
3299,59,AFFX-HSAC07/X00351_M_st,0.174263895650622,FALSE,FALSE
3300,2262,M81780_cds4_at,0.174413248907341,FALSE,FALSE
3301,803,HG1604-HT1604_at,0.174427110072985,FALSE,FALSE
3302,4850,X96401_at,0.174641078666164,FALSE,FALSE
3303,1262,L09753_at,0.174878974529488,FALSE,FALSE
3304,2749,U11791_at,0.174905023370861,FALSE,FALSE
3305,4474,X68733_rna1_at,0.175255199826168,FALSE,FALSE
3306,5815,U77846_rna1_s_at,0.175317086945983,FALSE,FALSE
3307,4593,X77548_at,0.175413448552524,FALSE,FALSE
3308,6486,U12707_s_at,0.175481633136217,FALSE,FALSE
3309,6934,X98296_at,0.17551822995574,FALSE,FALSE
3310,6507,U22970_rna1_s_at,0.17572472163198,FALSE,FALSE
3311,7078,U10689_f_at,0.175780122014205,FALSE,FALSE
3312,6709,Z49825_s_at,0.176079404667083,FALSE,FALSE
3313,1651,L76937_rna1_at,0.176386238790631,FALSE,FALSE
3314,118,AF000177_at,0.176427508094619,FALSE,FALSE
3315,5691,D89377_at,0.176431274239072,FALSE,FALSE
3316,6865,M60746_at,0.176459323729853,FALSE,FALSE
3317,2630,U04325_cds3_at,0.176527396093747,FALSE,FALSE
3318,2278,M83363_at,0.176650167549371,FALSE,FALSE
3319,6466,Z48314_s_at,0.176725613145551,FALSE,FALSE
3320,298,D25248_at,0.176905609060492,FALSE,FALSE
3321,4892,X98311_at,0.176941574227835,FALSE,FALSE
3322,6538,X91196_s_at,0.176990422278524,FALSE,FALSE
3323,5149,Z47553_at,0.177055596166365,FALSE,FALSE
3324,609,D83195_at,0.177144517223945,FALSE,FALSE
3325,4733,X86019_at,0.177929628973145,FALSE,FALSE
3326,537,D63879_at,0.178053279261809,FALSE,FALSE
3327,3873,U85430_at,0.178133395868235,FALSE,FALSE
3328,5116,Z29574_at,0.17835846582603,FALSE,FALSE
3329,4097,X07024_at,0.17844506346876,FALSE,FALSE
3330,2290,M84711_at,0.178555860524554,FALSE,FALSE
3331,3734,U78521_at,0.1789687783752,FALSE,FALSE
3332,3168,U40391_rna1_at,0.179132843833854,FALSE,FALSE
3333,806,HG1649-HT1652_at,0.179211199984637,FALSE,FALSE
3334,3658,U72206_at,0.179437562746304,FALSE,FALSE
3335,1851,M24899_at,0.17946298804608,FALSE,FALSE
3336,3654,U71374_at,0.179633535045003,FALSE,FALSE
3337,2183,M68941_at,0.179712610725408,FALSE,FALSE
3338,509,D61380_at,0.180045766228259,FALSE,FALSE
3339,29,AFFX-ThrX-5_at,0.180726990576126,FALSE,FALSE
3340,542,D64110_at,0.180818591505728,FALSE,FALSE
3341,944,HG3884-HT4154_at,0.180844107080521,FALSE,FALSE
3342,7033,HG1515-HT1515_f_at,0.180943937707888,FALSE,FALSE
3343,1682,M11591_at,0.181040047568569,FALSE,FALSE
3344,790,HG1098-HT1098_at,0.181175263471795,FALSE,FALSE
3345,3995,U96115_at,0.181229230346317,FALSE,FALSE
3346,4435,X66364_at,0.181259932379018,FALSE,FALSE
3347,2981,U28131_at,0.181292621809229,FALSE,FALSE
3348,1914,M30135_at,0.181393696392414,FALSE,FALSE
3349,6066,U58837_s_at,0.181504557862329,FALSE,FALSE
3350,5551,D10922_s_at,0.181736413341167,FALSE,FALSE
3351,4073,X05232_at,0.182237469231668,FALSE,FALSE
3352,4908,X99268_at,0.182428020224217,FALSE,FALSE
3353,2992,U28727_at,0.182557838751581,FALSE,FALSE
3354,4533,X74039_at,0.182608409529872,FALSE,FALSE
3355,4140,X13967_at,0.18261240635425,FALSE,FALSE
3356,6165,M12963_s_at,0.182676896053227,FALSE,FALSE
3357,5340,M34276_at,0.182836173446628,FALSE,FALSE
3358,3580,U66578_at,0.182923646514703,FALSE,FALSE
3359,5988,J04152_rna1_s_at,0.183034996359314,FALSE,FALSE
3360,4993,Y09836_at,0.183052345079401,FALSE,FALSE
3361,4699,X83425_at,0.183139137093863,FALSE,FALSE
3362,5680,HG3238-HT4861_s_at,0.183380880328816,FALSE,FALSE
3363,7010,X81637_at,0.183510489415263,FALSE,FALSE
3364,6503,U20536_s_at,0.183581490231639,FALSE,FALSE
3365,2586,U01824_at,0.183596271603652,FALSE,FALSE
3366,6969,M16653_at,0.1836557603772,FALSE,FALSE
3367,3054,U32849_at,0.183703881726527,FALSE,FALSE
3368,3662,U72508_at,0.183765146754874,FALSE,FALSE
3369,310,D26129_at,0.183767495343932,FALSE,FALSE
3370,6364,X74929_s_at,0.183981243929263,FALSE,FALSE
3371,5698,HG1728-HT1734_s_at,0.183989121234208,FALSE,FALSE
3372,3130,U37707_at,0.184039404289417,FALSE,FALSE
3373,2895,U20350_at,0.18424008735879,FALSE,FALSE
3374,5479,X72889_at,0.184293593391485,FALSE,FALSE
3375,1344,L16464_at,0.184768809957997,FALSE,FALSE
3376,5681,X83857_s_at,0.184913268605472,FALSE,FALSE
3377,3218,U43672_at,0.184951107370326,FALSE,FALSE
3378,1971,M34181_at,0.185004912887541,FALSE,FALSE
3379,3701,U76189_at,0.185113609385664,FALSE,FALSE
3380,86,AB002382_at,0.185320033466628,FALSE,FALSE
3381,2582,U01160_at,0.18552819516054,FALSE,FALSE
3382,1734,M15353_at,0.185720259818591,FALSE,FALSE
3383,114,AD000092_cds1_at,0.185974388301111,FALSE,FALSE
3384,736,D87466_at,0.186025859027221,FALSE,FALSE
3385,19,hum_alu_at,0.186058899331237,FALSE,FALSE
3386,2343,M90820_at,0.186089615111297,FALSE,FALSE
3387,4337,X59770_at,0.18640728430028,FALSE,FALSE
3388,4234,X52425_at,0.186538012678485,FALSE,FALSE
3389,5639,X89109_s_at,0.186598383142675,FALSE,FALSE
3390,3920,U89916_at,0.186612296104752,FALSE,FALSE
3391,3705,U76456_at,0.186780915297942,FALSE,FALSE
3392,988,HG4245-HT4515_at,0.187167772121107,FALSE,FALSE
3393,5216,Z83742_at,0.187385461356976,FALSE,FALSE
3394,4900,X99050_rna1_at,0.187513768867945,FALSE,FALSE
3395,4761,X89067_at,0.187581913920035,FALSE,FALSE
3396,2472,S71018_at,0.187697894750871,FALSE,FALSE
3397,4623,X79204_at,0.187722450133754,FALSE,FALSE
3398,1963,M33764_at,0.187854728561792,FALSE,FALSE
3399,4857,X96753_at,0.187982674661509,FALSE,FALSE
3400,4066,X04688_at,0.187996946446816,FALSE,FALSE
3401,1938,M31682_at,0.188017509937091,FALSE,FALSE
3402,5349,M64231_rna1_at,0.188033522328447,FALSE,FALSE
3403,5462,X55005_rna1_at,0.188105128298813,FALSE,FALSE
3404,4213,X51630_at,0.188670412880986,FALSE,FALSE
3405,7127,L49218_f_at,0.188748771213535,FALSE,FALSE
3406,5607,U34380_rna1_s_at,0.188821202757686,FALSE,FALSE
3407,1558,L39064_rna1_at,0.188871046721115,FALSE,FALSE
3408,1866,M26167_rna1_at,0.189120487999412,FALSE,FALSE
3409,6390,U33203_s_at,0.189220683360959,FALSE,FALSE
3410,6896,U28014_at,0.18922540066303,FALSE,FALSE
3411,2837,U17034_at,0.189249622266925,FALSE,FALSE
3412,442,D45370_at,0.189567925652851,FALSE,FALSE
3413,2549,S83198_at,0.189713480151926,FALSE,FALSE
3414,5909,HG759-HT759_s_at,0.189742844223315,FALSE,FALSE
3415,5350,M65062_at,0.190071682741791,FALSE,FALSE
3416,4661,X81372_at,0.190078998743792,FALSE,FALSE
3417,3147,U39318_at,0.190105672694582,FALSE,FALSE
3418,2918,U21943_at,0.190137847239093,FALSE,FALSE
3419,2843,U17418_at,0.190338644242117,FALSE,FALSE
3420,4758,X87904_at,0.190339513847539,FALSE,FALSE
3421,6103,M96995_s_at,0.190358841252581,FALSE,FALSE
3422,208,D13639_at,0.190367382254318,FALSE,FALSE
3423,6396,Y10141_s_at,0.190415072944676,FALSE,FALSE
3424,3131,U38175_at,0.190442776943386,FALSE,FALSE
3425,1742,M15881_at,0.190492952968381,FALSE,FALSE
3426,6431,S75256_s_at,0.190573512454755,FALSE,FALSE
3427,3074,U33920_at,0.190901192301391,FALSE,FALSE
3428,5103,Z27113_at,0.190996594010972,FALSE,FALSE
3429,1645,L76465_at,0.191043547773899,FALSE,FALSE
3430,182,D11094_at,0.19129671245046,FALSE,FALSE
3431,577,D79992_at,0.191373966671325,FALSE,FALSE
3432,1355,L17328_at,0.191562944188339,FALSE,FALSE
3433,4786,X91117_rna1_at,0.191943946795489,FALSE,FALSE
3434,5048,Y14140_at,0.191950201360632,FALSE,FALSE
3435,2213,M74542_at,0.192122712207274,FALSE,FALSE
3436,1222,L06499_at,0.192224246030124,FALSE,FALSE
3437,6776,HG2702-HT2798_r_at,0.192449711975173,FALSE,FALSE
3438,4191,X16707_at,0.192469809170076,FALSE,FALSE
3439,437,D43949_at,0.192684795040712,FALSE,FALSE
3440,4325,X59372_at,0.192890209669908,FALSE,FALSE
3441,7115,M21064_at,0.192964129119524,FALSE,FALSE
3442,809,HG1733-HT1748_at,0.192967297083667,FALSE,FALSE
3443,6517,U60206_s_at,0.193063025073187,FALSE,FALSE
3444,4998,Y10055_at,0.193147410761389,FALSE,FALSE
3445,3844,U82613_at,0.193602059497184,FALSE,FALSE
3446,6382,X15673_s_at,0.193602235863003,FALSE,FALSE
3447,5190,Z69720_at,0.193849712375397,FALSE,FALSE
3448,1326,L14542_at,0.193963775482492,FALSE,FALSE
3449,1108,J04162_at,0.194024777786307,FALSE,FALSE
3450,2209,M74447_at,0.194296303719442,FALSE,FALSE
3451,3724,U77968_at,0.194412726122865,FALSE,FALSE
3452,5227,Z84718_cds1_at,0.194536784694216,FALSE,FALSE
3453,4650,X80695_at,0.194993571537174,FALSE,FALSE
3454,1138,J05070_at,0.195312403886152,FALSE,FALSE
3455,1600,L41668_rna1_at,0.195667621517821,FALSE,FALSE
3456,2571,U00951_at,0.195704620298611,FALSE,FALSE
3457,2327,M88282_at,0.195968093951871,FALSE,FALSE
3458,5767,X13451_s_at,0.196127814562109,FALSE,FALSE
3459,1916,M30269_at,0.196164226685533,FALSE,FALSE
3460,4126,X12901_at,0.196536977771231,FALSE,FALSE
3461,5835,HG3327-HT3504_s_at,0.196632159092008,FALSE,FALSE
3462,3852,U83192_at,0.19682321163637,FALSE,FALSE
3463,3518,U62800_at,0.196928879472798,FALSE,FALSE
3464,2775,U13616_at,0.197196772673121,FALSE,FALSE
3465,6266,M29335_at,0.197434317592568,FALSE,FALSE
3466,1008,HG4533-HT4938_at,0.197599934302129,FALSE,FALSE
3467,9,AFFX-CreX-3_at,0.197786227994257,FALSE,FALSE
3468,5232,Z95624_at,0.197837338011005,FALSE,FALSE
3469,2090,M60749_at,0.197870431287787,FALSE,FALSE
3470,2474,S71824_at,0.197935396030594,FALSE,FALSE
3471,3949,U90915_at,0.197969482136561,FALSE,FALSE
3472,3033,U31384_at,0.198143796700193,FALSE,FALSE
3473,13,AFFX-BioC-5_st,0.198257440729829,FALSE,FALSE
3474,792,HG1103-HT1103_at,0.198384434542766,FALSE,FALSE
3475,3323,U50330_at,0.19846332316523,FALSE,FALSE
3476,2423,M98343_at,0.198554137003454,FALSE,FALSE
3477,1040,HG908-HT908_at,0.198745445702169,FALSE,FALSE
3478,4303,X57206_at,0.199175419993291,FALSE,FALSE
3479,1329,L14754_at,0.199385961298754,FALSE,FALSE
3480,2055,M58600_rna1_at,0.199612070805852,FALSE,FALSE
3481,5422,U53204_at,0.199756546045213,FALSE,FALSE
3482,2668,U07424_at,0.199914359012154,FALSE,FALSE
3483,6139,Z37987_s_at,0.20007138026869,FALSE,FALSE
3484,2919,U22055_at,0.200302171973031,FALSE,FALSE
3485,4797,X91809_at,0.20033505715111,FALSE,FALSE
3486,3437,U58032_at,0.200387349934252,FALSE,FALSE
3487,3160,U40223_at,0.200414437376469,FALSE,FALSE
3488,3759,U79256_at,0.200480834898502,FALSE,FALSE
3489,109,AC002115_cds4_at,0.20115893350561,FALSE,FALSE
3490,4872,X97324_at,0.201230160951589,FALSE,FALSE
3491,5427,U61500_at,0.201272141205694,FALSE,FALSE
3492,2538,S81916_at,0.201423886612881,FALSE,FALSE
3493,5828,HG3187-HT3366_s_at,0.201505967178786,FALSE,FALSE
3494,2384,M94630_at,0.201569465926077,FALSE,FALSE
3495,4751,X87342_at,0.201694072761954,FALSE,FALSE
3496,159,AJ001421_at,0.201858162895092,FALSE,FALSE
3497,4601,X78121_at,0.202152432951305,FALSE,FALSE
3498,6254,Z80345_rna1_s_at,0.20223613861451,FALSE,FALSE
3499,6424,X51362_s_at,0.203278671040863,FALSE,FALSE
3500,1353,L17325_at,0.203322151797581,FALSE,FALSE
3501,1506,L36051_at,0.203427595369108,FALSE,FALSE
3502,4319,X58723_at,0.203699065384802,FALSE,FALSE
3503,2,AFFX-BioB-M_at,0.203743670987982,FALSE,FALSE
3504,3539,U64105_at,0.203852041966824,FALSE,FALSE
3505,4314,X58255_at,0.203947479224053,FALSE,FALSE
3506,5085,Z22865_at,0.203968923978316,FALSE,FALSE
3507,672,D86971_at,0.203991245418555,FALSE,FALSE
3508,1663,L78267_at,0.204001797556554,FALSE,FALSE
3509,1816,M22092_at,0.204050817232103,FALSE,FALSE
3510,1166,K02574_at,0.20424479845542,FALSE,FALSE
3511,3589,U66669_at,0.204286058730881,FALSE,FALSE
3512,3667,U72517_at,0.204315291652556,FALSE,FALSE
3513,6335,S81661_s_at,0.204493977729105,FALSE,FALSE
3514,3509,U62317_rna6_at,0.204577756992817,FALSE,FALSE
3515,2812,U15197_at,0.204817593815799,FALSE,FALSE
3516,3055,U32907_at,0.205299098270749,FALSE,FALSE
3517,54,AFFX-HSAC07/X00351_3_st,0.205313508114572,FALSE,FALSE
3518,474,D50645_at,0.205615815536111,FALSE,FALSE
3519,1398,L21934_at,0.205652620289472,FALSE,FALSE
3520,3197,U42390_at,0.205727474843073,FALSE,FALSE
3521,3027,U31176_at,0.205890993972471,FALSE,FALSE
3522,35,AFFX-HUMISGF3A/M97935_5_at,0.206113190751607,FALSE,FALSE
3523,1968,M34065_at,0.206290898450225,FALSE,FALSE
3524,2839,U17163_at,0.206292481771519,FALSE,FALSE
3525,4161,X15218_at,0.206385711424113,FALSE,FALSE
3526,2508,S77763_at,0.206758845475905,FALSE,FALSE
3527,723,D87452_at,0.207018683577733,FALSE,FALSE
3528,2964,U26648_at,0.207119761391006,FALSE,FALSE
3529,11,AFFX-BioB-M_st,0.207165611147454,FALSE,FALSE
3530,6928,X72304_at,0.207324472760165,FALSE,FALSE
3531,6981,M96956_at,0.2073775715449,FALSE,FALSE
3532,6183,Y00081_s_at,0.207411816252559,FALSE,FALSE
3533,4487,X69636_at,0.207474011990903,FALSE,FALSE
3534,832,HG2264-HT2360_at,0.207528770130994,FALSE,FALSE
3535,4901,X99076_rna1_at,0.207691098447854,FALSE,FALSE
3536,757,D88213_at,0.207931623265485,FALSE,FALSE
3537,5038,Y12556_at,0.20797971080884,FALSE,FALSE
3538,3248,U46025_at,0.208190034647498,FALSE,FALSE
3539,4713,X84707_rna1_at,0.208274317763322,FALSE,FALSE
3540,787,HG1019-HT1019_at,0.208643236699745,FALSE,FALSE
3541,1516,L36844_at,0.208708967002091,FALSE,FALSE
3542,1309,L13391_at,0.208835976386041,FALSE,FALSE
3543,4409,X64594_at,0.2088968081193,FALSE,FALSE
3544,3313,U49857_at,0.209256640794547,FALSE,FALSE
3545,5165,Z48633_at,0.209370904881967,FALSE,FALSE
3546,5696,J03260_s_at,0.209683944841496,FALSE,FALSE
3547,237,D14686_at,0.209736496124611,FALSE,FALSE
3548,3750,U79246_at,0.209808810195724,FALSE,FALSE
3549,3474,U60062_at,0.210029592575861,FALSE,FALSE
3550,3704,U76421_at,0.210094557509094,FALSE,FALSE
3551,1110,J04173_at,0.210207324043167,FALSE,FALSE
3552,523,D63482_at,0.210227859915877,FALSE,FALSE
3553,34,AFFX-TrpnX-3_at,0.210303860116024,FALSE,FALSE
3554,5761,L08835_rna2_s_at,0.210521395711658,FALSE,FALSE
3555,1332,L14813_at,0.210639672159477,FALSE,FALSE
3556,2797,U14968_at,0.210715765296834,FALSE,FALSE
3557,2144,M64082_at,0.210749584199863,FALSE,FALSE
3558,1832,M23114_at,0.210762052393618,FALSE,FALSE
3559,4123,X12662_rna1_at,0.210844112529818,FALSE,FALSE
3560,2991,U28687_at,0.210867224801218,FALSE,FALSE
3561,5609,X14085_s_at,0.211041172080452,FALSE,FALSE
3562,3732,U78190_rna1_at,0.211041638639614,FALSE,FALSE
3563,4163,X15341_at,0.211088031801281,FALSE,FALSE
3564,985,HG4194-HT4464_at,0.211263469146926,FALSE,FALSE
3565,5531,AJ000099_s_at,0.211371349903603,FALSE,FALSE
3566,5298,L07648_at,0.211427408317621,FALSE,FALSE
3567,979,HG4157-HT4427_at,0.211438534369417,FALSE,FALSE
3568,6546,U41163_s_at,0.211807424224548,FALSE,FALSE
3569,1321,L13972_at,0.211831294070118,FALSE,FALSE
3570,6755,HG4340-HT4610_at,0.212020994971414,FALSE,FALSE
3571,2450,S61953_at,0.212128241380935,FALSE,FALSE
3572,7003,X14767_at,0.212517594871214,FALSE,FALSE
3573,6490,U14577_s_at,0.212870720591766,FALSE,FALSE
3574,3278,U48213_at,0.212927859223986,FALSE,FALSE
3575,6429,U31929_s_at,0.213044601991136,FALSE,FALSE
3576,948,HG3934-HT4204_at,0.213098390430684,FALSE,FALSE
3577,1462,L31584_at,0.213131974687053,FALSE,FALSE
3578,4484,X69398_at,0.213232294922233,FALSE,FALSE
3579,1289,L11566_at,0.213235403901235,FALSE,FALSE
3580,3618,U68488_at,0.213252125074453,FALSE,FALSE
3581,6131,L42374_s_at,0.213365027255251,FALSE,FALSE
3582,6423,S69370_s_at,0.213460178797374,FALSE,FALSE
3583,5214,Z81326_at,0.213464440656074,FALSE,FALSE
3584,2612,U03272_at,0.214089159415148,FALSE,FALSE
3585,217,D13897_rna2_at,0.21425404627513,FALSE,FALSE
3586,5692,D89377_s_at,0.214313767343463,FALSE,FALSE
3587,2109,M62486_at,0.214613213333641,FALSE,FALSE
3588,3176,U40992_at,0.214675971373137,FALSE,FALSE
3589,2512,S78203_at,0.214889301666848,FALSE,FALSE
3590,6203,M17236_s_at,0.214936596951393,FALSE,FALSE
3591,755,D88146_at,0.214971173942531,FALSE,FALSE
3592,4471,X68487_at,0.215231984083458,FALSE,FALSE
3593,2118,M62958_at,0.215549862664431,FALSE,FALSE
3594,2921,U22377_at,0.216003428025164,FALSE,FALSE
3595,6024,L03840_s_at,0.216415286621152,FALSE,FALSE
3596,4891,X98307_at,0.216437487099945,FALSE,FALSE
3597,2572,U00952_at,0.216505705558165,FALSE,FALSE
3598,1713,M14113_at,0.216530748896117,FALSE,FALSE
3599,6763,M21388_r_at,0.2166206825979,FALSE,FALSE
3600,469,D50495_at,0.21669156247033,FALSE,FALSE
3601,5853,HG3638-HT3993_s_at,0.216714569032087,FALSE,FALSE
3602,1075,J03258_at,0.216792646515017,FALSE,FALSE
3603,3989,U95626_rna1_at,0.216939275410595,FALSE,FALSE
3604,6312,M37457_s_at,0.217183003178551,FALSE,FALSE
3605,7016,Z14978_at,0.217237260755389,FALSE,FALSE
3606,4404,X64229_at,0.217581422669594,FALSE,FALSE
3607,5829,M31520_rna1_at,0.217592259873667,FALSE,FALSE
3608,5791,HG2797-HT2905_at,0.217732164322132,FALSE,FALSE
3609,6689,X66894_s_at,0.218403346560701,FALSE,FALSE
3610,546,D64159_at,0.218426171862431,FALSE,FALSE
3611,956,HG3987-HT4257_at,0.21846463414644,FALSE,FALSE
3612,5567,D13720_s_at,0.218634060506697,FALSE,FALSE
3613,2234,M77232_rna1_at,0.218845464426955,FALSE,FALSE
3614,2028,M55420_at,0.219244336033106,FALSE,FALSE
3615,1765,M17885_at,0.219838661840008,FALSE,FALSE
3616,4380,X62822_at,0.219965417937169,FALSE,FALSE
3617,5669,U50822_rna1_s_at,0.219988984018305,FALSE,FALSE
3618,6670,X56681_s_at,0.220336608087739,FALSE,FALSE
3619,4692,X82895_at,0.220563381523414,FALSE,FALSE
3620,7074,M77481_rna1_f_at,0.220725493117158,FALSE,FALSE
3621,3638,U70451_at,0.220946565129274,FALSE,FALSE
3622,6668,X16660_cds1_s_at,0.220970036535304,FALSE,FALSE
3623,5329,M14758_at,0.221077940601601,FALSE,FALSE
3624,1359,L18983_at,0.221283702043569,FALSE,FALSE
3625,959,HG3993-HT4263_at,0.221519966941036,FALSE,FALSE
3626,4741,X86693_at,0.221950308000746,FALSE,FALSE
3627,5726,J03915_s_at,0.222067920351475,FALSE,FALSE
3628,3950,U90916_at,0.222089804031967,FALSE,FALSE
3629,4491,X69878_at,0.22220111765854,FALSE,FALSE
3630,4127,X13227_at,0.222216302268122,FALSE,FALSE
3631,6622,Y09943_s_at,0.222309553680994,FALSE,FALSE
3632,1768,M18079_at,0.222435551872875,FALSE,FALSE
3633,549,D76435_at,0.22246600934687,FALSE,FALSE
3634,4239,X52638_at,0.222564360491217,FALSE,FALSE
3635,6296,U22178_s_at,0.222605277790055,FALSE,FALSE
3636,1653,L77559_at,0.222802474574707,FALSE,FALSE
3637,6858,M35999_at,0.222916964339278,FALSE,FALSE
3638,1714,M14123_xpt2_at,0.223006028064406,FALSE,FALSE
3639,472,D50582_at,0.223012844858852,FALSE,FALSE
3640,1025,HG620-HT620_at,0.223119328928969,FALSE,FALSE
3641,1890,M28249_at,0.223127928878658,FALSE,FALSE
3642,4656,X80915_rna1_at,0.223292513550877,FALSE,FALSE
3643,4290,X56465_at,0.223312009675818,FALSE,FALSE
3644,1453,L29008_at,0.223353200963833,FALSE,FALSE
3645,3473,U60060_at,0.223586002261649,FALSE,FALSE
3646,3541,U64198_at,0.223715887580621,FALSE,FALSE
3647,2967,U26726_at,0.223924932948507,FALSE,FALSE
3648,1057,J02854_at,0.223977621884853,FALSE,FALSE
3649,2539,S81944_at,0.22402094284987,FALSE,FALSE
3650,5724,HG1761-HT1778_s_at,0.224671794538067,FALSE,FALSE
3651,4065,X04571_at,0.225170139893643,FALSE,FALSE
3652,1581,L40402_at,0.225171926914459,FALSE,FALSE
3653,3003,U29615_at,0.225438567259271,FALSE,FALSE
3654,3812,U80628_at,0.225747744291292,FALSE,FALSE
3655,947,HG3930-HT4200_at,0.225824673160268,FALSE,FALSE
3656,6302,X13955_s_at,0.225830631727581,FALSE,FALSE
3657,1923,M31153_at,0.226179696439233,FALSE,FALSE
3658,5819,X02761_s_at,0.226326996813874,FALSE,FALSE
3659,3289,U48736_at,0.226530199341152,FALSE,FALSE
3660,4401,X63759_at,0.226905584657111,FALSE,FALSE
3661,5124,Z33905_at,0.22712367424053,FALSE,FALSE
3662,4222,X51956_rna1_at,0.227397660710372,FALSE,FALSE
3663,2829,U16296_at,0.227448668504132,FALSE,FALSE
3664,2997,U29091_at,0.227519047382638,FALSE,FALSE
3665,2827,U16261_at,0.227876579436662,FALSE,FALSE
3666,4284,X55885_at,0.228196164053069,FALSE,FALSE
3667,6291,M32879_at,0.228235777999024,FALSE,FALSE
3668,1340,L15409_at,0.228351421690043,FALSE,FALSE
3669,1089,J03824_at,0.228537660108972,FALSE,FALSE
3670,5707,M19828_s_at,0.228723148625085,FALSE,FALSE
3671,4902,X99101_at,0.228857863864064,FALSE,FALSE
3672,586,D80002_at,0.228867919223771,FALSE,FALSE
3673,3679,U73330_at,0.228884920908162,FALSE,FALSE
3674,6733,HG3996-HT4266_at,0.229042467676243,FALSE,FALSE
3675,1853,M25077_at,0.229056197517157,FALSE,FALSE
3676,6742,HG2171-HT2241_r_at,0.229286203798643,FALSE,FALSE
3677,2831,U16660_at,0.229508471321941,FALSE,FALSE
3678,580,D79995_at,0.229659711477946,FALSE,FALSE
3679,2200,M74047_at,0.230068925341593,FALSE,FALSE
3680,967,HG4052-HT4322_at,0.230466961440635,FALSE,FALSE
3681,1988,M35878_at,0.230662795393822,FALSE,FALSE
3682,3018,U30872_at,0.230871475139982,FALSE,FALSE
3683,4036,X02750_at,0.231097391197119,FALSE,FALSE
3684,4300,X56997_rna1_at,0.231142687064435,FALSE,FALSE
3685,1961,M33653_at,0.231145547706408,FALSE,FALSE
3686,140,AF006087_at,0.231189073953038,FALSE,FALSE
3687,4332,X59656_at,0.23123940322954,FALSE,FALSE
3688,1911,M29927_at,0.231474895752479,FALSE,FALSE
3689,2345,M91036_rna1_at,0.231639544516893,FALSE,FALSE
3690,3917,U89606_at,0.231684581094851,FALSE,FALSE
3691,2238,M77810_at,0.231877311841803,FALSE,FALSE
3692,1957,M33478_at,0.232049270198839,FALSE,FALSE
3693,2757,U12404_at,0.232544464540006,FALSE,FALSE
3694,3708,U77129_at,0.232624881945322,FALSE,FALSE
3695,6871,M90354_at,0.232737616333739,FALSE,FALSE
3696,4287,X56199_at,0.232827762942078,FALSE,FALSE
3697,2003,M37721_at,0.232879883299293,FALSE,FALSE
3698,6151,U64315_s_at,0.233264056410899,FALSE,FALSE
3699,536,D63878_at,0.233307738010838,FALSE,FALSE
3700,5313,L22569_at,0.233402980525725,FALSE,FALSE
3701,824,HG2167-HT2237_at,0.233978457240014,FALSE,FALSE
3702,6293,M58286_s_at,0.234361747969213,FALSE,FALSE
3703,216,D13789_at,0.234611903212802,FALSE,FALSE
3704,2506,S77576_at,0.234846486375593,FALSE,FALSE
3705,6607,U66726_at,0.23490801281205,FALSE,FALSE
3706,619,D83767_at,0.234932271632792,FALSE,FALSE
3707,4673,X82068_at,0.23546439147366,FALSE,FALSE
3708,5926,J00105_s_at,0.235500587082003,FALSE,FALSE
3709,471,D50532_at,0.235599594264759,FALSE,FALSE
3710,94,AB006190_at,0.235711338866316,FALSE,FALSE
3711,4984,Y09216_at,0.235722378133536,FALSE,FALSE
3712,3612,U68111_at,0.235835985872326,FALSE,FALSE
3713,6942,Z47556_rna2_at,0.235965181521367,FALSE,FALSE
3714,1686,M11726_at,0.235967044752682,FALSE,FALSE
3715,4772,X89985_at,0.236552853427054,FALSE,FALSE
3716,43,AFFX-HUMGAPDH/M33197_M_at,0.236892684529063,FALSE,FALSE
3717,5446,X05309_at,0.23693986338277,FALSE,FALSE
3718,2823,U16126_at,0.237172605403367,FALSE,FALSE
3719,3414,U56814_at,0.237397709628384,FALSE,FALSE
3720,4413,X64810_at,0.237445898311727,FALSE,FALSE
3721,1503,L35592_at,0.237465836701264,FALSE,FALSE
3722,4321,X58987_at,0.23756314775646,FALSE,FALSE
3723,3730,U78107_at,0.237700751245166,FALSE,FALSE
3724,3232,U44755_at,0.237801825915919,FALSE,FALSE
3725,5986,M69203_s_at,0.23795368776664,FALSE,FALSE
3726,3362,U52111_rna3_at,0.238230517102667,FALSE,FALSE
3727,1735,M15517_cds5_at,0.238518772081069,FALSE,FALSE
3728,5539,X02419_rna1_s_at,0.238617085539435,FALSE,FALSE
3729,753,D87969_at,0.238640826717675,FALSE,FALSE
3730,5923,M10277_s_at,0.238768610830828,FALSE,FALSE
3731,4619,X78992_at,0.238854828112261,FALSE,FALSE
3732,5030,Y11651_at,0.238867461744783,FALSE,FALSE
3733,6594,U60808_s_at,0.238937413917661,FALSE,FALSE
3734,3942,U90908_at,0.238939468243722,FALSE,FALSE
3735,6036,M88461_s_at,0.239044195811297,FALSE,FALSE
3736,121,AF000430_at,0.2391020391785,FALSE,FALSE
3737,3500,U61263_at,0.239138405242485,FALSE,FALSE
3738,808,HG1723-HT1729_at,0.239490200554052,FALSE,FALSE
3739,5830,M31520_rna1_s_at,0.23964692309528,FALSE,FALSE
3740,2722,U09825_at,0.239696127766523,FALSE,FALSE
3741,2459,S67325_at,0.239783106720358,FALSE,FALSE
3742,72,AB000468_at,0.239844258233432,FALSE,FALSE
3743,2187,M69066_at,0.23988657459364,FALSE,FALSE
3744,6930,X78712_at,0.23990483077024,FALSE,FALSE
3745,2448,S59049_at,0.239957565912416,FALSE,FALSE
3746,1304,L13210_at,0.240159056263868,FALSE,FALSE
3747,2069,M59964_at,0.240304222688286,FALSE,FALSE
3748,4310,X57959_at,0.240517896922159,FALSE,FALSE
3749,4669,X81889_at,0.240687209639039,FALSE,FALSE
3750,6453,S83362_s_at,0.240691070600334,FALSE,FALSE
3751,1377,L19783_at,0.240706591385061,FALSE,FALSE
3752,79,AB001325_at,0.240733458404836,FALSE,FALSE
3753,7109,D64015_at,0.240837014661445,FALSE,FALSE
3754,2208,M74297_at,0.241067167097636,FALSE,FALSE
3755,6328,M58525_s_at,0.24112453242744,FALSE,FALSE
3756,584,D79999_at,0.241161544292644,FALSE,FALSE
3757,2127,M63262_at,0.241224217016758,FALSE,FALSE
3758,2971,U27185_at,0.241725517423118,FALSE,FALSE
3759,686,D87009_cds3_at,0.241758240857757,FALSE,FALSE
3760,3896,U87972_at,0.241814563836697,FALSE,FALSE
3761,4088,X06389_at,0.241870406161287,FALSE,FALSE
3762,974,HG4114-HT4384_at,0.241901665988892,FALSE,FALSE
3763,6370,M81181_s_at,0.241980385022043,FALSE,FALSE
3764,1889,M28219_at,0.242131998071018,FALSE,FALSE
3765,6398,X68985_s_at,0.242268634135797,FALSE,FALSE
3766,4106,X07732_at,0.24248795620341,FALSE,FALSE
3767,5459,X52075_rna1_at,0.242509592968349,FALSE,FALSE
3768,1920,M30894_at,0.242529900938688,FALSE,FALSE
3769,252,D15050_at,0.24258326299791,FALSE,FALSE
3770,6576,U49957_s_at,0.243051150589577,FALSE,FALSE
3771,2269,M82882_at,0.243078474951468,FALSE,FALSE
3772,4392,X63563_at,0.243439894467308,FALSE,FALSE
3773,5223,Z83805_at,0.243461142686548,FALSE,FALSE
3774,740,D87470_at,0.243967846374183,FALSE,FALSE
3775,2453,S65583_rna1_at,0.244131475392079,FALSE,FALSE
3776,4465,X68194_at,0.244140178635743,FALSE,FALSE
3777,5353,M73548_at,0.244141145888258,FALSE,FALSE
3778,4263,X54380_at,0.244198168644601,FALSE,FALSE
3779,6884,U01317_cds4_at,0.244301168207959,FALSE,FALSE
3780,6958,J03634_at,0.244417721140419,FALSE,FALSE
3781,6425,S72024_s_at,0.244448447013806,FALSE,FALSE
3782,1116,J04543_at,0.244508970091603,FALSE,FALSE
3783,4952,Y07683_at,0.24468769642243,FALSE,FALSE
3784,5914,HG884-HT884_s_at,0.244729143370496,FALSE,FALSE
3785,1610,L42176_at,0.24510462498374,FALSE,FALSE
3786,3394,U53786_at,0.245214453051268,FALSE,FALSE
3787,694,D87075_at,0.245424817733567,FALSE,FALSE
3788,1815,M22005_at,0.24598776570131,FALSE,FALSE
3789,2614,U03398_at,0.246221580850716,FALSE,FALSE
3790,395,D38503_at,0.246328273668992,FALSE,FALSE
3791,4554,X75315_at,0.246628858641946,FALSE,FALSE
3792,6914,X00949_at,0.246904762327756,FALSE,FALSE
3793,2728,U10117_at,0.247058736265359,FALSE,FALSE
3794,1984,M35252_at,0.247059257397371,FALSE,FALSE
3795,6630,U79115_s_at,0.247067888239955,FALSE,FALSE
3796,2372,M93426_at,0.247327979839427,FALSE,FALSE
3797,6722,Z48519_s_at,0.247331830630667,FALSE,FALSE
3798,4739,X86681_at,0.247549492609502,FALSE,FALSE
3799,4782,X90908_at,0.247673820001965,FALSE,FALSE
3800,5095,Z25535_at,0.248044745515615,FALSE,FALSE
3801,4615,X78924_at,0.248084949469299,FALSE,FALSE
3802,5324,L78833_cds1_at,0.24812058217085,FALSE,FALSE
3803,6060,X65727_cds2_s_at,0.248450637363649,FALSE,FALSE
3804,5168,Z48950_at,0.248482531864703,FALSE,FALSE
3805,2717,U09607_at,0.248677944874629,FALSE,FALSE
3806,1275,L10665_at,0.248939642473762,FALSE,FALSE
3807,6433,S75881_s_at,0.249222948518688,FALSE,FALSE
3808,2113,M62800_at,0.249698487620943,FALSE,FALSE
3809,1293,L11708_at,0.249709863096999,FALSE,FALSE
3810,966,HG4051-HT4321_at,0.249851703403799,FALSE,FALSE
3811,1315,L13738_at,0.250716026634343,FALSE,FALSE
3812,3945,U90911_at,0.250766888784416,FALSE,FALSE
3813,1493,L34673_at,0.251145019200947,FALSE,FALSE
3814,4916,X99657_at,0.251155296954813,FALSE,FALSE
3815,2662,U07223_at,0.251250949472705,FALSE,FALSE
3816,6511,U24488_s_at,0.251251254182064,FALSE,FALSE
3817,6905,U66077_at,0.251259646698957,FALSE,FALSE
3818,1782,M19720_rna1_at,0.251304216007191,FALSE,FALSE
3819,1993,M36341_at,0.251751799578252,FALSE,FALSE
3820,7002,X12953_at,0.251949896849646,FALSE,FALSE
3821,4927,X99961_at,0.251959238281632,FALSE,FALSE
3822,5207,Z78289_at,0.252199766612572,FALSE,FALSE
3823,1452,L28997_at,0.252219940955169,FALSE,FALSE
3824,2567,U00930_at,0.252327110290731,FALSE,FALSE
3825,1435,L26339_at,0.252513243865475,FALSE,FALSE
3826,2310,M86808_at,0.252635771036927,FALSE,FALSE
3827,2251,M80783_at,0.252723945633753,FALSE,FALSE
3828,6292,M32879_s_at,0.252992257028869,FALSE,FALSE
3829,6226,M21142_cds2_s_at,0.253271373666066,FALSE,FALSE
3830,5892,HG4668-HT5083_s_at,0.253306489941946,FALSE,FALSE
3831,728,D87458_at,0.253453642493872,FALSE,FALSE
3832,64,AB000409_at,0.253511672353924,FALSE,FALSE
3833,3762,U79259_at,0.253674482446574,FALSE,FALSE
3834,381,D37931_at,0.254026371079399,FALSE,FALSE
3835,5849,J03242_s_at,0.254032785669146,FALSE,FALSE
3836,6099,L27559_s_at,0.254055084713279,FALSE,FALSE
3837,5482,X75918_at,0.254066636727145,FALSE,FALSE
3838,2095,M60922_at,0.25416022578244,FALSE,FALSE
3839,1759,M17219_at,0.254169053083555,FALSE,FALSE
3840,1169,K03008_cds2_at,0.254489582571446,FALSE,FALSE
3841,4544,X74794_at,0.254501851690727,FALSE,FALSE
3842,715,D87444_at,0.254696045600855,FALSE,FALSE
3843,1633,L48516_at,0.254739405046455,FALSE,FALSE
3844,4994,Y09858_at,0.254858666343614,FALSE,FALSE
3845,4707,X83973_at,0.255681928215845,FALSE,FALSE
3846,188,D12676_at,0.255999955228747,FALSE,FALSE
3847,3697,U75370_at,0.256238860507735,FALSE,FALSE
3848,3423,U57099_at,0.25632590591002,FALSE,FALSE
3849,4959,Y07829_xpt4_at,0.256572754246162,FALSE,FALSE
3850,3527,U63312_at,0.256718871537856,FALSE,FALSE
3851,1608,L41939_at,0.256912208002055,FALSE,FALSE
3852,2092,M60830_at,0.256919842403775,FALSE,FALSE
3853,7120,U48730_at,0.25704252199126,FALSE,FALSE
3854,295,D25216_at,0.257218226680015,FALSE,FALSE
3855,3408,U56085_at,0.257233512701406,FALSE,FALSE
3856,4382,X63187_at,0.257300349325952,FALSE,FALSE
3857,1114,J04469_at,0.257471191773544,FALSE,FALSE
3858,807,HG172-HT3924_at,0.257620706408425,FALSE,FALSE
3859,4299,X56932_at,0.257984199318192,FALSE,FALSE
3860,4335,X59727_at,0.258015504117629,FALSE,FALSE
3861,7012,X96754_at,0.25826481578523,FALSE,FALSE
3862,5686,X51755_cds5_s_at,0.258423375951633,FALSE,FALSE
3863,2283,M83772_at,0.258575751806876,FALSE,FALSE
3864,768,D89016_at,0.258770644250678,FALSE,FALSE
3865,1360,L19058_at,0.258841760554324,FALSE,FALSE
3866,5208,Z78290_at,0.25906169609508,FALSE,FALSE
3867,2021,M55153_at,0.25914893103657,FALSE,FALSE
3868,4444,X66534_at,0.259175480978352,FALSE,FALSE
3869,6535,X82850_s_at,0.259182132328904,FALSE,FALSE
3870,2751,U11870_rna1_at,0.259214648698509,FALSE,FALSE
3871,1548,L38933_rna1_at,0.259522647143716,FALSE,FALSE
3872,1738,M15780_at,0.260009136962462,FALSE,FALSE
3873,3120,U37359_at,0.260158477603324,FALSE,FALSE
3874,5905,Z68280_cds2_s_at,0.26017868158914,FALSE,FALSE
3875,941,HG3790-HT4060_at,0.260198411346276,FALSE,FALSE
3876,3180,U41371_at,0.260414023856491,FALSE,FALSE
3877,5379,U09279_at,0.260857212658554,FALSE,FALSE
3878,4904,X99141_at,0.260956247901272,FALSE,FALSE
3879,3438,U58033_at,0.2610226003564,FALSE,FALSE
3880,6837,L05187_at,0.261045049212755,FALSE,FALSE
3881,1037,HG870-HT870_at,0.261380642700248,FALSE,FALSE
3882,5519,Y12393_s_at,0.26164187764546,FALSE,FALSE
3883,837,HG2309-HT2405_at,0.261669061174013,FALSE,FALSE
3884,415,D42046_at,0.261717712176851,FALSE,FALSE
3885,2484,S74017_at,0.261750789549196,FALSE,FALSE
3886,6282,M31241_s_at,0.261882155458441,FALSE,FALSE
3887,2145,M64098_at,0.26194691777354,FALSE,FALSE
3888,7090,X53065_f_at,0.262078053763208,FALSE,FALSE
3889,3073,U33849_at,0.262188446187366,FALSE,FALSE
3890,952,HG3962-HT4232_at,0.262311273457221,FALSE,FALSE
3891,5608,U10473_s_at,0.262661517554212,FALSE,FALSE
3892,384,D38047_at,0.262811599067623,FALSE,FALSE
3893,5470,X64994_at,0.26290539232254,FALSE,FALSE
3894,6551,Z47038_s_at,0.263012504842056,FALSE,FALSE
3895,769,D89050_at,0.263052544233983,FALSE,FALSE
3896,3081,U34605_at,0.263186030136373,FALSE,FALSE
3897,3067,U33761_at,0.263381052070952,FALSE,FALSE
3898,1392,L20859_at,0.263431428404644,FALSE,FALSE
3899,846,HG2460-HT2556_at,0.263626398681765,FALSE,FALSE
3900,2007,M37825_at,0.26372916965902,FALSE,FALSE
3901,3436,U57911_at,0.263731960352768,FALSE,FALSE
3902,2502,S77361_at,0.264036436188868,FALSE,FALSE
3903,6468,U07969_s_at,0.264286549842745,FALSE,FALSE
3904,6568,U45448_s_at,0.264327589226414,FALSE,FALSE
3905,3691,U73843_at,0.264636275036232,FALSE,FALSE
3906,955,HG3985-HT4255_at,0.264925761352531,FALSE,FALSE
3907,174,D10511_at,0.26494310573837,FALSE,FALSE
3908,3675,U73167_cds7_at,0.26501172162628,FALSE,FALSE
3909,990,HG4263-HT4533_at,0.265321866861399,FALSE,FALSE
3910,5588,D17570_s_at,0.265401707306281,FALSE,FALSE
3911,7097,X01677_f_at,0.26550160285494,FALSE,FALSE
3912,5236,AB002332_at,0.265734995152783,FALSE,FALSE
3913,7088,X00090_f_at,0.265791682285458,FALSE,FALSE
3914,1162,K02215_at,0.265804349206618,FALSE,FALSE
3915,4339,X59812_at,0.266427803584813,FALSE,FALSE
3916,4548,X74837_at,0.266576046642108,FALSE,FALSE
3917,6707,X83535_s_at,0.26660377249454,FALSE,FALSE
3918,2694,U08989_at,0.266834144659153,FALSE,FALSE
3919,1224,L06633_at,0.26755090375306,FALSE,FALSE
3920,1067,J02973_rna1_at,0.268138054308013,FALSE,FALSE
3921,3677,U73304_rna1_at,0.268692060451918,FALSE,FALSE
3922,3908,U89335_cds2_at,0.268694030958059,FALSE,FALSE
3923,4766,X89426_at,0.268712642366283,FALSE,FALSE
3924,30,AFFX-ThrX-M_at,0.26881577277896,FALSE,FALSE
3925,5057,Z12830_at,0.268943078299466,FALSE,FALSE
3926,3192,U41898_at,0.269064858708451,FALSE,FALSE
3927,4789,X91220_at,0.270278066372364,FALSE,FALSE
3928,2735,U10550_at,0.27040533039191,FALSE,FALSE
3929,6621,U72509_s_at,0.270644122296658,FALSE,FALSE
3930,1272,L10386_at,0.270749300795904,FALSE,FALSE
3931,5641,M19311_at,0.270802629959283,FALSE,FALSE
3932,4415,X64878_at,0.271065057129831,FALSE,FALSE
3933,22,AFFX-DapX-3_at,0.271589757020997,FALSE,FALSE
3934,5962,X51441_at,0.271935328234445,FALSE,FALSE
3935,2651,U06452_at,0.271989541559898,FALSE,FALSE
3936,1609,L42025_rna1_at,0.27199482703187,FALSE,FALSE
3937,6976,M36634_at,0.272105439097969,FALSE,FALSE
3938,3366,U52152_at,0.272136424947968,FALSE,FALSE
3939,4840,X95404_at,0.272210975768665,FALSE,FALSE
3940,662,D86961_at,0.272807834769142,FALSE,FALSE
3941,5374,S77410_at,0.272977603108911,FALSE,FALSE
3942,77,AB000905_at,0.27310852519239,FALSE,FALSE
3943,6812,D49728_at,0.273633060755236,FALSE,FALSE
3944,564,D78367_at,0.273728935981783,FALSE,FALSE
3945,3103,U36601_at,0.273837345004497,FALSE,FALSE
3946,2961,U26398_at,0.274016916181758,FALSE,FALSE
3947,1182,L01042_at,0.274578209297046,FALSE,FALSE
3948,113,AC002486_at,0.274587256603371,FALSE,FALSE
3949,3357,U51903_at,0.274594815351464,FALSE,FALSE
3950,1990,M36089_at,0.274601306410603,FALSE,FALSE
3951,1088,J03810_at,0.274828010004556,FALSE,FALSE
3952,1757,M16967_at,0.274846673694786,FALSE,FALSE
3953,4462,X67734_at,0.274881097366793,FALSE,FALSE
3954,1036,HG846-HT846_at,0.274923545713553,FALSE,FALSE
3955,269,D17391_at,0.275687517095625,FALSE,FALSE
3956,6171,M13829_s_at,0.276115745902722,FALSE,FALSE
3957,4019,X00371_rna1_at,0.276324175170482,FALSE,FALSE
3958,2810,U15174_at,0.276337130057957,FALSE,FALSE
3959,576,D79991_at,0.276439249950243,FALSE,FALSE
3960,268,D17390_at,0.276558870137976,FALSE,FALSE
3961,2277,M83308_at,0.276666480253316,FALSE,FALSE
3962,2806,U15128_at,0.276736291043703,FALSE,FALSE
3963,1016,HG4716-HT5158_at,0.276798840957872,FALSE,FALSE
3964,1514,L36720_at,0.277185080368934,FALSE,FALSE
3965,371,D31885_at,0.277192232403764,FALSE,FALSE
3966,338,D28915_at,0.277452213123174,FALSE,FALSE
3967,326,D28118_at,0.277714662113133,FALSE,FALSE
3968,657,D86640_at,0.277932754992659,FALSE,FALSE
3969,913,HG3369-HT3546_at,0.278438360745163,FALSE,FALSE
3970,6893,U24685_at,0.278443746157608,FALSE,FALSE
3971,5697,HG1728-HT1734_at,0.278491817189013,FALSE,FALSE
3972,4595,X77737_at,0.278930114185425,FALSE,FALSE
3973,422,D42073_at,0.279153888113848,FALSE,FALSE
3974,6814,D90042_at,0.279166402706208,FALSE,FALSE
3975,5386,U16307_at,0.279169777740779,FALSE,FALSE
3976,2446,S58544_at,0.279787980839216,FALSE,FALSE
3977,6416,S57153_s_at,0.279860064396027,FALSE,FALSE
3978,1567,L40377_at,0.280001747146856,FALSE,FALSE
3979,1813,M21984_at,0.28000268599772,FALSE,FALSE
3980,3630,U69961_at,0.280255231356374,FALSE,FALSE
3981,2585,U01317_cds6_at,0.280353095491729,FALSE,FALSE
3982,3994,U96114_at,0.28040439998261,FALSE,FALSE
3983,3521,U62962_at,0.280669703778721,FALSE,FALSE
3984,2219,M75110_at,0.280818407913655,FALSE,FALSE
3985,107,AC002115_cds1_at,0.280855396102588,FALSE,FALSE
3986,4529,X73608_at,0.281170500270108,FALSE,FALSE
3987,2151,M64497_at,0.281438212396506,FALSE,FALSE
3988,1199,L04270_at,0.281712409220949,FALSE,FALSE
3989,3767,U79266_at,0.282149449962413,FALSE,FALSE
3990,1085,J03764_at,0.28215786855559,FALSE,FALSE
3991,6595,U61276_s_at,0.282343001501981,FALSE,FALSE
3992,4942,Y00764_at,0.282373664143181,FALSE,FALSE
3993,4118,X12453_at,0.282447789813145,FALSE,FALSE
3994,1415,L24203_at,0.282506190197877,FALSE,FALSE
3995,1970,M34175_at,0.282667272925393,FALSE,FALSE
3996,6229,Z20656_rna1_s_at,0.282977297861806,FALSE,FALSE
3997,5576,HG2075-HT2137_s_at,0.283098426169288,FALSE,FALSE
3998,5381,U10886_at,0.283135883699691,FALSE,FALSE
3999,2552,S83364_at,0.283801208970165,FALSE,FALSE
4000,926,HG3514-HT3708_at,0.283988040085044,FALSE,FALSE
4001,5064,Z15108_at,0.284010481830648,FALSE,FALSE
4002,3833,U82303_at,0.28403310430805,FALSE,FALSE
4003,4145,X14362_at,0.284162656874354,FALSE,FALSE
4004,363,D31766_at,0.284243541228805,FALSE,FALSE
4005,3053,U32680_at,0.284277033155912,FALSE,FALSE
4006,5099,Z26317_at,0.284425720671451,FALSE,FALSE
4007,4224,X52001_at,0.284490451681984,FALSE,FALSE
4008,3794,U79302_at,0.284522533867776,FALSE,FALSE
4009,3247,U46024_at,0.284548067969066,FALSE,FALSE
4010,5730,HG1783-HT1803_s_at,0.284887531769945,FALSE,FALSE
4011,6,AFFX-BioDn-5_at,0.284915534754075,FALSE,FALSE
4012,2780,U13737_at,0.28494059041584,FALSE,FALSE
4013,4815,X93036_at,0.284963543784341,FALSE,FALSE
4014,3733,U78313_at,0.285138328918059,FALSE,FALSE
4015,20,AFFX-DapX-5_at,0.285262189908914,FALSE,FALSE
4016,2011,M54927_at,0.285564843123301,FALSE,FALSE
4017,2156,M64595_at,0.285599592901692,FALSE,FALSE
4018,2415,M97496_at,0.28570695904337,FALSE,FALSE
4019,561,D78334_at,0.285717289118614,FALSE,FALSE
4020,6819,HG2600-HT2696_at,0.286231164097976,FALSE,FALSE
4021,1494,L34820_at,0.286606651442114,FALSE,FALSE
4022,4467,X68264_rna1_at,0.286619866699228,FALSE,FALSE
4023,1475,L33404_at,0.286781528519837,FALSE,FALSE
4024,4102,X07384_at,0.286909424706932,FALSE,FALSE
4025,5571,HG3362-HT3539_s_at,0.286922746280583,FALSE,FALSE
4026,2635,U04811_at,0.28692325148696,FALSE,FALSE
4027,15,AFFX-BioDn-5_st,0.287121998736917,FALSE,FALSE
4028,1374,L19711_at,0.287156302537365,FALSE,FALSE
4029,2850,U17977_at,0.287319667061776,FALSE,FALSE
4030,1490,L34587_at,0.287684584613871,FALSE,FALSE
4031,6632,X99897_s_at,0.287700472206494,FALSE,FALSE
4032,47,AFFX-HSAC07/X00351_3_at,0.287870382555791,FALSE,FALSE
4033,650,D85815_at,0.288296242590425,FALSE,FALSE
4034,4449,X66922_at,0.288833940956436,FALSE,FALSE
4035,6534,U43203_s_at,0.288866089390262,FALSE,FALSE
4036,2062,M59815_at,0.288925844638094,FALSE,FALSE
4037,95,AC000061_cds2_at,0.288932514179391,FALSE,FALSE
4038,2879,U19261_at,0.288957525414052,FALSE,FALSE
4039,5272,HG2743-HT2845_at,0.289225369224417,FALSE,FALSE
4040,6833,J00220_cds5_at,0.289232253752288,FALSE,FALSE
4041,6694,X86428_s_at,0.289387705985862,FALSE,FALSE
4042,6850,M19888_at,0.28974245820648,FALSE,FALSE
4043,3584,U66616_at,0.289866926833221,FALSE,FALSE
4044,5154,Z48199_at,0.289902005724177,FALSE,FALSE
4045,848,HG2480-HT2576_at,0.289982042544141,FALSE,FALSE
4046,5636,Z84497_s_at,0.289991584154513,FALSE,FALSE
4047,864,HG2689-HT2785_at,0.290023798492686,FALSE,FALSE
4048,596,D80012_at,0.290472214525689,FALSE,FALSE
4049,1164,K02402_at,0.29062460797063,FALSE,FALSE
4050,2955,U25826_at,0.291019946256737,FALSE,FALSE
4051,1285,L11369_at,0.291023184905914,FALSE,FALSE
4052,5295,L04751_at,0.291080225186858,FALSE,FALSE
4053,5226,Z84483_at,0.291410383284558,FALSE,FALSE
4054,1186,L02320_at,0.291446007498604,FALSE,FALSE
4055,6010,X00695_s_at,0.291542800541172,FALSE,FALSE
4056,6147,X95463_s_at,0.291581120844434,FALSE,FALSE
4057,4420,X65633_at,0.29167173461797,FALSE,FALSE
4058,5182,Z50749_at,0.29167984944789,FALSE,FALSE
4059,432,D43767_at,0.291712996478886,FALSE,FALSE
4060,3008,U29953_rna1_at,0.291728946219864,FALSE,FALSE
4061,1396,L21715_at,0.291893337147424,FALSE,FALSE
4062,3548,U65002_at,0.292589832287469,FALSE,FALSE
4063,3699,U75968_at,0.293067320512506,FALSE,FALSE
4064,6746,HG3033-HT3194_at,0.293122808237809,FALSE,FALSE
4065,6965,L36644_at,0.29328652127262,FALSE,FALSE
4066,6870,M81650_rna1_at,0.293336871525806,FALSE,FALSE
4067,3028,U31201_cds1_at,0.29387016405955,FALSE,FALSE
4068,7114,M13981_at,0.293916260235522,FALSE,FALSE
4069,4967,Y08263_at,0.294170611271266,FALSE,FALSE
4070,413,D42044_at,0.294629690577886,FALSE,FALSE
4071,4580,X76534_at,0.294636510715931,FALSE,FALSE
4072,4193,X16901_at,0.294803096581433,FALSE,FALSE
4073,5309,L20860_at,0.294933039630542,FALSE,FALSE
4074,2170,M65199_at,0.295183475880229,FALSE,FALSE
4075,2544,S82198_at,0.295394511079507,FALSE,FALSE
4076,4744,X86816_at,0.295401806229727,FALSE,FALSE
4077,2576,U01038_at,0.295463595714309,FALSE,FALSE
4078,3608,U68019_at,0.295534190628604,FALSE,FALSE
4079,3058,U33017_at,0.295699496120309,FALSE,FALSE
4080,251,D15049_at,0.295826739123162,FALSE,FALSE
4081,708,D87435_at,0.296339648078543,FALSE,FALSE
4082,4588,X77197_at,0.296413876725584,FALSE,FALSE
4083,4563,X75962_at,0.296427478321277,FALSE,FALSE
4084,3230,U44429_at,0.296599720046954,FALSE,FALSE
4085,2952,U25750_at,0.296857437515639,FALSE,FALSE
4086,1488,L34357_at,0.29698572500415,FALSE,FALSE
4087,5619,X82279_s_at,0.297059621961439,FALSE,FALSE
4088,2034,M55671_at,0.29712781613794,FALSE,FALSE
4089,45,AFFX-HSAC07/X00351_5_at,0.297220356372212,FALSE,FALSE
4090,2240,M79462_at,0.297367323133509,FALSE,FALSE
4091,5486,X78932_at,0.297840775341756,FALSE,FALSE
4092,6845,M10943_at,0.297995857906477,FALSE,FALSE
4093,5270,HG162-HT3165_at,0.298404514973461,FALSE,FALSE
4094,1038,HG896-HT896_at,0.298738795716418,FALSE,FALSE
4095,2449,S59184_at,0.298850240037274,FALSE,FALSE
4096,1,AFFX-BioB-5_at,0.298878262787163,FALSE,FALSE
4097,1969,M34079_at,0.299277589920445,FALSE,FALSE
4098,3743,U78735_at,0.2996793063789,FALSE,FALSE
4099,571,D79986_at,0.299742806277735,FALSE,FALSE
4100,4256,X53961_at,0.300072925194393,FALSE,FALSE
4101,7095,Z80780_f_at,0.300115223275168,FALSE,FALSE
4102,6407,S38953_s_at,0.300125143047561,FALSE,FALSE
4103,7083,V00532_rna1_f_at,0.300162922084199,FALSE,FALSE
4104,5401,U28055_at,0.300224580241358,FALSE,FALSE
4105,4645,X80343_at,0.300366470867232,FALSE,FALSE
4106,2523,S79781_at,0.300574800831237,FALSE,FALSE
4107,2126,M63256_at,0.300763882934578,FALSE,FALSE
4108,4336,X59766_at,0.300775905489964,FALSE,FALSE
4109,3039,U31875_at,0.301099415322728,FALSE,FALSE
4110,6762,M21388_at,0.301142675933567,FALSE,FALSE
4111,4848,X95826_at,0.301214914061493,FALSE,FALSE
4112,4698,X83412_at,0.301402865059834,FALSE,FALSE
4113,1885,M28211_at,0.301417240029995,FALSE,FALSE
4114,4080,X05608_at,0.301426701033144,FALSE,FALSE
4115,2602,U02632_at,0.301487874998486,FALSE,FALSE
4116,7125,X83863_at,0.30154407878734,FALSE,FALSE
4117,199,D13626_at,0.302217071469673,FALSE,FALSE
4118,3078,U34252_at,0.302357019395647,FALSE,FALSE
4119,4626,X79439_at,0.302930115141927,FALSE,FALSE
4120,401,D38549_at,0.303164449876934,FALSE,FALSE
4121,2339,M90516_at,0.303168302682076,FALSE,FALSE
4122,3664,U72512_at,0.303662040263555,FALSE,FALSE
4123,2263,M81780_cds5_at,0.304465580161953,FALSE,FALSE
4124,2228,M76559_at,0.304628974504,FALSE,FALSE
4125,3224,U43959_at,0.304645308404061,FALSE,FALSE
4126,1279,L10910_at,0.304667812012193,FALSE,FALSE
4127,4640,X80062_at,0.305117405517085,FALSE,FALSE
4128,3628,U69546_at,0.305119717470928,FALSE,FALSE
4129,5503,Z23091_rna1_at,0.30515767993887,FALSE,FALSE
4130,6278,M74587_rna1_s_at,0.305419086269458,FALSE,FALSE
4131,4982,Y08999_at,0.305497076090247,FALSE,FALSE
4132,204,D13634_at,0.30564973950023,FALSE,FALSE
4133,4523,X72925_at,0.305751641757133,FALSE,FALSE
4134,1908,M29581_at,0.306686879601278,FALSE,FALSE
4135,6936,Y07566_at,0.306862192666974,FALSE,FALSE
4136,5570,HG2348-HT2444_s_at,0.306912654206964,FALSE,FALSE
4137,2924,U22662_at,0.30692845473196,FALSE,FALSE
4138,4889,X98263_at,0.30754964954053,FALSE,FALSE
4139,316,D26443_at,0.307651787803232,FALSE,FALSE
4140,2988,U28386_at,0.307682287161473,FALSE,FALSE
4141,5218,Z83799_at,0.3078192090809,FALSE,FALSE
4142,977,HG4144-HT4414_at,0.307820673655573,FALSE,FALSE
4143,3126,U37547_at,0.307855138177845,FALSE,FALSE
4144,1348,L16895_at,0.30812031018517,FALSE,FALSE
4145,1801,M21154_at,0.308158057564879,FALSE,FALSE
4146,838,HG2314-HT2410_at,0.308330970770356,FALSE,FALSE
4147,613,D83597_at,0.308382882356212,FALSE,FALSE
4148,1706,M13934_cds1_at,0.308593537749038,FALSE,FALSE
4149,5529,S76853_s_at,0.308814313466401,FALSE,FALSE
4150,4521,X72879_at,0.308904082423718,FALSE,FALSE
4151,3809,U80184_rna1_at,0.309484018173804,FALSE,FALSE
4152,2726,U09877_at,0.309503927983117,FALSE,FALSE
4153,1825,M22760_at,0.309667461079045,FALSE,FALSE
4154,2377,M94151_at,0.309675926443202,FALSE,FALSE
4155,4186,X16662_at,0.309682154540989,FALSE,FALSE
4156,2555,S83366_cds3_at,0.309714579884527,FALSE,FALSE
4157,6789,HG3576-HT3779_f_at,0.309743201748266,FALSE,FALSE
4158,601,D82343_at,0.309761780814526,FALSE,FALSE
4159,5411,U38291_rna1_at,0.310218040407866,FALSE,FALSE
4160,1467,L32140_at,0.310318210068065,FALSE,FALSE
4161,2949,U25265_at,0.310840270456832,FALSE,FALSE
4162,46,AFFX-HSAC07/X00351_M_at,0.310854267230836,FALSE,FALSE
4163,2825,U16129_at,0.310953897446129,FALSE,FALSE
4164,6361,Z31690_s_at,0.311114950945401,FALSE,FALSE
4165,1590,L40992_at,0.311363061184673,FALSE,FALSE
4166,4396,X63657_at,0.311566970787608,FALSE,FALSE
4167,2247,M80482_at,0.311613333110992,FALSE,FALSE
4168,5465,X57985_rna2_at,0.311959404969637,FALSE,FALSE
4169,4768,X89750_at,0.311960527536672,FALSE,FALSE
4170,2088,M60724_at,0.312259786625068,FALSE,FALSE
4171,6096,S69265_s_at,0.312295706907811,FALSE,FALSE
4172,3373,U52518_at,0.312624162452886,FALSE,FALSE
4173,6512,U25034_s_at,0.312679592304742,FALSE,FALSE
4174,6149,U31216_s_at,0.31280994789288,FALSE,FALSE
4175,7098,M31667_f_at,0.313117917720952,FALSE,FALSE
4176,2148,M64174_at,0.31335596365367,FALSE,FALSE
4177,4526,X73113_at,0.313676695675021,FALSE,FALSE
4178,1692,M12625_at,0.313703875081502,FALSE,FALSE
4179,2222,M76231_at,0.31375034319859,FALSE,FALSE
4180,2424,M98447_rna1_at,0.314177376946402,FALSE,FALSE
4181,2024,M55265_at,0.314271131819973,FALSE,FALSE
4182,2029,M55531_at,0.314354964052059,FALSE,FALSE
4183,2012,M54951_at,0.314542415768234,FALSE,FALSE
4184,4175,X15940_at,0.314605344291624,FALSE,FALSE
4185,6198,M31423_s_at,0.31475310013213,FALSE,FALSE
4186,2867,U18548_at,0.314779741641961,FALSE,FALSE
4187,531,D63851_at,0.315035054732457,FALSE,FALSE
4188,4769,X89894_at,0.3151755407988,FALSE,FALSE
4189,2703,U09366_at,0.315277147487334,FALSE,FALSE
4190,785,D90359_at,0.315715219050127,FALSE,FALSE
4191,4423,X65724_at,0.316130211482981,FALSE,FALSE
4192,2469,S70348_at,0.316357131898381,FALSE,FALSE
4193,4854,X96698_at,0.316528781294826,FALSE,FALSE
4194,2285,M83941_at,0.316607086906649,FALSE,FALSE
4195,4571,X76104_at,0.316687143478449,FALSE,FALSE
4196,2525,S80050_at,0.317096359459476,FALSE,FALSE
4197,1985,M35296_at,0.31728595916917,FALSE,FALSE
4198,856,HG25930-HT26386_at,0.317452005228939,FALSE,FALSE
4199,3399,U54999_at,0.317777995129629,FALSE,FALSE
4200,540,D63998_at,0.317861953890389,FALSE,FALSE
4201,2102,M61916_at,0.318125469437139,FALSE,FALSE
4202,3450,U58658_at,0.318653029642432,FALSE,FALSE
4203,1126,J04809_rna1_at,0.318971490752974,FALSE,FALSE
4204,5650,U50079_s_at,0.318986334672001,FALSE,FALSE
4205,1602,L41690_at,0.31926616381428,FALSE,FALSE
4206,1585,L40411_at,0.319563824923444,FALSE,FALSE
4207,5291,L00205_at,0.319790322841818,FALSE,FALSE
4208,210,D13641_at,0.320095153647354,FALSE,FALSE
4209,5387,U17838_at,0.320171532126558,FALSE,FALSE
4210,3568,U66075_at,0.320297005030911,FALSE,FALSE
4211,3614,U68142_at,0.32045254726963,FALSE,FALSE
4212,2774,U13395_at,0.320506616015292,FALSE,FALSE
4213,1919,M30818_at,0.320594731555519,FALSE,FALSE
4214,6112,L46720_s_at,0.320725812771161,FALSE,FALSE
4215,3871,U85265_at,0.320826514168339,FALSE,FALSE
4216,6664,X15954_rna1_s_at,0.320829239880609,FALSE,FALSE
4217,2859,U18244_at,0.321465520221894,FALSE,FALSE
4218,2594,U02081_at,0.321529087379442,FALSE,FALSE
4219,5518,X95808_s_at,0.322039251110435,FALSE,FALSE
4220,6744,HG2239-HT2324_r_at,0.322292904584666,FALSE,FALSE
4221,3633,U70321_at,0.322563790463318,FALSE,FALSE
4222,7068,M28585_f_at,0.32268552660925,FALSE,FALSE
4223,4849,X96381_rna1_at,0.322697177088104,FALSE,FALSE
4224,3432,U57650_at,0.32279151745741,FALSE,FALSE
4225,4788,X91148_at,0.322953980505703,FALSE,FALSE
4226,5929,J00219_s_at,0.3230059411936,FALSE,FALSE
4227,2436,S42457_at,0.323101768097987,FALSE,FALSE
4228,3319,U50078_at,0.323331717631166,FALSE,FALSE
4229,6153,U72882_s_at,0.323332921582066,FALSE,FALSE
4230,3718,U77718_at,0.323766087282601,FALSE,FALSE
4231,4044,X03342_at,0.323776822032056,FALSE,FALSE
4232,2896,U20362_at,0.324155945731291,FALSE,FALSE
4233,2124,M63175_at,0.324411080731207,FALSE,FALSE
4234,5769,X16666_s_at,0.324556841872745,FALSE,FALSE
4235,1746,M16279_at,0.324586526968863,FALSE,FALSE
4236,5634,S78771_s_at,0.324718446221115,FALSE,FALSE
4237,6888,U12140_at,0.324759726247998,FALSE,FALSE
4238,4441,X66436_at,0.324806415226302,FALSE,FALSE
4239,1358,L18972_at,0.324831509638668,FALSE,FALSE
4240,6070,U33838_at,0.324994767379274,FALSE,FALSE
4241,137,AF005887_at,0.325877729769642,FALSE,FALSE
4242,357,D30758_at,0.325946796603094,FALSE,FALSE
4243,766,D88797_at,0.325947475097907,FALSE,FALSE
4244,6001,J05036_s_at,0.326062022354456,FALSE,FALSE
4245,185,D11428_at,0.326211300376225,FALSE,FALSE
4246,4208,X51417_at,0.326624440553066,FALSE,FALSE
4247,6155,M10051_s_at,0.3267090878442,FALSE,FALSE
4248,2338,M90366_at,0.326835049766797,FALSE,FALSE
4249,6032,L05628_s_at,0.327060432912214,FALSE,FALSE
4250,6233,M26730_s_at,0.327786566026941,FALSE,FALSE
4251,2573,U00954_at,0.328081007517608,FALSE,FALSE
4252,6781,X94563_xpt2_r_at,0.328232212938453,FALSE,FALSE
4253,7093,X71345_f_at,0.328278475947564,FALSE,FALSE
4254,1606,L41913_at,0.328291474448011,FALSE,FALSE
4255,4730,X85786_at,0.328343609671374,FALSE,FALSE
4256,4683,X82456_at,0.328351128689194,FALSE,FALSE
4257,5565,D13666_s_at,0.328568017838399,FALSE,FALSE
4258,5510,L41390_at,0.328733426022448,FALSE,FALSE
4259,340,D29013_at,0.328861086399892,FALSE,FALSE
4260,1537,L38503_at,0.329121619910558,FALSE,FALSE
4261,6531,U33448_s_at,0.329222653378193,FALSE,FALSE
4262,6482,U11862_s_at,0.329350264340932,FALSE,FALSE
4263,2674,U07681_at,0.329467905562084,FALSE,FALSE
4264,5963,X51441_s_at,0.329526947718463,FALSE,FALSE
4265,3405,U55766_at,0.329831544191335,FALSE,FALSE
4266,6529,U41068_cds2_s_at,0.329857887076931,FALSE,FALSE
4267,5237,AB002533_at,0.32994315249977,FALSE,FALSE
4268,3796,U79304_at,0.329999980248964,FALSE,FALSE
4269,57,AFFX-HUMGAPDH/M33197_3_st,0.330076056936809,FALSE,FALSE
4270,923,HG3495-HT3689_at,0.330123602695977,FALSE,FALSE
4271,5949,M29610_at,0.33041365291163,FALSE,FALSE
4272,6648,U92457_s_at,0.330419186327362,FALSE,FALSE
4273,5538,D00097_s_at,0.330428831231039,FALSE,FALSE
4274,5010,Y10505_at,0.330575684826566,FALSE,FALSE
4275,5028,Y11306_rna1_at,0.33067606215067,FALSE,FALSE
4276,6640,U83598_s_at,0.33086265493861,FALSE,FALSE
4277,4253,X53777_at,0.330915578285595,FALSE,FALSE
4278,5862,U10687_s_at,0.331395904683,FALSE,FALSE
4279,2486,S74445_at,0.331500925507368,FALSE,FALSE
4280,1951,M32639_at,0.3316482758849,FALSE,FALSE
4281,1439,L27071_at,0.331779224449636,FALSE,FALSE
4282,4686,X82554_rna1_at,0.331837693193868,FALSE,FALSE
4283,2753,U11877_at,0.332209239063245,FALSE,FALSE
4284,3157,U39905_at,0.332512945979584,FALSE,FALSE
4285,1022,HG537-HT537_at,0.332539860403999,FALSE,FALSE
4286,911,HG3355-HT3532_at,0.332846389214248,FALSE,FALSE
4287,278,D21163_at,0.333218177641031,FALSE,FALSE
4288,1424,L25119_at,0.333490918705703,FALSE,FALSE
4289,6304,M36542_s_at,0.33379114699565,FALSE,FALSE
4290,847,HG2463-HT2559_at,0.334384213799828,FALSE,FALSE
4291,3251,U46461_at,0.33482420231238,FALSE,FALSE
4292,6908,U82979_at,0.334941052233221,FALSE,FALSE
4293,745,D87685_at,0.334978606668206,FALSE,FALSE
4294,5351,M69013_at,0.335163861867037,FALSE,FALSE
4295,5977,M24349_s_at,0.335565121777919,FALSE,FALSE
4296,3116,U37248_at,0.335617702810002,FALSE,FALSE
4297,1205,L04953_at,0.336102457707872,FALSE,FALSE
4298,3107,U36798_at,0.336155609950954,FALSE,FALSE
4299,6603,U64573_s_at,0.336320419087905,FALSE,FALSE
4300,4913,X99584_at,0.337345215293557,FALSE,FALSE
4301,1576,L40395_at,0.337450196801463,FALSE,FALSE
4302,1931,M31525_at,0.3374972385127,FALSE,FALSE
4303,3755,U79252_at,0.337634573774723,FALSE,FALSE
4304,4749,X87237_at,0.337708446951691,FALSE,FALSE
4305,788,HG1071-HT1071_at,0.337717190875579,FALSE,FALSE
4306,6995,U69611_at,0.337748259547354,FALSE,FALSE
4307,2925,U22897_at,0.338004738903248,FALSE,FALSE
4308,606,D83004_at,0.338207903583127,FALSE,FALSE
4309,2321,M87499_at,0.338214565048368,FALSE,FALSE
4310,2099,M61733_at,0.338686749446123,FALSE,FALSE
4311,6458,U00947_s_at,0.338702202584876,FALSE,FALSE
4312,6832,J00210_rna1_at,0.338720581644871,FALSE,FALSE
4313,2318,M87338_at,0.338724771977218,FALSE,FALSE
4314,7084,V00533_rna1_f_at,0.339025350787275,FALSE,FALSE
4315,5388,U17969_at,0.339095632541213,FALSE,FALSE
4316,6330,X52282_s_at,0.339148834515703,FALSE,FALSE
4317,946,HG3897-HT4167_at,0.339177114937549,FALSE,FALSE
4318,5069,Z18951_at,0.33981713284387,FALSE,FALSE
4319,499,D50928_at,0.340172352695641,FALSE,FALSE
4320,4719,X85133_at,0.340239525515004,FALSE,FALSE
4321,2696,U09002_at,0.340476482784672,FALSE,FALSE
4322,2917,U21936_at,0.340499171113769,FALSE,FALSE
4323,3637,U70426_at,0.340763009148542,FALSE,FALSE
4324,3586,U66618_at,0.341171658554914,FALSE,FALSE
4325,1741,M15856_at,0.34126281895318,FALSE,FALSE
4326,5928,V00535_rna2_s_at,0.341677630647595,FALSE,FALSE
4327,6442,S79219_s_at,0.342135516326578,FALSE,FALSE
4328,1026,HG64-HT64_at,0.342261709969994,FALSE,FALSE
4329,4210,X51466_at,0.342476497724763,FALSE,FALSE
4330,1274,L10405_at,0.342538041398198,FALSE,FALSE
4331,2366,M93221_at,0.342628179420331,FALSE,FALSE
4332,5927,J00116_s_at,0.342676132955914,FALSE,FALSE
4333,7069,M33317_f_at,0.342770139467327,FALSE,FALSE
4334,1991,M36200_at,0.342867787842273,FALSE,FALSE
4335,5752,HG2380-HT2476_s_at,0.342905063147784,FALSE,FALSE
4336,3997,U96629_rna1_at,0.343047357652122,FALSE,FALSE
4337,2550,S83249_at,0.343133158480917,FALSE,FALSE
4338,2653,U06631_at,0.343141037586323,FALSE,FALSE
4339,5408,U37146_at,0.343261114413284,FALSE,FALSE
4340,162,D00591_at,0.343414146535308,FALSE,FALSE
4341,5913,HG880-HT880_s_at,0.343692184396674,FALSE,FALSE
4342,433,D43768_at,0.343746309799687,FALSE,FALSE
4343,5261,D50550_at,0.344006002307148,FALSE,FALSE
4344,6142,Y08766_s_at,0.344156124533966,FALSE,FALSE
4345,5719,HG167-HT167_s_at,0.344158083170996,FALSE,FALSE
4346,7057,L02326_f_at,0.344323397424288,FALSE,FALSE
4347,6412,S62028_s_at,0.344688218158339,FALSE,FALSE
4348,3199,U42412_at,0.344905953498292,FALSE,FALSE
4349,6408,X63741_s_at,0.345225702250189,FALSE,FALSE
4350,1795,M20786_at,0.345358489399251,FALSE,FALSE
4351,3597,U67369_at,0.345521600928713,FALSE,FALSE
4352,5016,Y10517_at,0.345651796724601,FALSE,FALSE
4353,2980,U28043_at,0.345710442080502,FALSE,FALSE
4354,4555,X75342_at,0.345948771630787,FALSE,FALSE
4355,1463,L31801_at,0.346091766071344,FALSE,FALSE
4356,2255,M81379_at,0.346114569057761,FALSE,FALSE
4357,5319,L46353_at,0.346499340990002,FALSE,FALSE
4358,5774,X55019_s_at,0.346503453095021,FALSE,FALSE
4359,2783,U13991_at,0.347247146428926,FALSE,FALSE
4360,2193,M73481_at,0.347712126424853,FALSE,FALSE
4361,3673,U73167_cds4_at,0.347831388658858,FALSE,FALSE
4362,6651,X58822_rna1_s_at,0.348346875809221,FALSE,FALSE
4363,3835,U82310_at,0.348505664981831,FALSE,FALSE
4364,4602,X78136_at,0.348518044637974,FALSE,FALSE
4365,6825,HG4115-HT4385_at,0.348591658515485,FALSE,FALSE
4366,485,D50913_at,0.3486869713326,FALSE,FALSE
4367,6610,U66828_s_at,0.348769281953647,FALSE,FALSE
4368,4281,X55733_at,0.348785271873978,FALSE,FALSE
4369,1464,L31860_at,0.348938782758548,FALSE,FALSE
4370,4233,X52221_at,0.3489658581198,FALSE,FALSE
4371,1099,J04058_at,0.34927002564228,FALSE,FALSE
4372,3921,U89942_at,0.349337653966879,FALSE,FALSE
4373,6700,Z34974_s_at,0.349482097816559,FALSE,FALSE
4374,5393,U20938_at,0.349528922380029,FALSE,FALSE
4375,1155,J05682_at,0.349618960297266,FALSE,FALSE
4376,2270,M82919_at,0.349761831711995,FALSE,FALSE
4377,460,D49818_at,0.349803247059674,FALSE,FALSE
4378,6766,U57341_at,0.350059315026691,FALSE,FALSE
4379,4029,X02158_rna1_at,0.35026383974343,FALSE,FALSE
4380,2083,M60459_at,0.350292535704521,FALSE,FALSE
4381,5762,M87313_s_at,0.350572116198075,FALSE,FALSE
4382,1896,M28983_at,0.350599588063135,FALSE,FALSE
4383,6379,M83712_s_at,0.350883277179756,FALSE,FALSE
4384,5322,L76569_at,0.351129385440294,FALSE,FALSE
4385,6799,L49173_f_at,0.351291044746669,FALSE,FALSE
4386,3061,U33147_at,0.35143555873895,FALSE,FALSE
4387,6854,M30838_at,0.351439887387878,FALSE,FALSE
4388,6711,X90846_at,0.351468583073644,FALSE,FALSE
4389,3324,U50383_at,0.351482558796478,FALSE,FALSE
4390,5796,X04654_s_at,0.351568220652601,FALSE,FALSE
4391,6000,J05016_rna1_s_at,0.351571150299297,FALSE,FALSE
4392,6050,L15189_s_at,0.351686215424354,FALSE,FALSE
4393,5559,M15465_s_at,0.351852481835995,FALSE,FALSE
4394,4235,X52479_at,0.351879368559699,FALSE,FALSE
4395,1778,M19483_at,0.352367007146997,FALSE,FALSE
4396,2048,M58028_at,0.352451521224223,FALSE,FALSE
4397,5471,X65463_at,0.352523476152985,FALSE,FALSE
4398,5536,X83416_s_at,0.352647314067198,FALSE,FALSE
4399,5279,J00220_cds4_at,0.353001698058968,FALSE,FALSE
4400,4312,X58079_at,0.353175384091097,FALSE,FALSE
4401,552,D78012_at,0.353253970862102,FALSE,FALSE
4402,1858,M25393_at,0.353384260255522,FALSE,FALSE
4403,903,HG3286-HT3463_at,0.35350970748683,FALSE,FALSE
4404,7034,HG2139-HT2208_f_at,0.353802086679591,FALSE,FALSE
4405,2404,M96739_at,0.353904600379816,FALSE,FALSE
4406,2915,U21858_at,0.354407732347166,FALSE,FALSE
4407,2212,M74525_at,0.354475530536965,FALSE,FALSE
4408,5452,X15422_at,0.354490648717818,FALSE,FALSE
4409,4651,X80754_at,0.355211508955049,FALSE,FALSE
4410,6937,Y13618_at,0.355246762236094,FALSE,FALSE
4411,1461,L31573_at,0.355279402803581,FALSE,FALSE
4412,4432,X66360_at,0.355303896829342,FALSE,FALSE
4413,5120,Z31357_at,0.355364518464262,FALSE,FALSE
4414,7116,M93143_at,0.355410030649129,FALSE,FALSE
4415,1378,L19871_at,0.356293011691431,FALSE,FALSE
4416,5948,J02960_cds1_s_at,0.356557458657026,FALSE,FALSE
4417,4048,X03656_rna1_at,0.357003843831891,FALSE,FALSE
4418,4323,X59131_at,0.357064798007284,FALSE,FALSE
4419,4346,X60221_at,0.357088771497745,FALSE,FALSE
4420,802,HG1602-HT1602_at,0.357115332885801,FALSE,FALSE
4421,6822,HG3636-HT3846_at,0.357179644588445,FALSE,FALSE
4422,6614,U68135_s_at,0.35727717010497,FALSE,FALSE
4423,612,D83542_at,0.357440274792439,FALSE,FALSE
4424,291,D23660_at,0.357722246461175,FALSE,FALSE
4425,6788,HG3236-HT3413_f_at,0.357944281585159,FALSE,FALSE
4426,1641,L76191_at,0.358120496383198,FALSE,FALSE
4427,6037,U06643_s_at,0.358571290739668,FALSE,FALSE
4428,1227,L07033_at,0.358858476904107,FALSE,FALSE
4429,4199,X17206_at,0.358924090867916,FALSE,FALSE
4430,6783,Z46632_r_at,0.359377668333217,FALSE,FALSE
4431,2476,S72370_at,0.359667984834455,FALSE,FALSE
4432,4045,X03473_at,0.359857843562179,FALSE,FALSE
4433,1137,J05068_at,0.359922730479056,FALSE,FALSE
4434,4736,X86400_at,0.359979962960186,FALSE,FALSE
4435,5222,Z83804_at,0.360417945415977,FALSE,FALSE
4436,1696,M13149_at,0.360620055702469,FALSE,FALSE
4437,6679,X60104_s_at,0.36082499632751,FALSE,FALSE
4438,4583,X76717_at,0.360884828021737,FALSE,FALSE
4439,4081,X05615_at,0.361012056253555,FALSE,FALSE
4440,6572,U48865_s_at,0.361230944122097,FALSE,FALSE
4441,1345,L16782_at,0.361485238354929,FALSE,FALSE
4442,2190,M69238_at,0.36198723504978,FALSE,FALSE
4443,2893,U20285_at,0.362182805595592,FALSE,FALSE
4444,2347,M91196_at,0.362303957107482,FALSE,FALSE
4445,3606,U67988_at,0.362612021865555,FALSE,FALSE
4446,1436,L26494_at,0.362908474464079,FALSE,FALSE
4447,5487,X80818_at,0.36303620274871,FALSE,FALSE
4448,763,D88613_at,0.363189265235735,FALSE,FALSE
4449,1550,L38941_at,0.363618279798483,FALSE,FALSE
4450,5092,Z24724_at,0.363687143707846,FALSE,FALSE
4451,4696,X83368_at,0.363802743649536,FALSE,FALSE
4452,1935,M31651_at,0.363834487049215,FALSE,FALSE
4453,3443,U58090_at,0.364155668598581,FALSE,FALSE
4454,249,D14878_at,0.364156488599238,FALSE,FALSE
4455,1527,L37362_at,0.364351825218032,FALSE,FALSE
4456,2636,U04840_at,0.36437538110911,FALSE,FALSE
4457,932,HG3570-HT3773_at,0.364404004962307,FALSE,FALSE
4458,3339,U51095_at,0.364457422355752,FALSE,FALSE
4459,1582,L40403_at,0.36480525245255,FALSE,FALSE
4460,4638,X79984_at,0.365455955588632,FALSE,FALSE
4461,7024,U22028_at,0.365493643622161,FALSE,FALSE
4462,917,HG3432-HT3618_at,0.365510205023261,FALSE,FALSE
4463,6747,HG3033-HT3194_r_at,0.365512041754616,FALSE,FALSE
4464,1790,M20471_at,0.36564057172348,FALSE,FALSE
4465,5740,HG2197-HT2267_s_at,0.366055899792057,FALSE,FALSE
4466,1958,M33518_at,0.366187409995389,FALSE,FALSE
4467,359,D31762_at,0.366437040231299,FALSE,FALSE
4468,4813,X92972_at,0.36649265133491,FALSE,FALSE
4469,6404,X59303_s_at,0.366618170990586,FALSE,FALSE
4470,3454,U58970_at,0.366619699296967,FALSE,FALSE
4471,2307,M86707_at,0.366719281060527,FALSE,FALSE
4472,3647,U70987_at,0.366766135228445,FALSE,FALSE
4473,346,D29833_at,0.367204739859421,FALSE,FALSE
4474,1059,J02876_at,0.367357229131304,FALSE,FALSE
4475,1774,M19159_at,0.3677214265398,FALSE,FALSE
4476,3495,U61166_at,0.367729773888987,FALSE,FALSE
4477,2207,M74290_at,0.367932326500562,FALSE,FALSE
4478,558,D78261_at,0.367999055200425,FALSE,FALSE
4479,3249,U46116_at,0.368405423259897,FALSE,FALSE
4480,4753,X87767_at,0.368567325461875,FALSE,FALSE
4481,6611,U70064_s_at,0.368648381839667,FALSE,FALSE
4482,777,D90064_at,0.369260484889492,FALSE,FALSE
4483,5850,M17863_s_at,0.369296946894531,FALSE,FALSE
4484,6121,L37868_s_at,0.369744562315964,FALSE,FALSE
4485,2580,U01147_at,0.370687128553516,FALSE,FALSE
4486,3626,U69141_at,0.37072711950321,FALSE,FALSE
4487,1386,L20591_at,0.370794216619698,FALSE,FALSE
4488,4622,X79201_at,0.370917476184742,FALSE,FALSE
4489,3367,U52153_at,0.372119448757289,FALSE,FALSE
4490,4251,X53587_at,0.372263486996981,FALSE,FALSE
4491,6113,U19495_s_at,0.373067682694795,FALSE,FALSE
4492,4860,X96924_rna1_at,0.373200320261249,FALSE,FALSE
4493,6465,U08854_s_at,0.373257227911802,FALSE,FALSE
4494,6988,U18934_at,0.373474278999099,FALSE,FALSE
4495,2993,U28811_at,0.373564423196875,FALSE,FALSE
4496,377,D31897_at,0.373619121937524,FALSE,FALSE
4497,6717,X99886_s_at,0.373640196059555,FALSE,FALSE
4498,4236,X52520_at,0.373837123754343,FALSE,FALSE
4499,3929,U90437_at,0.374166923448854,FALSE,FALSE
4500,6389,U33202_s_at,0.374169105423689,FALSE,FALSE
4501,5780,HG273-HT273_at,0.374212486994068,FALSE,FALSE
4502,3510,U62317_rna7_at,0.374284827574696,FALSE,FALSE
4503,6915,X01703_at,0.374544579890795,FALSE,FALSE
4504,1850,M24594_at,0.374551458596964,FALSE,FALSE
4505,6084,U02683_s_at,0.374773242762971,FALSE,FALSE
4506,1297,L12468_at,0.374798509102316,FALSE,FALSE
4507,5749,HG2367-HT2463_s_at,0.375104792122626,FALSE,FALSE
4508,3124,U37519_at,0.375153547701219,FALSE,FALSE
4509,6547,U36759_s_at,0.375466544283254,FALSE,FALSE
4510,5396,U22816_at,0.375559863302294,FALSE,FALSE
4511,4966,Y08223_at,0.375812916799983,FALSE,FALSE
4512,3865,U84551_cds2_at,0.375878330077055,FALSE,FALSE
4513,1822,M22538_at,0.375917480291612,FALSE,FALSE
4514,4104,X07695_at,0.375994754779039,FALSE,FALSE
4515,6764,M55422_at,0.376070466263707,FALSE,FALSE
4516,5620,D32002_s_at,0.376263030974533,FALSE,FALSE
4517,2165,M64936_at,0.376840034554881,FALSE,FALSE
4518,5036,Y12394_at,0.377166250611806,FALSE,FALSE
4519,1519,L36922_at,0.377179653584088,FALSE,FALSE
4520,4168,X15525_rna1_at,0.377280139840387,FALSE,FALSE
4521,567,D78611_at,0.377327903684276,FALSE,FALSE
4522,3001,U29589_at,0.377450719665767,FALSE,FALSE
4523,3132,U38268_at,0.377573947872497,FALSE,FALSE
4524,266,D16815_at,0.377790706478754,FALSE,FALSE
4525,2351,M91585_at,0.378417002390379,FALSE,FALSE
4526,6500,U19252_s_at,0.37843474473536,FALSE,FALSE
4527,356,D30756_at,0.378435948592411,FALSE,FALSE
4528,6950,Z83735_at,0.378574221114203,FALSE,FALSE
4529,1819,M22430_at,0.378994777850673,FALSE,FALSE
4530,5628,D38163_s_at,0.379139121618955,FALSE,FALSE
4531,5108,Z29074_at,0.379147368816528,FALSE,FALSE
4532,1341,L15440_at,0.379204990724116,FALSE,FALSE
4533,7066,M22612_f_at,0.379427708046251,FALSE,FALSE
4534,6698,X79200_at,0.379636989871349,FALSE,FALSE
4535,6697,X77567_s_at,0.379702828203181,FALSE,FALSE
4536,6133,L43579_at,0.379857125320802,FALSE,FALSE
4537,4146,X14445_at,0.380879271369186,FALSE,FALSE
4538,6030,M26665_s_at,0.380918542727725,FALSE,FALSE
4539,3088,U34976_at,0.380992243798551,FALSE,FALSE
4540,6612,U68105_s_at,0.381029453712835,FALSE,FALSE
4541,272,D17516_at,0.381131270473149,FALSE,FALSE
4542,4513,X71877_at,0.381314811638045,FALSE,FALSE
4543,7076,M92269_f_at,0.381472007522794,FALSE,FALSE
4544,3829,U82130_at,0.381513012842704,FALSE,FALSE
4545,1192,L02840_at,0.381588651887587,FALSE,FALSE
4546,3047,U32439_at,0.381696173724647,FALSE,FALSE
4547,5321,L76517_at,0.38169722275935,FALSE,FALSE
4548,6615,U68162_cds1_s_at,0.382112109114488,FALSE,FALSE
4549,4428,X66114_rna1_at,0.382556367647155,FALSE,FALSE
4550,1060,J02883_at,0.382726706857537,FALSE,FALSE
4551,5715,X57351_at,0.382745890257383,FALSE,FALSE
4552,3519,U62801_at,0.382804452462807,FALSE,FALSE
4553,1616,L42450_at,0.382847403690132,FALSE,FALSE
4554,56,AFFX-HUMGAPDH/M33197_M_st,0.382877529069711,FALSE,FALSE
4555,839,HG2320-HT2416_at,0.382891594541723,FALSE,FALSE
4556,5164,Z48605_at,0.382937686779375,FALSE,FALSE
4557,4912,X99459_at,0.383316331812092,FALSE,FALSE
4558,2132,M63573_at,0.383390095390709,FALSE,FALSE
4559,4454,X67247_rna1_at,0.383494538464361,FALSE,FALSE
4560,6527,U45328_s_at,0.383509349484567,FALSE,FALSE
4561,5933,J00268_s_at,0.383567206104557,FALSE,FALSE
4562,3881,U86070_at,0.383830274219423,FALSE,FALSE
4563,2500,S77094_at,0.383919590618235,FALSE,FALSE
4564,6838,L08010_at,0.384036635618495,FALSE,FALSE
4565,1311,L13436_at,0.384177163697339,FALSE,FALSE
4566,4561,X75917_at,0.384195796701055,FALSE,FALSE
4567,5444,X03350_at,0.384220343016334,FALSE,FALSE
4568,1422,L25081_at,0.384959617824522,FALSE,FALSE
4569,3479,U60269_cds2_at,0.38527681041699,FALSE,FALSE
4570,4172,X15875_at,0.385307654146529,FALSE,FALSE
4571,1719,M14200_rna1_at,0.386200425169626,FALSE,FALSE
4572,6368,M80397_s_at,0.386266302705642,FALSE,FALSE
4573,6653,X04470_s_at,0.38651898982693,FALSE,FALSE
4574,3964,U92015_at,0.38681796383581,FALSE,FALSE
4575,6682,X83492_at,0.386870218112651,FALSE,FALSE
4576,5779,HG2705-HT2801_s_at,0.387212644319076,FALSE,FALSE
4577,560,D78333_at,0.387295657921263,FALSE,FALSE
4578,4988,Y09321_at,0.387366273767662,FALSE,FALSE
4579,4550,X75208_at,0.387600916621383,FALSE,FALSE
4580,2271,M82962_at,0.387603181917637,FALSE,FALSE
4581,2026,M55268_at,0.38810323916786,FALSE,FALSE
4582,4985,Y09267_at,0.388569987746036,FALSE,FALSE
4583,1365,L19267_at,0.388604672625166,FALSE,FALSE
4584,4351,X60489_at,0.38868785659221,FALSE,FALSE
4585,421,D42072_at,0.389011946078794,FALSE,FALSE
4586,3670,U72671_at,0.389066348367253,FALSE,FALSE
4587,4174,X15882_at,0.389109690126773,FALSE,FALSE
4588,3216,U43527_at,0.389137369136889,FALSE,FALSE
4589,4025,X01388_at,0.389269828630642,FALSE,FALSE
4590,1201,L04510_at,0.389386580313685,FALSE,FALSE
4591,5400,U28049_at,0.389457054218047,FALSE,FALSE
4592,5640,U23736_s_at,0.389784601379026,FALSE,FALSE
4593,4867,X97198_at,0.390067184514939,FALSE,FALSE
4594,4573,X76132_at,0.390287578216453,FALSE,FALSE
4595,7025,U22028_r_at,0.390310585395932,FALSE,FALSE
4596,5901,X54867_s_at,0.390336569012381,FALSE,FALSE
4597,3595,U67191_at,0.390928512474541,FALSE,FALSE
4598,5144,Z46788_at,0.391001788316434,FALSE,FALSE
4599,5665,D78132_s_at,0.391076195138948,FALSE,FALSE
4600,2468,S70004_at,0.391134417070073,FALSE,FALSE
4601,6015,K03494_s_at,0.391265960520955,FALSE,FALSE
4602,2045,M57732_at,0.391271079042544,FALSE,FALSE
4603,2999,U29195_at,0.391467705884623,FALSE,FALSE
4604,3739,U78575_at,0.391787139055998,FALSE,FALSE
4605,4246,X52966_at,0.391824203671628,FALSE,FALSE
4606,4890,X98266_cds2_at,0.392485012500676,FALSE,FALSE
4607,5544,X15331_s_at,0.39268043788722,FALSE,FALSE
4608,5978,M26958_s_at,0.392740867824768,FALSE,FALSE
4609,5946,M22403_s_at,0.392749550683122,FALSE,FALSE
4610,3870,U85245_at,0.39277762825713,FALSE,FALSE
4611,5618,S79862_s_at,0.393296318175202,FALSE,FALSE
4612,2595,U02082_at,0.393348874884939,FALSE,FALSE
4613,7015,Z11933_at,0.393397273447805,FALSE,FALSE
4614,96,AC000061_cds3_at,0.393855651833161,FALSE,FALSE
4615,4358,X61070_at,0.393997436470289,FALSE,FALSE
4616,2249,M80629_at,0.3940806007612,FALSE,FALSE
4617,1052,J00301_at,0.394095601825385,FALSE,FALSE
4618,749,D87845_at,0.394522612128769,FALSE,FALSE
4619,6695,X74987_s_at,0.394530669066568,FALSE,FALSE
4620,2460,S67798_at,0.394532223737948,FALSE,FALSE
4621,194,D13305_at,0.394843485606847,FALSE,FALSE
4622,7123,X06956_at,0.395088700688093,FALSE,FALSE
4623,7039,HG3707-HT3922_f_at,0.39532407585735,FALSE,FALSE
4624,680,D86980_at,0.395820022240296,FALSE,FALSE
4625,4238,X52599_at,0.39623324701811,FALSE,FALSE
4626,6826,HG4322-HT4592_at,0.39705202283867,FALSE,FALSE
4627,841,HG2339-HT2435_at,0.397112736567664,FALSE,FALSE
4628,1298,L12535_at,0.397676020953002,FALSE,FALSE
4629,3382,U52969_at,0.398601471916501,FALSE,FALSE
4630,5253,D31889_at,0.39869296382889,FALSE,FALSE
4631,1553,L38969_at,0.398731073865079,FALSE,FALSE
4632,641,D85181_at,0.398981630816829,FALSE,FALSE
4633,6980,M95740_at,0.399149923060942,FALSE,FALSE
4634,3646,U70981_at,0.399861294719449,FALSE,FALSE
4635,2331,M88579_at,0.399974715900805,FALSE,FALSE
4636,4693,X83107_at,0.400043325103358,FALSE,FALSE
4637,4624,X79234_at,0.400317045185684,FALSE,FALSE
4638,6916,X02956_at,0.400505473809977,FALSE,FALSE
4639,6975,M28439_at,0.400684610289849,FALSE,FALSE
4640,6817,HG2149-HT2219_at,0.401143724994657,FALSE,FALSE
4641,5100,Z26634_at,0.401203457980914,FALSE,FALSE
4642,1328,L14595_at,0.401644434301948,FALSE,FALSE
4643,4068,X04741_at,0.40166355900742,FALSE,FALSE
4644,1748,M16404_at,0.402030939320131,FALSE,FALSE
4645,104,AC002073_cds1_at,0.402228621422609,FALSE,FALSE
4646,6452,S83325_s_at,0.402237941834974,FALSE,FALSE
4647,2796,U14910_at,0.402284934188387,FALSE,FALSE
4648,5716,X57351_s_at,0.402492234396956,FALSE,FALSE
4649,1792,M20543_at,0.402688974367482,FALSE,FALSE
4650,5717,HG1595-HT4788_s_at,0.402779733687629,FALSE,FALSE
4651,4829,X94754_at,0.402915475680863,FALSE,FALSE
4652,2303,M86528_at,0.402918780199762,FALSE,FALSE
4653,6720,Z11899_s_at,0.403457792210334,FALSE,FALSE
4654,555,D78134_at,0.40380528972967,FALSE,FALSE
4655,748,D87743_at,0.403825981320225,FALSE,FALSE
4656,2885,U19796_at,0.404021959677376,FALSE,FALSE
4657,4500,X70340_at,0.404291938961422,FALSE,FALSE
4658,2646,U05589_at,0.404618051320442,FALSE,FALSE
4659,3280,U48250_at,0.405040757371206,FALSE,FALSE
4660,1500,L35475_at,0.405075717577662,FALSE,FALSE
4661,2376,M94077_at,0.405351116785665,FALSE,FALSE
4662,4575,X76228_at,0.405485950264672,FALSE,FALSE
4663,5577,X52213_s_at,0.405583247897586,FALSE,FALSE
4664,4219,X51952_xpt1_at,0.405762983264887,FALSE,FALSE
4665,5495,X95525_at,0.405792380366736,FALSE,FALSE
4666,6372,M81182_s_at,0.406006063212305,FALSE,FALSE
4667,1688,M11973_cds1_at,0.406192992593085,FALSE,FALSE
4668,267,D17357_at,0.406227297915326,FALSE,FALSE
4669,2958,U25997_at,0.406274134162905,FALSE,FALSE
4670,879,HG2873-HT3017_at,0.406275574468051,FALSE,FALSE
4671,3187,U41763_at,0.406309419637013,FALSE,FALSE
4672,986,HG4234-HT4504_at,0.406519306642796,FALSE,FALSE
4673,1949,M32405_at,0.406702669558647,FALSE,FALSE
4674,6455,S83513_s_at,0.407023301859183,FALSE,FALSE
4675,830,HG2247-HT2332_at,0.407161344342788,FALSE,FALSE
4676,6177,M60891_s_at,0.407288929762837,FALSE,FALSE
4677,5951,U05255_at,0.407342777426361,FALSE,FALSE
4678,6944,Z68274_at,0.407372788050013,FALSE,FALSE
4679,5789,M83216_s_at,0.407376590626328,FALSE,FALSE
4680,4715,X84740_at,0.407391684467349,FALSE,FALSE
4681,4852,X96584_at,0.407655656461754,FALSE,FALSE
4682,4591,X77383_at,0.407678363518359,FALSE,FALSE
4683,3686,U73682_at,0.407917262942148,FALSE,FALSE
4684,3259,U46752_at,0.408001768856589,FALSE,FALSE
4685,1712,M14091_at,0.408253076806939,FALSE,FALSE
4686,6708,X87871_s_at,0.408892989554054,FALSE,FALSE
4687,4155,X14968_at,0.408926261172227,FALSE,FALSE
4688,5134,Z35491_at,0.409070918704773,FALSE,FALSE
4689,2104,M62324_at,0.40908293196768,FALSE,FALSE
4690,1082,J03592_at,0.409534316487833,FALSE,FALSE
4691,1216,L05779_at,0.409583678270775,FALSE,FALSE
4692,2533,S81419_at,0.409597953128259,FALSE,FALSE
4693,4630,X79536_at,0.410373974709433,FALSE,FALSE
4694,5271,HG2465-HT4871_at,0.410629269409011,FALSE,FALSE
4695,6618,U70439_s_at,0.410631907269529,FALSE,FALSE
4696,2414,M97388_at,0.410749458182659,FALSE,FALSE
4697,5550,L24893_s_at,0.410872916854533,FALSE,FALSE
4698,3317,U49973_xpt2_at,0.410996208331459,FALSE,FALSE
4699,1255,L09234_at,0.411073780385012,FALSE,FALSE
4700,5581,D16688_s_at,0.411097339540043,FALSE,FALSE
4701,3015,U30610_at,0.411100426298398,FALSE,FALSE
4702,2071,M60047_at,0.411165024391452,FALSE,FALSE
4703,1612,L42324_at,0.411273904715149,FALSE,FALSE
4704,2417,M97675_at,0.411525460633918,FALSE,FALSE
4705,4007,V00503_at,0.411528231418815,FALSE,FALSE
4706,2638,U04898_at,0.411538608932895,FALSE,FALSE
4707,2693,U08815_at,0.41166505757959,FALSE,FALSE
4708,6322,M55998_s_at,0.411895998898182,FALSE,FALSE
4709,869,HG2714-HT2810_at,0.411959851529807,FALSE,FALSE
4710,4926,X99947_at,0.412028522487393,FALSE,FALSE
4711,6886,U03858_at,0.412457469627187,FALSE,FALSE
4712,5638,X90976_s_at,0.412719156476279,FALSE,FALSE
4713,6301,M36118_s_at,0.412955884114448,FALSE,FALSE
4714,2658,U07000_cds4_at,0.414035241797425,FALSE,FALSE
4715,6280,M31169_s_at,0.414042351595959,FALSE,FALSE
4716,3719,U77735_at,0.414262654967842,FALSE,FALSE
4717,5957,J03241_s_at,0.414877241474781,FALSE,FALSE
4718,6048,L10955_cds1_s_at,0.414963313242879,FALSE,FALSE
4719,5997,J04617_s_at,0.414978289261541,FALSE,FALSE
4720,6926,X69115_at,0.415083691140432,FALSE,FALSE
4721,3713,U77594_at,0.415539059280043,FALSE,FALSE
4722,3244,U45982_at,0.41566853771366,FALSE,FALSE
4723,5456,X16866_at,0.416450039960455,FALSE,FALSE
4724,5836,HG3342-HT3519_s_at,0.416777081398176,FALSE,FALSE
4725,2939,U24266_at,0.416994013379168,FALSE,FALSE
4726,5908,HG721-HT4827_s_at,0.417179041347437,FALSE,FALSE
4727,1632,L48513_at,0.417365086118355,FALSE,FALSE
4728,3343,U51205_at,0.417911414551919,FALSE,FALSE
4729,5887,HG4318-HT4588_s_at,0.418094311217459,FALSE,FALSE
4730,6739,HG2147-HT2217_at,0.418201711680521,FALSE,FALSE
4731,73,AB000584_at,0.418337464959536,FALSE,FALSE
4732,7077,U03735_f_at,0.418394808157037,FALSE,FALSE
4733,4139,X13956_at,0.418458141127022,FALSE,FALSE
4734,1131,J04982_at,0.418574601567255,FALSE,FALSE
4735,4511,X71490_at,0.41859397819503,FALSE,FALSE
4736,4920,X99699_at,0.418823771943049,FALSE,FALSE
4737,5522,AC000063_s_at,0.420114790523518,FALSE,FALSE
4738,3425,U57317_at,0.420195679450668,FALSE,FALSE
4739,1163,K02268_at,0.420213223848024,FALSE,FALSE
4740,2281,M83738_at,0.420303895743791,FALSE,FALSE
4741,2371,M93425_at,0.420321222776383,FALSE,FALSE
4742,2174,M65291_at,0.420611325840436,FALSE,FALSE
4743,2000,M37400_at,0.42101447853171,FALSE,FALSE
4744,93,AB004884_at,0.42141238304924,FALSE,FALSE
4745,7104,X03068_f_at,0.422206295682511,FALSE,FALSE
4746,3506,U62015_at,0.422269994548641,FALSE,FALSE
4747,1090,J03827_at,0.422506760855288,FALSE,FALSE
4748,5267,D86958_at,0.422616651174926,FALSE,FALSE
4749,2481,S73205_at,0.423180310783677,FALSE,FALSE
4750,3894,U87460_at,0.423184145628513,FALSE,FALSE
4751,3459,U59289_at,0.423225847022199,FALSE,FALSE
4752,6931,X87211_at,0.423719727309459,FALSE,FALSE
4753,1221,L06419_at,0.423741632469929,FALSE,FALSE
4754,7041,HG4236-HT4506_f_at,0.423762626643095,FALSE,FALSE
4755,2686,U08096_at,0.423770269279229,FALSE,FALSE
4756,1756,M16961_at,0.423882479208625,FALSE,FALSE
4757,2901,U20647_at,0.423965917693976,FALSE,FALSE
4758,7059,L18877_f_at,0.424158526456799,FALSE,FALSE
4759,3268,U47334_at,0.424311315171717,FALSE,FALSE
4760,2744,U11292_at,0.42468033748177,FALSE,FALSE
4761,5936,V00574_s_at,0.42479177872627,FALSE,FALSE
4762,68,AB000462_at,0.425184272472727,FALSE,FALSE
4763,1571,L40388_at,0.425359024942274,FALSE,FALSE
4764,3167,U40380_at,0.425686403066693,FALSE,FALSE
4765,6051,L11238_s_at,0.425838420365919,FALSE,FALSE
4766,4737,X86564_at,0.426461790654249,FALSE,FALSE
4767,1596,L41349_at,0.42648538637889,FALSE,FALSE
4768,1857,M25322_at,0.42677245330093,FALSE,FALSE
4769,6565,U43747_s_at,0.426793913132952,FALSE,FALSE
4770,1978,M34539_at,0.426799435086459,FALSE,FALSE
4771,5718,M76125_s_at,0.426954142435476,FALSE,FALSE
4772,333,D28476_at,0.426962536414977,FALSE,FALSE
4773,5139,Z37976_at,0.427101518182091,FALSE,FALSE
4774,4585,X76770_at,0.427200596358587,FALSE,FALSE
4775,3236,U44975_at,0.427764354584271,FALSE,FALSE
4776,2416,M97639_at,0.427949583958749,FALSE,FALSE
4777,5959,U07806_s_at,0.427967659014533,FALSE,FALSE
4778,6748,HG3115-HT3291_at,0.428114138318954,FALSE,FALSE
4779,5392,U20760_at,0.428360019491838,FALSE,FALSE
4780,1560,L39833_at,0.428601055541394,FALSE,FALSE
4781,4556,X75535_at,0.428888556835002,FALSE,FALSE
4782,3377,U52700_at,0.428942661827401,FALSE,FALSE
4783,6701,X79683_s_at,0.429034810934594,FALSE,FALSE
4784,5032,Y11709_at,0.429130212036455,FALSE,FALSE
4785,2162,M64929_at,0.42922750549944,FALSE,FALSE
4786,4586,X77094_at,0.42939596960086,FALSE,FALSE
4787,32,AFFX-TrpnX-5_at,0.429587041736085,FALSE,FALSE
4788,1828,M22919_rna2_at,0.429805479608911,FALSE,FALSE
4789,1868,M26602_at,0.430114707418951,FALSE,FALSE
4790,2370,M93415_at,0.430427591445112,FALSE,FALSE
4791,3310,U49785_at,0.430548476523558,FALSE,FALSE
4792,3463,U59325_at,0.430578329410963,FALSE,FALSE
4793,6577,U50361_s_at,0.430658206504909,FALSE,FALSE
4794,2986,U28368_at,0.430888389736116,FALSE,FALSE
4795,5131,Z35278_at,0.431104187889144,FALSE,FALSE
4796,2616,U03486_at,0.431411537038161,FALSE,FALSE
4797,2928,U23070_at,0.431505583415197,FALSE,FALSE
4798,7072,M57423_f_at,0.431533443040285,FALSE,FALSE
4799,256,D16227_at,0.43170248599552,FALSE,FALSE
4800,6662,X52426_s_at,0.432418227928594,FALSE,FALSE
4801,1840,M23668_at,0.432598838389167,FALSE,FALSE
4802,3980,U94586_at,0.432824413134485,FALSE,FALSE
4803,5714,HG1496-HT1496_s_at,0.432867657522557,FALSE,FALSE
4804,5595,X77922_s_at,0.432983129066585,FALSE,FALSE
4805,2715,U09579_at,0.433417145411752,FALSE,FALSE
4806,6913,X00948_at,0.433419314268198,FALSE,FALSE
4807,6741,HG2171-HT2241_at,0.433430931687692,FALSE,FALSE
4808,3279,U48231_at,0.433524905513958,FALSE,FALSE
4809,2795,U14747_at,0.433638789914851,FALSE,FALSE
4810,2805,U15085_at,0.433687181191692,FALSE,FALSE
4811,1702,M13699_at,0.433749456966687,FALSE,FALSE
4812,4837,X95239_at,0.433918248619647,FALSE,FALSE
4813,5764,L26584_s_at,0.433958325024935,FALSE,FALSE
4814,3885,U86409_at,0.43410684661368,FALSE,FALSE
4815,4452,X67098_at,0.434537362369792,FALSE,FALSE
4816,3919,U89896_at,0.434656592018115,FALSE,FALSE
4817,6883,U00928_at,0.434773485313568,FALSE,FALSE
4818,5148,Z47087_at,0.435265881899341,FALSE,FALSE
4819,3848,U82818_at,0.435299084421963,FALSE,FALSE
4820,3086,U34880_at,0.435432729676823,FALSE,FALSE
4821,4665,X81636_at,0.435838831145309,FALSE,FALSE
4822,1657,L77571_at,0.436019384791619,FALSE,FALSE
4823,2046,M57763_at,0.436287614654648,FALSE,FALSE
4824,7040,HG4027-HT4297_f_at,0.436360584759654,FALSE,FALSE
4825,2675,U07695_at,0.436439135793393,FALSE,FALSE
4826,3671,U72761_at,0.436512088830771,FALSE,FALSE
4827,1842,M24248_at,0.436767275704115,FALSE,FALSE
4828,5799,HG2815-HT4023_s_at,0.436969326844674,FALSE,FALSE
4829,2122,M63154_at,0.437098286809729,FALSE,FALSE
4830,1014,HG4662-HT5075_at,0.437739939880493,FALSE,FALSE
4831,2950,U25433_at,0.438263200985911,FALSE,FALSE
4832,5768,HG2564-HT2660_s_at,0.438525628446013,FALSE,FALSE
4833,6868,M68519_rna1_at,0.438702750103195,FALSE,FALSE
4834,1237,L07594_at,0.438886104837278,FALSE,FALSE
4835,6020,X69920_s_at,0.438927693161661,FALSE,FALSE
4836,3826,U81802_at,0.439062106229816,FALSE,FALSE
4837,3578,U66559_at,0.43919974540608,FALSE,FALSE
4838,4138,X13916_at,0.439670511601356,FALSE,FALSE
4839,1786,M19989_cds1_at,0.439909919759516,FALSE,FALSE
4840,3581,U66580_at,0.440251696697508,FALSE,FALSE
4841,496,D50925_at,0.440284706019496,FALSE,FALSE
4842,5574,D14826_s_at,0.440310666669105,FALSE,FALSE
4843,392,D38462_at,0.440847232519104,FALSE,FALSE
4844,2872,U18932_at,0.441145351315381,FALSE,FALSE
4845,2513,S78296_at,0.441441097440889,FALSE,FALSE
4846,3146,U39317_at,0.441821765042645,FALSE,FALSE
4847,2067,M59916_at,0.441901837187141,FALSE,FALSE
4848,5434,U82467_at,0.442033917634679,FALSE,FALSE
4849,631,D84110_at,0.442349479409916,FALSE,FALSE
4850,4832,X95095_at,0.442390632782554,FALSE,FALSE
4851,69,AB000464_at,0.442582079869002,FALSE,FALSE
4852,4668,X81882_at,0.4426084787911,FALSE,FALSE
4853,125,AF000573_rna1_at,0.442746286784956,FALSE,FALSE
4854,4972,Y08564_at,0.442806266335659,FALSE,FALSE
4855,1433,L26247_at,0.443058941801315,FALSE,FALSE
4856,5733,M29874_s_at,0.443108216464115,FALSE,FALSE
4857,2421,M97936_at,0.443336467519063,FALSE,FALSE
4858,2316,M86934_at,0.443424276027614,FALSE,FALSE
4859,1847,M24439_at,0.443554509735819,FALSE,FALSE
4860,6754,HG3991-HT4261_r_at,0.443737515690763,FALSE,FALSE
4861,7032,D38498_f_at,0.444136327689569,FALSE,FALSE
4862,6358,X63131_s_at,0.444176086202732,FALSE,FALSE
4863,6993,U47677_at,0.444434237898949,FALSE,FALSE
4864,6402,X14253_s_at,0.444555573107908,FALSE,FALSE
4865,4497,X70083_at,0.444861188015209,FALSE,FALSE
4866,7013,X98253_at,0.445274996807981,FALSE,FALSE
4867,33,AFFX-TrpnX-M_at,0.44589515012692,FALSE,FALSE
4868,2701,U09284_at,0.446401796814508,FALSE,FALSE
4869,4405,X64269_at,0.446589055034815,FALSE,FALSE
4870,222,D14134_at,0.44661014869127,FALSE,FALSE
4871,468,D50487_at,0.446937375272447,FALSE,FALSE
4872,2355,M92303_at,0.447114028695692,FALSE,FALSE
4873,4259,X54162_at,0.447254006461497,FALSE,FALSE
4874,4685,X82539_at,0.447331152508106,FALSE,FALSE
4875,3435,U57877_at,0.447643371773668,FALSE,FALSE
4876,1554,L39009_at,0.44796528623455,FALSE,FALSE
4877,5867,HG3928-HT4198_at,0.447987295633219,FALSE,FALSE
4878,3792,U79300_at,0.448382677077712,FALSE,FALSE
4879,3557,U65579_at,0.448640497156737,FALSE,FALSE
4880,5656,D55643_s_at,0.448693643209806,FALSE,FALSE
4881,5007,Y10275_at,0.448746087819047,FALSE,FALSE
4882,263,D16583_at,0.449022420437696,FALSE,FALSE
4883,5800,M58509_cds1_s_at,0.449929440237985,FALSE,FALSE
4884,1769,M18185_at,0.450544619157401,FALSE,FALSE
4885,6727,HG4677-HT5102_s_at,0.450604391773837,FALSE,FALSE
4886,99,AC000064_cds2_at,0.450605975480026,FALSE,FALSE
4887,5440,U96136_at,0.450869002559336,FALSE,FALSE
4888,1777,M19481_at,0.450895902162961,FALSE,FALSE
4889,4135,X13589_at,0.45093516515471,FALSE,FALSE
4890,424,D42085_at,0.450955115792508,FALSE,FALSE
4891,5225,Z83821_cds2_at,0.451148837575503,FALSE,FALSE
4892,4165,X15376_at,0.451151248077542,FALSE,FALSE
4893,6492,U16120_s_at,0.451399048117301,FALSE,FALSE
4894,3553,U65404_at,0.451561138191392,FALSE,FALSE
4895,5299,L07919_at,0.451600281745792,FALSE,FALSE
4896,6115,X95425_s_at,0.451723897225488,FALSE,FALSE
4897,4629,X79510_at,0.4524799499361,FALSE,FALSE
4898,2527,S80343_at,0.452836894434273,FALSE,FALSE
4899,4531,X73882_at,0.452951016766809,FALSE,FALSE
4900,3872,U85267_at,0.453068553358973,FALSE,FALSE
4901,682,D86982_at,0.453542835616684,FALSE,FALSE
4902,2388,M95167_at,0.454031900748223,FALSE,FALSE
4903,6089,M60974_s_at,0.454050685428777,FALSE,FALSE
4904,578,D79993_at,0.454144483093043,FALSE,FALSE
4905,3210,U43328_at,0.454317025897988,FALSE,FALSE
4906,2866,U18543_at,0.454350273909705,FALSE,FALSE
4907,4221,X51954_at,0.454374672879734,FALSE,FALSE
4908,3610,U68031_at,0.454578879874842,FALSE,FALSE
4909,427,D42123_at,0.454961217705139,FALSE,FALSE
4910,6587,U56402_s_at,0.455986052023204,FALSE,FALSE
4911,4426,X65977_at,0.456148567344312,FALSE,FALSE
4912,4285,X55889_at,0.456338966324062,FALSE,FALSE
4913,2936,U24166_at,0.45687101143476,FALSE,FALSE
4914,624,D83780_at,0.45694833915437,FALSE,FALSE
4915,4014,V01515_cds1_at,0.457621498909533,FALSE,FALSE
4916,4948,Y07512_at,0.45777594057631,FALSE,FALSE
4917,6123,U15637_s_at,0.457959193002968,FALSE,FALSE
4918,3982,U94747_at,0.458012561798461,FALSE,FALSE
4919,1354,L17327_at,0.45811919246737,FALSE,FALSE
4920,7070,M33600_f_at,0.458146181950195,FALSE,FALSE
4921,2259,M81757_at,0.458314164690877,FALSE,FALSE
4922,6853,M23263_at,0.458361970296589,FALSE,FALSE
4923,5801,HG2841-HT2969_s_at,0.458365396034967,FALSE,FALSE
4924,2566,U00921_at,0.458721760809125,FALSE,FALSE
4925,6906,U76388_at,0.458764697003992,FALSE,FALSE
4926,2221,M76180_at,0.459183254214555,FALSE,FALSE
4927,896,HG3214-HT3391_at,0.459412735259418,FALSE,FALSE
4928,4326,X59373_at,0.459742638065825,FALSE,FALSE
4929,1370,L19527_at,0.459908198410771,FALSE,FALSE
4930,6299,S37730_s_at,0.460657377230506,FALSE,FALSE
4931,6069,L17418_cds2_s_at,0.461055244672257,FALSE,FALSE
4932,1101,J04080_at,0.461065407655365,FALSE,FALSE
4933,3927,U90336_at,0.461199970406841,FALSE,FALSE
4934,5147,Z47043_at,0.461789366911733,FALSE,FALSE
4935,3241,U45974_at,0.46239924278324,FALSE,FALSE
4936,704,D87328_at,0.462491992403798,FALSE,FALSE
4937,6567,U44799_s_at,0.462513683444236,FALSE,FALSE
4938,1111,J04177_at,0.462789625032162,FALSE,FALSE
4939,2878,U19180_at,0.463098795517925,FALSE,FALSE
4940,6770,X87344_cds10_at,0.463505547900152,FALSE,FALSE
4941,3543,U64520_at,0.46361501542625,FALSE,FALSE
4942,7080,U22029_f_at,0.463634550391771,FALSE,FALSE
4943,1634,L48546_at,0.463690135411966,FALSE,FALSE
4944,4614,X78817_at,0.464125163751707,FALSE,FALSE
4945,5944,J02871_s_at,0.464326851231687,FALSE,FALSE
4946,6197,M16938_s_at,0.464740773980447,FALSE,FALSE
4947,529,D63506_at,0.465114590031692,FALSE,FALSE
4948,3351,U51478_at,0.465667577926684,FALSE,FALSE
4949,2584,U01317_cds1_at,0.465693479322307,FALSE,FALSE
4950,2387,M94893_at,0.466086514453673,FALSE,FALSE
4951,1549,L38935_at,0.466283518126038,FALSE,FALSE
4952,1001,HG4390-HT4660_at,0.466365609494501,FALSE,FALSE
4953,67,AB000460_at,0.466879203515505,FALSE,FALSE
4954,2225,M76446_at,0.467048671268708,FALSE,FALSE
4955,5865,HG3925-HT4195_at,0.467099598964121,FALSE,FALSE
4956,1836,M23294_at,0.467167258079665,FALSE,FALSE
4957,762,D88532_at,0.467177702500972,FALSE,FALSE
4958,5916,HG944-HT944_s_at,0.467287474517607,FALSE,FALSE
4959,6253,M26041_s_at,0.467392298721089,FALSE,FALSE
4960,6053,L11701_s_at,0.467398595448497,FALSE,FALSE
4961,4654,X80909_at,0.467689442817375,FALSE,FALSE
4962,2771,U13219_at,0.467824395583675,FALSE,FALSE
4963,6350,X51823_s_at,0.468000858538266,FALSE,FALSE
4964,2457,S67070_at,0.468041122051191,FALSE,FALSE
4965,2873,U18937_at,0.468182162627755,FALSE,FALSE
4966,7009,X80878_at,0.468192585802576,FALSE,FALSE
4967,21,AFFX-DapX-M_at,0.468619312171204,FALSE,FALSE
4968,3600,U67674_at,0.468677212989109,FALSE,FALSE
4969,3159,U40215_at,0.468802441326358,FALSE,FALSE
4970,4944,Y00815_at,0.469106657539647,FALSE,FALSE
4971,2267,M81933_at,0.469274053867672,FALSE,FALSE
4972,152,AF012270_at,0.469342485072874,FALSE,FALSE
4973,4688,X82634_at,0.469421021219676,FALSE,FALSE
4974,2941,U24577_at,0.469496645540714,FALSE,FALSE
4975,4617,X78926_at,0.469577743813208,FALSE,FALSE
4976,3797,U79526_at,0.469816584117332,FALSE,FALSE
4977,4657,X80923_at,0.470103917576365,FALSE,FALSE
4978,6750,HG3565-HT3768_r_at,0.470267828656906,FALSE,FALSE
4979,2938,U24186_at,0.470660287784793,FALSE,FALSE
4980,2574,U00957_at,0.470794953965981,FALSE,FALSE
4981,4241,X52773_at,0.470901384796044,FALSE,FALSE
4982,521,D63480_at,0.470903173214144,FALSE,FALSE
4983,703,D87292_at,0.4713718428149,FALSE,FALSE
4984,6729,M36430_s_at,0.4718998956906,FALSE,FALSE
4985,1312,L13689_at,0.472123891021093,FALSE,FALSE
4986,7000,X07496_at,0.472181482462023,FALSE,FALSE
4987,1212,L05515_at,0.472734234885763,FALSE,FALSE
4988,4636,X79888_at,0.472791677920597,FALSE,FALSE
4989,5029,Y11416_at,0.472828836497687,FALSE,FALSE
4990,342,D29642_at,0.472987131604378,FALSE,FALSE
4991,1530,L37792_at,0.473345849716418,FALSE,FALSE
4992,3050,U32581_at,0.473391379700069,FALSE,FALSE
4993,3991,U95740_rna2_at,0.473529821536303,FALSE,FALSE
4994,2870,U18914_at,0.473735502576651,FALSE,FALSE
4995,1153,J05556_at,0.473810743268559,FALSE,FALSE
4996,4553,X75308_at,0.474238513132648,FALSE,FALSE
4997,189,D12686_at,0.474673247985759,FALSE,FALSE
4998,1729,M14764_at,0.474805503906618,FALSE,FALSE
4999,2946,U25138_at,0.4748384562823,FALSE,FALSE
5000,5343,M38258_at,0.475910769028186,FALSE,FALSE
5001,1473,L32977_at,0.475963284281475,FALSE,FALSE
5002,4248,X53414_at,0.476242073605292,FALSE,FALSE
5003,3760,U79257_at,0.476468542269723,FALSE,FALSE
5004,467,D50402_at,0.476746180421455,FALSE,FALSE
5005,1671,M10950_cds2_at,0.477363930774484,FALSE,FALSE
5006,1145,J05249_at,0.477975450115798,FALSE,FALSE
5007,5177,Z49989_at,0.478057374886015,FALSE,FALSE
5008,1383,L20320_at,0.478108108110789,FALSE,FALSE
5009,3274,U47926_at,0.478250235072671,FALSE,FALSE
5010,6881,S74720_at,0.478409631591987,FALSE,FALSE
5011,6932,X90530_at,0.47850287720251,FALSE,FALSE
5012,3542,U64444_at,0.478766318657918,FALSE,FALSE
5013,602,D82344_at,0.478931748879983,FALSE,FALSE
5014,6862,M38180_rna1_at,0.479099846177258,FALSE,FALSE
5015,2758,U12465_at,0.479516707384205,FALSE,FALSE
5016,6479,U11717_s_at,0.479838612030327,FALSE,FALSE
5017,6303,M36284_s_at,0.480093584176253,FALSE,FALSE
5018,81,AB002315_at,0.480521409757521,FALSE,FALSE
5019,3903,U88892_at,0.481033604994245,FALSE,FALSE
5020,6724,D83174_s_at,0.481235610798415,FALSE,FALSE
5021,6704,X82206_s_at,0.481256772328085,FALSE,FALSE
5022,1703,M13755_at,0.481268844094963,FALSE,FALSE
5023,5809,HG2981-HT3938_s_at,0.481335765836862,FALSE,FALSE
5024,4842,X95586_at,0.481637209132869,FALSE,FALSE
5025,4543,X74764_at,0.481861759244255,FALSE,FALSE
5026,6654,X04706_s_at,0.482274156728093,FALSE,FALSE
5027,2581,U01157_at,0.482511225181479,FALSE,FALSE
5028,6955,D86096_cds6_at,0.48260764809885,FALSE,FALSE
5029,2243,M80333_at,0.48289650998347,FALSE,FALSE
5030,3845,U82668_rna1_at,0.482912817503453,FALSE,FALSE
5031,5965,Y00285_s_at,0.48304826271789,FALSE,FALSE
5032,5206,Z75330_at,0.483065075512336,FALSE,FALSE
5033,5930,L00022_s_at,0.48323108788469,FALSE,FALSE
5034,5312,L22454_at,0.483240482884787,FALSE,FALSE
5035,6996,X00038_at,0.483277453764266,FALSE,FALSE
5036,4100,X07290_at,0.483364369480751,FALSE,FALSE
5037,87,AB002409_at,0.48347300865407,FALSE,FALSE
5038,2368,M93284_at,0.483662467888874,FALSE,FALSE
5039,1170,K03021_at,0.483918308380584,FALSE,FALSE
5040,5653,Z75190_s_at,0.484051016200164,FALSE,FALSE
5041,5652,X86371_s_at,0.484450123511794,FALSE,FALSE
5042,6508,X78416_s_at,0.484555371899505,FALSE,FALSE
5043,466,D50370_at,0.484755279139958,FALSE,FALSE
5044,1642,L76200_at,0.484912236866455,FALSE,FALSE
5045,5311,L21998_at,0.485034486262235,FALSE,FALSE
5046,4905,X99142_at,0.485195589227387,FALSE,FALSE
5047,5622,D37781_s_at,0.485635239202275,FALSE,FALSE
5048,6046,X13766_s_at,0.485656884454071,FALSE,FALSE
5049,7026,U88898_at,0.485658024953417,FALSE,FALSE
5050,497,D50926_at,0.485902385093008,FALSE,FALSE
5051,3455,U59057_at,0.485981077466612,FALSE,FALSE
5052,3761,U79258_at,0.486012358485363,FALSE,FALSE
5053,6092,M89470_s_at,0.486135906353562,FALSE,FALSE
5054,4981,Y08991_at,0.48630254199427,FALSE,FALSE
5055,5712,HG1437-HT1437_s_at,0.486658524999152,FALSE,FALSE
5056,3141,U38904_at,0.486805055452625,FALSE,FALSE
5057,3211,U43374_at,0.48705502990637,FALSE,FALSE
5058,4941,Y00757_at,0.487250949035304,FALSE,FALSE
5059,3860,U83601_at,0.487357960951181,FALSE,FALSE
5060,2826,U16258_at,0.487965710566727,FALSE,FALSE
5061,2732,U10439_at,0.488207359419256,FALSE,FALSE
5062,5355,M81883_at,0.488262148774224,FALSE,FALSE
5063,6469,U51010_s_at,0.488522816970706,FALSE,FALSE
5064,3783,U79290_at,0.488670897055693,FALSE,FALSE
5065,3022,U30998_at,0.488936612826231,FALSE,FALSE
5066,4498,X70218_at,0.489170727774138,FALSE,FALSE
5067,1319,L13852_at,0.489253312806031,FALSE,FALSE
5068,5985,J04046_s_at,0.489319634063269,FALSE,FALSE
5069,4293,X56654_at,0.489362054604819,FALSE,FALSE
5070,160,AJ001487_at,0.489737818159226,FALSE,FALSE
5071,2892,U20240_at,0.48997274221259,FALSE,FALSE
5072,1251,L08485_at,0.490166415751757,FALSE,FALSE
5073,970,HG4068-HT4338_at,0.490453579722693,FALSE,FALSE
5074,2005,M37766_at,0.491448158585847,FALSE,FALSE
5075,3127,U37673_at,0.492190807814772,FALSE,FALSE
5076,2400,M95925_at,0.493052211047229,FALSE,FALSE
5077,4611,X78687_at,0.493330503730471,FALSE,FALSE
5078,2172,M65254_at,0.493633920350396,FALSE,FALSE
5079,193,D13264_at,0.493639085301295,FALSE,FALSE
5080,2727,U09953_at,0.493661565017113,FALSE,FALSE
5081,2868,U18549_at,0.493673172332264,FALSE,FALSE
5082,6756,HG4518-HT4921_at,0.493689122330198,FALSE,FALSE
5083,3985,U95006_at,0.49429115353066,FALSE,FALSE
5084,6743,HG2239-HT2324_at,0.494676190073564,FALSE,FALSE
5085,3257,U46692_rna1_at,0.494732722707342,FALSE,FALSE
5086,5736,HG2007-HT2056_s_at,0.495522415483172,FALSE,FALSE
5087,6137,X92518_s_at,0.496324461850317,FALSE,FALSE
5088,6348,M64269_s_at,0.496425062617114,FALSE,FALSE
5089,2818,U15590_at,0.496473445683913,FALSE,FALSE
5090,4643,X80200_at,0.496687992133371,FALSE,FALSE
5091,5310,L20965_at,0.496835152175524,FALSE,FALSE
5092,6968,M16594_at,0.497124943261004,FALSE,FALSE
5093,1569,L40380_at,0.497213721184194,FALSE,FALSE
5094,4105,X07696_at,0.497311512438152,FALSE,FALSE
5095,692,D87073_at,0.497524924060767,FALSE,FALSE
5096,2205,M74099_at,0.497526574884161,FALSE,FALSE
5097,5806,HG2868-HT3012_s_at,0.498454740110423,FALSE,FALSE
5098,1264,L10102_rna1_at,0.498673224888319,FALSE,FALSE
5099,6661,X14885_rna1_s_at,0.498818273917672,FALSE,FALSE
5100,37,AFFX-HUMISGF3A/M97935_MB_at,0.499670391304243,FALSE,FALSE
5101,3117,U37251_at,0.499743553123449,FALSE,FALSE
5102,4778,X90840_at,0.499808910323397,FALSE,FALSE
5103,1880,M27826_at,0.500612697034863,FALSE,FALSE
5104,3960,U91931_at,0.500767371707319,FALSE,FALSE
5105,4711,X84195_at,0.501426456566925,FALSE,FALSE
5106,5689,Y08682_rna1_s_at,0.501445736678511,FALSE,FALSE
5107,1744,M15990_at,0.501617863483894,FALSE,FALSE
5108,1611,L42243_cds1_at,0.501630059498653,FALSE,FALSE
5109,3347,U51334_at,0.501700064636482,FALSE,FALSE
5110,4930,Y00067_rna1_at,0.501757454249542,FALSE,FALSE
5111,1532,L37936_at,0.501858625929422,FALSE,FALSE
5112,3540,U64197_at,0.501892257410063,FALSE,FALSE
5113,6367,M77829_s_at,0.501993736819966,FALSE,FALSE
5114,3969,U93049_at,0.502191592061601,FALSE,FALSE
5115,1281,L11239_at,0.502588546009229,FALSE,FALSE
5116,949,HG3936-HT4206_at,0.502738719803603,FALSE,FALSE
5117,3620,U68536_at,0.502778797893322,FALSE,FALSE
5118,5059,Z14000_at,0.503195621314539,FALSE,FALSE
5119,665,D86964_at,0.503422118184227,FALSE,FALSE
5120,388,D38145_at,0.503691465092534,FALSE,FALSE
5121,3571,U66198_at,0.504017722770644,FALSE,FALSE
5122,3311,U49837_at,0.504101475026266,FALSE,FALSE
5123,1867,M26576_cds2_at,0.50417113921022,FALSE,FALSE
5124,1273,L10403_at,0.504707806406606,FALSE,FALSE
5125,2711,U09477_at,0.504987641721071,FALSE,FALSE
5126,3565,U66048_at,0.505152539870497,FALSE,FALSE
5127,1148,J05401_at,0.505729524246625,FALSE,FALSE
5128,6272,M31516_s_at,0.505815408321511,FALSE,FALSE
5129,4722,X85237_at,0.505997033097537,FALSE,FALSE
5130,2894,U20325_at,0.506060811695527,FALSE,FALSE
5131,4365,X61373_at,0.506286866738921,FALSE,FALSE
5132,5682,D86331_s_at,0.506304465061397,FALSE,FALSE
5133,6791,HG3635-HT3845_f_at,0.506367630618288,FALSE,FALSE
5134,5093,Z24725_at,0.506537321176082,FALSE,FALSE
5135,1656,L77566_at,0.507038526834299,FALSE,FALSE
5136,6779,U34301_at,0.507114958533009,FALSE,FALSE
5137,1080,J03507_at,0.507440092461852,FALSE,FALSE
5138,239,D14694_at,0.507689152830118,FALSE,FALSE
5139,5200,Z71389_at,0.507694098774608,FALSE,FALSE
5140,855,HG2573-HT2669_at,0.50806341237394,FALSE,FALSE
5141,963,HG3999-HT4269_at,0.508397767495554,FALSE,FALSE
5142,3884,U86358_at,0.508457700820392,FALSE,FALSE
5143,4974,Y08613_at,0.508523928330401,FALSE,FALSE
5144,6994,U62434_at,0.508662352436143,FALSE,FALSE
5145,100,AC000066_at,0.509056644338573,FALSE,FALSE
5146,7004,X16105_at,0.509181234298552,FALSE,FALSE
5147,5852,HG3638-HT3849_s_at,0.509340090617928,FALSE,FALSE
5148,3672,U73167_cds3_at,0.509714460715707,FALSE,FALSE
5149,1877,M27492_at,0.510010025695569,FALSE,FALSE
5150,6509,U23435_s_at,0.510010323153851,FALSE,FALSE
5151,3534,U63717_at,0.510072569588332,FALSE,FALSE
5152,5277,HG4679-HT5104_at,0.510514550396956,FALSE,FALSE
5153,5063,Z15005_at,0.510566605234511,FALSE,FALSE
5154,3973,U93553_at,0.510713590570376,FALSE,FALSE
5155,522,D63481_at,0.511464052347304,FALSE,FALSE
5156,6703,X81836_s_at,0.512319476722221,FALSE,FALSE
5157,1446,L27841_at,0.512492958284336,FALSE,FALSE
5158,4620,X79066_at,0.512622996772258,FALSE,FALSE
5159,4148,X14675_at,0.512797735972548,FALSE,FALSE
5160,4093,X06661_at,0.513018918642501,FALSE,FALSE
5161,2273,M83181_at,0.513167942745146,FALSE,FALSE
5162,6619,U71203_s_at,0.513608009866275,FALSE,FALSE
5163,5378,U08021_at,0.513654672813419,FALSE,FALSE
5164,6148,U31215_s_at,0.513732810590438,FALSE,FALSE
5165,875,HG2796-HT2904_at,0.513761102311274,FALSE,FALSE
5166,1408,L22343_at,0.513836312743106,FALSE,FALSE
5167,2302,M86407_at,0.513840493341059,FALSE,FALSE
5168,2764,U12778_at,0.513906328342465,FALSE,FALSE
5169,2724,U09850_at,0.513978298785325,FALSE,FALSE
5170,4655,X80910_at,0.513985439492154,FALSE,FALSE
5171,6609,Z70276_s_at,0.5146446443041,FALSE,FALSE
5172,3458,U59286_at,0.515164888009225,FALSE,FALSE
5173,2178,M68840_at,0.5151704252122,FALSE,FALSE
5174,4839,X95384_at,0.515362978054436,FALSE,FALSE
5175,4507,X71129_at,0.516418503292134,FALSE,FALSE
5176,3685,U73524_at,0.516489271902585,FALSE,FALSE
5177,3793,U79301_at,0.516765991378764,FALSE,FALSE
5178,3396,U54617_at,0.516907760339022,FALSE,FALSE
5179,3550,U65092_at,0.517490897815749,FALSE,FALSE
5180,5512,S62907_s_at,0.517678347790815,FALSE,FALSE
5181,2075,M60094_rna1_at,0.517764352289949,FALSE,FALSE
5182,3260,U46767_at,0.518039845502753,FALSE,FALSE
5183,5212,Z80777_at,0.518382781905609,FALSE,FALSE
5184,5050,Z11559_at,0.518528749879468,FALSE,FALSE
5185,3502,U61538_at,0.518893058297909,FALSE,FALSE
5186,6693,X85781_s_at,0.518919656499625,FALSE,FALSE
5187,5058,Z12962_at,0.518977040518779,FALSE,FALSE
5188,1658,L77701_at,0.519204827496905,FALSE,FALSE
5189,5557,M19650_s_at,0.51944441046618,FALSE,FALSE
5190,5843,HG3431-HT3616_s_at,0.519676455666179,FALSE,FALSE
5191,4180,X16282_at,0.520977888214176,FALSE,FALSE
5192,6892,U24683_at,0.520982616081065,FALSE,FALSE
5193,91,AB003177_at,0.521472289742752,FALSE,FALSE
5194,4056,X04201_at,0.521724262154362,FALSE,FALSE
5195,26,AFFX-PheX-5_at,0.521843864003537,FALSE,FALSE
5196,2902,U20648_at,0.522001649090612,FALSE,FALSE
5197,4652,X80822_at,0.522180883791967,FALSE,FALSE
5198,122,AF000545_at,0.522296562745327,FALSE,FALSE
5199,6190,M36429_s_at,0.522552544073198,FALSE,FALSE
5200,334,D28483_at,0.522687662424326,FALSE,FALSE
5201,3735,U78524_at,0.522854677286977,FALSE,FALSE
5202,2692,U08471_at,0.523051357418459,FALSE,FALSE
5203,4494,X69978_at,0.523239804124469,FALSE,FALSE
5204,6879,S72043_rna1_at,0.523360696480254,FALSE,FALSE
5205,3011,U30246_at,0.523394531547883,FALSE,FALSE
5206,2983,U28249_at,0.523585669476539,FALSE,FALSE
5207,2536,S81893_at,0.524047482573786,FALSE,FALSE
5208,651,D85939_at,0.524135020300051,FALSE,FALSE
5209,5055,Z11850_at,0.524762760136072,FALSE,FALSE
5210,1410,L22650_at,0.525266316354621,FALSE,FALSE
5211,3657,U72066_at,0.525306421656371,FALSE,FALSE
5212,5066,Z17227_at,0.525442738341062,FALSE,FALSE
5213,557,D78156_at,0.525531936829357,FALSE,FALSE
5214,4114,X07994_at,0.525565434324514,FALSE,FALSE
5215,2226,M76482_at,0.526147124951337,FALSE,FALSE
5216,3234,U44839_at,0.526429845662703,FALSE,FALSE
5217,891,HG3132-HT3308_at,0.526689189066085,FALSE,FALSE
5218,1575,L40394_at,0.527543412623159,FALSE,FALSE
5219,5983,J03934_s_at,0.527748084254969,FALSE,FALSE
5220,5159,Z48512_at,0.528100628925309,FALSE,FALSE
5221,6960,L08904_at,0.528290139688694,FALSE,FALSE
5222,329,D28364_at,0.528685064503882,FALSE,FALSE
5223,6589,U57623_s_at,0.528709727281659,FALSE,FALSE
5224,3785,U79293_at,0.528759166777497,FALSE,FALSE
5225,3186,U41745_at,0.529173858856689,FALSE,FALSE
5226,2413,M97287_at,0.529187272656896,FALSE,FALSE
5227,6399,S49592_s_at,0.529303761390119,FALSE,FALSE
5228,1118,J04605_at,0.529464953552054,FALSE,FALSE
5229,2911,U21051_rna1_at,0.529584518465553,FALSE,FALSE
5230,3285,U48408_at,0.529937766586137,FALSE,FALSE
5231,2496,S76475_at,0.529948864708207,FALSE,FALSE
5232,2135,M63603_at,0.530024677133923,FALSE,FALSE
5233,6164,X02875_s_at,0.531045536938846,FALSE,FALSE
5234,416,D42047_at,0.531189718939357,FALSE,FALSE
5235,3118,U37283_at,0.531279644201744,FALSE,FALSE
5236,5871,HG4011-HT4804_s_at,0.531488165069543,FALSE,FALSE
5237,921,HG3492-HT3686_at,0.531601697113418,FALSE,FALSE
5238,2541,S82024_at,0.53168921641455,FALSE,FALSE
5239,1141,J05125_at,0.531789380211738,FALSE,FALSE
5240,6067,X67235_s_at,0.5319293575125,FALSE,FALSE
5241,4391,X63546_at,0.532354844636255,FALSE,FALSE
5242,1566,L40371_at,0.532474758798034,FALSE,FALSE
5243,5439,U96131_at,0.532798081816957,FALSE,FALSE
5244,3283,U48296_at,0.533176646499218,FALSE,FALSE
5245,6008,K01160_s_at,0.533441213004474,FALSE,FALSE
5246,2875,U18991_at,0.53360654020775,FALSE,FALSE
5247,6521,U27326_s_at,0.533673359409428,FALSE,FALSE
5248,1423,L25085_at,0.533714746838483,FALSE,FALSE
5249,1770,M18533_at,0.533747781595632,FALSE,FALSE
5250,906,HG33-HT33_at,0.534542017421419,FALSE,FALSE
5251,3814,U80811_at,0.534986683965285,FALSE,FALSE
5252,6872,M92642_at,0.535163697556993,FALSE,FALSE
5253,308,D26068_at,0.535279057285836,FALSE,FALSE
5254,6953,D29992_at,0.535292065949702,FALSE,FALSE
5255,3536,U63824_at,0.535293816047607,FALSE,FALSE
5256,1097,J04040_at,0.53533813693919,FALSE,FALSE
5257,1966,M34041_at,0.535390509074943,FALSE,FALSE
5258,960,HG3994-HT4264_at,0.535477445098,FALSE,FALSE
5259,4017,X00274_at,0.535588459920167,FALSE,FALSE
5260,2731,U10362_at,0.535765307320974,FALSE,FALSE
5261,6536,U67092_at,0.536002246929444,FALSE,FALSE
5262,5860,HG3730-HT4000_s_at,0.536689911327193,FALSE,FALSE
5263,2087,M60721_at,0.536874912347403,FALSE,FALSE
5264,5143,Z46629_at,0.536967578002737,FALSE,FALSE
5265,1346,L16842_at,0.537117736296755,FALSE,FALSE
5266,4275,X55330_at,0.537133069977768,FALSE,FALSE
5267,3912,U89336_cds6_at,0.537162125082404,FALSE,FALSE
5268,5558,S50017_s_at,0.537330590456892,FALSE,FALSE
5269,3862,U83908_at,0.537701341365962,FALSE,FALSE
5270,5895,HG4755-HT5203_s_at,0.537905584683263,FALSE,FALSE
5271,7028,X97261_at,0.537960652390521,FALSE,FALSE
5272,5363,M94055_at,0.538182177897,FALSE,FALSE
5273,5084,Z22780_at,0.538965051732455,FALSE,FALSE
5274,7092,X67491_f_at,0.539025635991428,FALSE,FALSE
5275,5248,D21235_at,0.539142662217598,FALSE,FALSE
5276,3079,U34343_at,0.53945684195677,FALSE,FALSE
5277,6403,X60299_s_at,0.539519243684343,FALSE,FALSE
5278,6087,L23333_s_at,0.539703714439403,FALSE,FALSE
5279,2066,M59911_at,0.540662454485067,FALSE,FALSE
5280,3165,U40371_at,0.540957751835085,FALSE,FALSE
5281,5394,U22680_at,0.541442823235699,FALSE,FALSE
5282,1843,M24351_cds2_at,0.541900700636231,FALSE,FALSE
5283,7091,X64177_f_at,0.541989707787173,FALSE,FALSE
5284,3842,U82532_at,0.542266615979076,FALSE,FALSE
5285,4803,X92396_at,0.542341641178908,FALSE,FALSE
5286,4911,X99350_rna1_at,0.542498878987373,FALSE,FALSE
5287,3763,U79260_at,0.543108121877183,FALSE,FALSE
5288,5964,L25878_s_at,0.543228711959943,FALSE,FALSE
5289,3816,U81006_at,0.543397359501392,FALSE,FALSE
5290,5516,AB005535_s_at,0.543418083637084,FALSE,FALSE
5291,5174,Z49254_at,0.543504256119746,FALSE,FALSE
5292,1393,L20861_at,0.543820400615771,FALSE,FALSE
5293,2545,S82240_at,0.543991069285726,FALSE,FALSE
5294,6533,U40271_s_at,0.544020103355281,FALSE,FALSE
5295,961,HG3995-HT4265_at,0.544557754900179,FALSE,FALSE
5296,750,D87937_at,0.54492520704999,FALSE,FALSE
5297,6061,L13939_s_at,0.544964737642149,FALSE,FALSE
5298,4718,X85106_at,0.545111934250553,FALSE,FALSE
5299,2401,M95929_at,0.545143938353259,FALSE,FALSE
5300,6518,Z16411_s_at,0.545197486887395,FALSE,FALSE
5301,4969,Y08319_at,0.545203444191466,FALSE,FALSE
5302,345,D29810_at,0.545260915426813,FALSE,FALSE
5303,6964,L35594_at,0.546754517197299,FALSE,FALSE
5304,2905,U20860_at,0.546774399452034,FALSE,FALSE
5305,2588,U01877_at,0.546873653503321,FALSE,FALSE
5306,4945,Y00970_at,0.547017801877235,FALSE,FALSE
5307,4641,X80198_at,0.547364985379138,FALSE,FALSE
5308,1723,M14539_at,0.547604879850632,FALSE,FALSE
5309,6909,U83117_at,0.548407536557831,FALSE,FALSE
5310,1128,J04948_at,0.548414999581896,FALSE,FALSE
5311,6823,HG4108-HT4378_at,0.548455165625013,FALSE,FALSE
5312,516,D63412_at,0.548807374138498,FALSE,FALSE
5313,600,D82326_at,0.549646431729722,FALSE,FALSE
5314,3261,U46901_at,0.549758118748791,FALSE,FALSE
5315,2160,M64788_at,0.549948261993232,FALSE,FALSE
5316,3663,U72511_at,0.550008555605075,FALSE,FALSE
5317,4746,X87160_at,0.550715349773407,FALSE,FALSE
5318,6039,L08044_s_at,0.550778761840845,FALSE,FALSE
5319,4179,X16135_at,0.550980855542958,FALSE,FALSE
5320,5455,X16323_at,0.551039837265984,FALSE,FALSE
5321,1269,L10374_at,0.551210567213025,FALSE,FALSE
5322,2813,U15306_at,0.551466200067747,FALSE,FALSE
5323,3200,U43030_at,0.551666785811366,FALSE,FALSE
5324,5410,U38276_at,0.551784017102361,FALSE,FALSE
5325,5420,U49516_at,0.551791030247128,FALSE,FALSE
5326,5187,Z68129_cds1_at,0.551818163005602,FALSE,FALSE
5327,2272,M83088_at,0.552220475005573,FALSE,FALSE
5328,2231,M77016_at,0.552481924067728,FALSE,FALSE
5329,6927,X69654_at,0.552760511608805,FALSE,FALSE
5330,4992,Y09616_at,0.552778190669931,FALSE,FALSE
5331,2019,M55131_at,0.553031351470043,FALSE,FALSE
5332,2465,S69232_at,0.553294546343871,FALSE,FALSE
5333,3402,U55209_at,0.553707055192689,FALSE,FALSE
5334,6752,HG3731-HT4001_r_at,0.554034350283566,FALSE,FALSE
5335,3276,U47928_at,0.554274014562231,FALSE,FALSE
5336,5880,HG4120-HT4392_s_at,0.555227451367872,FALSE,FALSE
5337,6249,X72632_s_at,0.555234673558704,FALSE,FALSE
5338,3838,U82319_at,0.555257344803517,FALSE,FALSE
5339,1950,M32598_at,0.555998843274397,FALSE,FALSE
5340,2374,M93718_at,0.556350916279045,FALSE,FALSE
5341,3632,U70136_at,0.556526750840839,FALSE,FALSE
5342,5461,X54741_at,0.55681525721525,FALSE,FALSE
5343,2705,U09368_at,0.557283868522163,FALSE,FALSE
5344,6885,U02388_at,0.557295211219514,FALSE,FALSE
5345,2152,M64554_rna1_at,0.557523937851286,FALSE,FALSE
5346,3752,U79248_at,0.558242455877408,FALSE,FALSE
5347,1043,HG921-HT3995_at,0.558244502200615,FALSE,FALSE
5348,1728,M14676_at,0.558678323685704,FALSE,FALSE
5349,5102,Z26876_at,0.559297328479132,FALSE,FALSE
5350,5369,S66427_at,0.559435178779755,FALSE,FALSE
5351,2548,S82592_at,0.559445944726545,FALSE,FALSE
5352,6560,X76942_s_at,0.559458742524591,FALSE,FALSE
5353,5008,Y10313_at,0.559869035434994,FALSE,FALSE
5354,4083,X05997_at,0.559973599354179,FALSE,FALSE
5355,6687,X64877_s_at,0.560171687401491,FALSE,FALSE
5356,5426,U60061_at,0.560186531976476,FALSE,FALSE
5357,4311,X58022_at,0.560552118625384,FALSE,FALSE
5358,4701,X83543_at,0.560670550995662,FALSE,FALSE
5359,2214,M74558_at,0.560922289018762,FALSE,FALSE
5360,6118,X94628_rna1_s_at,0.561008356213518,FALSE,FALSE
5361,348,D29956_at,0.561177280356777,FALSE,FALSE
5362,5587,S69231_s_at,0.561740235072595,FALSE,FALSE
5363,2352,M91592_at,0.561841005721679,FALSE,FALSE
5364,2159,M64716_at,0.562548559053928,FALSE,FALSE
5365,761,D88460_at,0.562718770808869,FALSE,FALSE
5366,4589,X77307_at,0.562897647011329,FALSE,FALSE
5367,1660,L77864_at,0.563108594549593,FALSE,FALSE
5368,6877,M99439_at,0.563176484286516,FALSE,FALSE
5369,2198,M73780_at,0.563437456190853,FALSE,FALSE
5370,3592,U66879_at,0.563481942377791,FALSE,FALSE
5371,1041,HG909-HT909_at,0.563830187750444,FALSE,FALSE
5372,5001,Y10205_at,0.563909656019634,FALSE,FALSE
5373,5247,D17532_at,0.564145244249745,FALSE,FALSE
5374,6820,HG3491-HT3685_at,0.564622121551946,FALSE,FALSE
5375,1468,L32163_at,0.564826285175837,FALSE,FALSE
5376,3787,U79295_at,0.565469085379098,FALSE,FALSE
5377,4059,X04327_at,0.565603539090954,FALSE,FALSE
5378,2679,U07856_at,0.566762216218894,FALSE,FALSE
5379,2820,U15782_at,0.566849550177893,FALSE,FALSE
5380,2851,U17989_at,0.567201423766648,FALSE,FALSE
5381,4031,X02404_at,0.56723287312415,FALSE,FALSE
5382,62,AB000115_at,0.567318129022554,FALSE,FALSE
5383,958,HG3992-HT4262_at,0.567554157226517,FALSE,FALSE
5384,4038,X02874_at,0.567656314745583,FALSE,FALSE
5385,1050,J00129_at,0.567807504923099,FALSE,FALSE
5386,145,AF008445_at,0.567953810672347,FALSE,FALSE
5387,4827,X94629_at,0.567967387027846,FALSE,FALSE
5388,512,D63135_at,0.568008636933833,FALSE,FALSE
5389,5179,Z50022_at,0.568089545896043,FALSE,FALSE
5390,1228,L07044_at,0.568173948397001,FALSE,FALSE
5391,5875,HG4094-HT4364_s_at,0.56834022953739,FALSE,FALSE
5392,3215,U43522_at,0.56840042103491,FALSE,FALSE
5393,5889,HG4517-HT4920_s_at,0.568542682217373,FALSE,FALSE
5394,6329,M59216_s_at,0.568744201020835,FALSE,FALSE
5395,6202,M17236_at,0.568754336537547,FALSE,FALSE
5396,1499,L35269_at,0.568915567239281,FALSE,FALSE
5397,1218,L06139_at,0.569077956887925,FALSE,FALSE
5398,5114,Z29505_at,0.5690939848702,FALSE,FALSE
5399,6683,X83492_s_at,0.569300237387304,FALSE,FALSE
5400,611,D83407_at,0.569967280571814,FALSE,FALSE
5401,276,D21089_at,0.570034057048733,FALSE,FALSE
5402,3725,U77970_at,0.570806685819636,FALSE,FALSE
5403,2241,M80244_at,0.571028437588197,FALSE,FALSE
5404,1617,L42451_at,0.571378678811214,FALSE,FALSE
5405,5803,HG2841-HT2968_s_at,0.571394031904869,FALSE,FALSE
5406,5246,D16481_at,0.571741024144762,FALSE,FALSE
5407,7110,HG2510-HT2606_at,0.571969739344035,FALSE,FALSE
5408,6353,M68907_s_at,0.572517422921934,FALSE,FALSE
5409,1905,M29550_at,0.572639256230594,FALSE,FALSE
5410,4534,X74104_at,0.573083697544625,FALSE,FALSE
5411,3819,U81523_at,0.573597115165514,FALSE,FALSE
5412,6786,HG2148-HT2218_f_at,0.573924194861052,FALSE,FALSE
5413,4855,X96719_at,0.573985151806414,FALSE,FALSE
5414,6056,U67932_s_at,0.574201777850597,FALSE,FALSE
5415,3746,U78876_at,0.574531733664126,FALSE,FALSE
5416,3538,U63842_at,0.574600572241483,FALSE,FALSE
5417,1526,L37347_at,0.574906632642571,FALSE,FALSE
5418,3031,U31382_at,0.57530913126066,FALSE,FALSE
5419,5706,HG1227-HT1227_s_at,0.575526921554268,FALSE,FALSE
5420,2344,M91029_cds2_at,0.575677040836178,FALSE,FALSE
5421,4940,Y00705_at,0.575827566776264,FALSE,FALSE
5422,3472,U59919_at,0.575862102456853,FALSE,FALSE
5423,3064,U33317_rna1_at,0.576267093393394,FALSE,FALSE
5424,6044,X70940_s_at,0.576931541689276,FALSE,FALSE
5425,465,D50312_at,0.57706612174623,FALSE,FALSE
5426,2393,M95627_at,0.578284565822902,FALSE,FALSE
5427,1002,HG4411-HT4681_at,0.578346505516728,FALSE,FALSE
5428,4322,X59065_at,0.578595404975215,FALSE,FALSE
5429,764,D88667_at,0.578619903066605,FALSE,FALSE
5430,6341,S38742_s_at,0.578643717399409,FALSE,FALSE
5431,5209,Z78291_at,0.578780765116814,FALSE,FALSE
5432,3813,U80669_at,0.57881534106471,FALSE,FALSE
5433,1637,L49054_at,0.57900427817408,FALSE,FALSE
5434,3021,U30930_at,0.579285117255753,FALSE,FALSE
5435,4784,X90999_at,0.579387851322376,FALSE,FALSE
5436,550,D76444_at,0.579430614508696,FALSE,FALSE
5437,3604,U67934_at,0.579578298888825,FALSE,FALSE
5438,2871,U18919_at,0.580077180109213,FALSE,FALSE
5439,6441,S78873_s_at,0.580513794700842,FALSE,FALSE
5440,742,D87682_at,0.580548110042931,FALSE,FALSE
5441,4338,X59798_at,0.58055634926575,FALSE,FALSE
5442,4022,X01057_at,0.580944661941742,FALSE,FALSE
5443,5663,Z79693_s_at,0.581025207455689,FALSE,FALSE
5444,1459,L29433_at,0.581084930792274,FALSE,FALSE
5445,218,D13900_at,0.581202651731962,FALSE,FALSE
5446,1409,L22548_at,0.581365212456258,FALSE,FALSE
5447,2987,U28369_at,0.581836980075227,FALSE,FALSE
5448,5012,Y10510_at,0.58241579718312,FALSE,FALSE
5449,4875,X97630_at,0.58259470167945,FALSE,FALSE
5450,7079,U10690_f_at,0.582947685183585,FALSE,FALSE
5451,4579,X76498_at,0.583089635748224,FALSE,FALSE
5452,6062,X68285_s_at,0.583264786728523,FALSE,FALSE
5453,6859,M36072_at,0.583343941097837,FALSE,FALSE
5454,143,AF007551_at,0.583559618131812,FALSE,FALSE
5455,1179,L00354_at,0.5840981504515,FALSE,FALSE
5456,6439,U00001_s_at,0.584337010129989,FALSE,FALSE
5457,1470,L32179_at,0.584351272940038,FALSE,FALSE
5458,5906,X07618_s_at,0.584586536880809,FALSE,FALSE
5459,1639,L75847_at,0.584608356247568,FALSE,FALSE
5460,3493,U60975_at,0.584900018897484,FALSE,FALSE
5461,5341,M34715_at,0.585148526827615,FALSE,FALSE
5462,279,D21205_at,0.585355750187385,FALSE,FALSE
5463,5367,S41458_at,0.585723890935746,FALSE,FALSE
5464,5912,HG880-HT880_at,0.585756124839697,FALSE,FALSE
5465,2495,S76067_at,0.585762507578827,FALSE,FALSE
5466,5071,Z19002_at,0.585855917132664,FALSE,FALSE
5467,3765,U79263_at,0.586125341626378,FALSE,FALSE
5468,1042,HG919-HT919_at,0.586208813440116,FALSE,FALSE
5469,5480,X73478_at,0.586209846158115,FALSE,FALSE
5470,4845,X95654_at,0.586223221658106,FALSE,FALSE
5471,4687,X82629_at,0.586289226653614,FALSE,FALSE
5472,1947,M32373_at,0.586482019879149,FALSE,FALSE
5473,4995,Y09912_rna1_at,0.586901038749588,FALSE,FALSE
5474,4227,X52008_at,0.586987938721873,FALSE,FALSE
5475,1964,M33882_at,0.587059445386839,FALSE,FALSE
5476,7112,L34355_at,0.587059742351217,FALSE,FALSE
5477,5372,S69369_at,0.587328720201793,FALSE,FALSE
5478,7108,AC002076_cds2_at,0.587542823931412,FALSE,FALSE
5479,1892,M28825_at,0.587586043175766,FALSE,FALSE
5480,2887,U19906_at,0.58810989149569,FALSE,FALSE
5481,1888,M28215_at,0.588125391801306,FALSE,FALSE
5482,1160,K02054_at,0.588151016781571,FALSE,FALSE
5483,1196,L03427_at,0.588377276057631,FALSE,FALSE
5484,4313,X58234_at,0.588396685885242,FALSE,FALSE
5485,1278,L10844_at,0.588425609487571,FALSE,FALSE
5486,5980,M96233_s_at,0.588609377759985,FALSE,FALSE
5487,615,D83699_at,0.588682626575279,FALSE,FALSE
5488,5643,D45917_s_at,0.588885719278629,FALSE,FALSE
5489,6473,U09178_s_at,0.588912425832036,FALSE,FALSE
5490,710,D87437_at,0.589405991920594,FALSE,FALSE
5491,223,D14446_at,0.589743594073843,FALSE,FALSE
5492,4841,X95406_at,0.589976912573052,FALSE,FALSE
5493,6150,L77567_s_at,0.590956058097883,FALSE,FALSE
5494,597,D82060_at,0.591083159824359,FALSE,FALSE
5495,6320,X54993_s_at,0.591186853662021,FALSE,FALSE
5496,7060,L18920_f_at,0.591824030506481,FALSE,FALSE
5497,5258,D43968_at,0.592219245231108,FALSE,FALSE
5498,3876,U85707_at,0.592777768467802,FALSE,FALSE
5499,528,D63487_at,0.593231175099292,FALSE,FALSE
5500,130,AF002224_at,0.593878298251375,FALSE,FALSE
5501,2493,S75463_at,0.594238118311713,FALSE,FALSE
5502,4934,Y00317_at,0.59499705403676,FALSE,FALSE
5503,6794,HG4417-HT4687_f_at,0.595082081286251,FALSE,FALSE
5504,187,D12625_at,0.595520783159667,FALSE,FALSE
5505,3136,U38810_at,0.595563394011303,FALSE,FALSE
5506,2706,U09410_at,0.595897960665025,FALSE,FALSE
5507,4099,X07173_at,0.596072465922712,FALSE,FALSE
5508,3315,U49928_at,0.59633526246921,FALSE,FALSE
5509,4897,X98801_at,0.596608283551438,FALSE,FALSE
5510,2520,S79281_at,0.59675721421514,FALSE,FALSE
5511,2353,M91670_at,0.59691915175859,FALSE,FALSE
5512,2976,U27699_at,0.597192118311978,FALSE,FALSE
5513,6276,M30625_s_at,0.597323800348536,FALSE,FALSE
5514,5499,Y07909_at,0.597457191021559,FALSE,FALSE
5515,3943,U90909_at,0.597882386724299,FALSE,FALSE
5516,5491,X83228_at,0.598168909397969,FALSE,FALSE
5517,1518,L36861_at,0.598190432905173,FALSE,FALSE
5518,3188,U41804_at,0.598285338278639,FALSE,FALSE
5519,6938,Z00010_at,0.598719412013909,FALSE,FALSE
5520,493,D50922_at,0.598856061696881,FALSE,FALSE
5521,598,D82061_at,0.598887869285985,FALSE,FALSE
5522,380,D32202_at,0.598939877232013,FALSE,FALSE
5523,4745,X87159_at,0.598954670488147,FALSE,FALSE
5524,7055,K03207_f_at,0.599180253300612,FALSE,FALSE
5525,6459,U12259_cds2_s_at,0.599634190085857,FALSE,FALSE
5526,2551,S83308_at,0.600166287604011,FALSE,FALSE
5527,3636,U70370_at,0.600535455678399,FALSE,FALSE
5528,176,D10523_at,0.600809821772925,FALSE,FALSE
5529,1618,L42452_at,0.600843441573597,FALSE,FALSE
5530,4113,X07979_at,0.601172587368706,FALSE,FALSE
5531,4953,Y07701_at,0.601185492756659,FALSE,FALSE
5532,3963,U92014_at,0.601319409546031,FALSE,FALSE
5533,5907,HG721-HT4828_s_at,0.601462421311361,FALSE,FALSE
5534,6327,X13461_s_at,0.601654758155703,FALSE,FALSE
5535,7042,HG4490-HT4876_f_at,0.601889436959485,FALSE,FALSE
5536,6315,M55409_s_at,0.602209721388907,FALSE,FALSE
5537,297,D25218_at,0.602380375267558,FALSE,FALSE
5538,2058,M59465_at,0.603019173485301,FALSE,FALSE
5539,3370,U52426_at,0.603281243812761,FALSE,FALSE
5540,617,D83703_at,0.603305867638227,FALSE,FALSE
5541,4970,Y08374_rna1_at,0.603376394170974,FALSE,FALSE
5542,2041,M57567_at,0.603732513053345,FALSE,FALSE
5543,2622,U03877_at,0.603836257042216,FALSE,FALSE
5544,5423,U57627_at,0.604808762172537,FALSE,FALSE
5545,6091,L25286_s_at,0.604826932337344,FALSE,FALSE
5546,4864,X97065_at,0.605044276906943,FALSE,FALSE
5547,4578,X76383_at,0.605304418586751,FALSE,FALSE
5548,1484,L34075_at,0.605318642774785,FALSE,FALSE
5549,1180,L00635_at,0.605733081362296,FALSE,FALSE
5550,446,D49357_at,0.605953867762897,FALSE,FALSE
5551,3303,U49260_at,0.606123485928676,FALSE,FALSE
5552,5515,AB000816_s_at,0.606325226740699,FALSE,FALSE
5553,6227,M54914_s_at,0.606440351039297,FALSE,FALSE
5554,6949,Z83336_at,0.606782997167966,FALSE,FALSE
5555,1195,L02950_at,0.607423787069295,FALSE,FALSE
5556,7008,X78711_at,0.607551958579445,FALSE,FALSE
5557,6006,X53002_s_at,0.607658309542769,FALSE,FALSE
5558,2534,S81439_at,0.608299373585292,FALSE,FALSE
5559,4821,X93921_at,0.608544526799565,FALSE,FALSE
5560,85,AB002380_at,0.609159832951926,FALSE,FALSE
5561,6805,S78693_f_at,0.609655778833092,FALSE,FALSE
5562,2683,U08015_at,0.60971147251118,FALSE,FALSE
5563,2456,S66793_at,0.610617344370737,FALSE,FALSE
5564,1270,L10378_at,0.610762246047892,FALSE,FALSE
5565,4395,X63629_at,0.610808034649227,FALSE,FALSE
5566,3726,U77975_at,0.610926838817372,FALSE,FALSE
5567,3460,U59302_at,0.611205392191852,FALSE,FALSE
5568,781,D90209_at,0.611333548415159,FALSE,FALSE
5569,1032,HG821-HT821_at,0.611386521034271,FALSE,FALSE
5570,1031,HG742-HT742_at,0.612009315194745,FALSE,FALSE
5571,994,HG4310-HT4580_at,0.612176046751401,FALSE,FALSE
5572,734,D87464_at,0.612177172747263,FALSE,FALSE
5573,2948,U25182_at,0.612369198321923,FALSE,FALSE
5574,6042,L10333_s_at,0.612581275075357,FALSE,FALSE
5575,482,D50863_at,0.612600206824244,FALSE,FALSE
5576,1286,L11370_at,0.612952654845744,FALSE,FALSE
5577,3045,U32331_at,0.613059968692002,FALSE,FALSE
5578,5327,M14123_xpt1_at,0.613236992200064,FALSE,FALSE
5579,5412,U40571_at,0.613477149340115,FALSE,FALSE
5580,2570,U00946_at,0.613510509863087,FALSE,FALSE
5581,909,HG3344-HT3521_at,0.613657306425432,FALSE,FALSE
5582,4976,Y08639_at,0.613941351966399,FALSE,FALSE
5583,2650,U06233_at,0.613943344113735,FALSE,FALSE
5584,3680,U73338_at,0.614024291720452,FALSE,FALSE
5585,4362,X61118_rna1_at,0.614615477148599,FALSE,FALSE
5586,2070,M59979_at,0.614705604649062,FALSE,FALSE
5587,2633,U04735_at,0.614872262856111,FALSE,FALSE
5588,1573,L40392_at,0.61499852434907,FALSE,FALSE
5589,6339,S82362_s_at,0.615072663927718,FALSE,FALSE
5590,245,D14823_at,0.616263338555972,FALSE,FALSE
5591,535,D63877_at,0.616393926106347,FALSE,FALSE
5592,7082,U65918_f_at,0.616600160949192,FALSE,FALSE
5593,2960,U26174_at,0.616892975439678,FALSE,FALSE
5594,6989,U20499_at,0.617379807232268,FALSE,FALSE
5595,6146,U48436_s_at,0.617446893412325,FALSE,FALSE
5596,6246,M24766_s_at,0.617507480745253,FALSE,FALSE
5597,4344,X60036_at,0.617535408530364,FALSE,FALSE
5598,224,D14497_at,0.617951832293439,FALSE,FALSE
5599,5993,M27968_s_at,0.617974422276179,FALSE,FALSE
5600,2710,U09414_at,0.617992760956243,FALSE,FALSE
5601,2004,M37763_at,0.618899800558971,FALSE,FALSE
5602,5359,M87770_at,0.619000569527557,FALSE,FALSE
5603,1368,L19401_at,0.619026609214886,FALSE,FALSE
5604,5405,U34587_at,0.619192294245781,FALSE,FALSE
5605,1577,L40396_at,0.619194955064325,FALSE,FALSE
5606,2568,U00943_at,0.61933454356656,FALSE,FALSE
5607,1292,L11695_at,0.619608749465883,FALSE,FALSE
5608,4648,X80590_at,0.620247435737722,FALSE,FALSE
5609,2042,M57609_at,0.620325084877922,FALSE,FALSE
5610,5590,D21241_xpt1_s_at,0.62069479826334,FALSE,FALSE
5611,1994,M36803_at,0.621098932919861,FALSE,FALSE
5612,3745,U78798_at,0.621203527644245,FALSE,FALSE
5613,3642,U70732_rna1_at,0.621367588866176,FALSE,FALSE
5614,5782,HG2730-HT2827_s_at,0.621576629667125,FALSE,FALSE
5615,3533,U63542_at,0.621746808266937,FALSE,FALSE
5616,915,HG3405-HT3586_at,0.622151660115701,FALSE,FALSE
5617,4355,X60708_at,0.622774663855902,FALSE,FALSE
5618,2601,U02619_at,0.622921861407564,FALSE,FALSE
5619,3644,U70862_at,0.623459809022857,FALSE,FALSE
5620,6143,U37546_s_at,0.623752978523717,FALSE,FALSE
5621,5532,D00408_at,0.624169712467153,FALSE,FALSE
5622,5586,Z11685_s_at,0.624474123385137,FALSE,FALSE
5623,2317,M87284_at,0.625301041838441,FALSE,FALSE
5624,5693,Z74792_s_at,0.625350620470192,FALSE,FALSE
5625,367,D31815_at,0.625360926946726,FALSE,FALSE
5626,3782,U79289_at,0.625535394752031,FALSE,FALSE
5627,2346,M91083_at,0.625572709448177,FALSE,FALSE
5628,126,AF000959_at,0.625602766598949,FALSE,FALSE
5629,6959,L05144_at,0.625744566983552,FALSE,FALSE
5630,3682,U73379_at,0.62582178863749,FALSE,FALSE
5631,3082,U34683_at,0.626004574740574,FALSE,FALSE
5632,1066,J02963_at,0.626480517826081,FALSE,FALSE
5633,3427,U57352_at,0.626815866399681,FALSE,FALSE
5634,5751,HG2379-HT3997_s_at,0.627190306630805,FALSE,FALSE
5635,873,HG2755-HT2862_at,0.627715264737669,FALSE,FALSE
5636,243,D14812_at,0.627745583268998,FALSE,FALSE
5637,6954,D64053_at,0.627995449730837,FALSE,FALSE
5638,6369,X62083_s_at,0.628185834819736,FALSE,FALSE
5639,4702,X83572_at,0.628413092670635,FALSE,FALSE
5640,501,D50931_at,0.628475872479164,FALSE,FALSE
5641,5709,HG1327-HT1327_s_at,0.628497095520411,FALSE,FALSE
5642,5863,HG3914-HT4184_s_at,0.628619974534558,FALSE,FALSE
5643,4451,X67081_at,0.628806710837445,FALSE,FALSE
5644,1886,M28212_at,0.628905296414999,FALSE,FALSE
5645,953,HG3971-HT4241_at,0.629191331520418,FALSE,FALSE
5646,1861,M25756_at,0.629289352056707,FALSE,FALSE
5647,1808,M21574_at,0.629854932890709,FALSE,FALSE
5648,6286,M31774_s_at,0.629947531784423,FALSE,FALSE
5649,2767,U12978_at,0.630004871090058,FALSE,FALSE
5650,148,AF009368_at,0.630519110184068,FALSE,FALSE
5651,5199,Z70759_at,0.631399847281482,FALSE,FALSE
5652,4691,X82877_at,0.631440665912724,FALSE,FALSE
5653,2972,U27193_at,0.631604690885997,FALSE,FALSE
5654,4468,X68277_at,0.631615233990621,FALSE,FALSE
5655,3758,U79255_at,0.63197089730772,FALSE,FALSE
5656,2239,M77836_at,0.632125679156163,FALSE,FALSE
5657,1112,J04444_at,0.632183322951638,FALSE,FALSE
5658,3034,U31449_at,0.632714897149891,FALSE,FALSE
5659,1643,L76224_at,0.632763942289027,FALSE,FALSE
5660,3575,U66468_at,0.633222359763695,FALSE,FALSE
5661,568,D79205_at,0.633265442004554,FALSE,FALSE
5662,2790,U14528_at,0.633817207528787,FALSE,FALSE
5663,3913,U89336_cds7_at,0.634124778895633,FALSE,FALSE
5664,5045,Y13247_at,0.634206482115013,FALSE,FALSE
5665,5690,D88155_s_at,0.63431141855689,FALSE,FALSE
5666,3544,U64675_at,0.634544600368844,FALSE,FALSE
5667,1587,L40636_at,0.635110267883566,FALSE,FALSE
5668,3466,U59748_at,0.635112633405701,FALSE,FALSE
5669,234,D14663_at,0.635187962088913,FALSE,FALSE
5670,1069,J03068_at,0.635998517630155,FALSE,FALSE
5671,5662,M96954_s_at,0.636164561051445,FALSE,FALSE
5672,3588,U66661_at,0.636441322247209,FALSE,FALSE
5673,1794,M20777_at,0.636498425976404,FALSE,FALSE
5674,4935,Y00318_at,0.63662278256192,FALSE,FALSE
5675,2897,U20391_rna6_at,0.636656942666392,FALSE,FALSE
5676,3924,U90304_at,0.636706139080333,FALSE,FALSE
5677,6435,U05012_s_at,0.636749991053386,FALSE,FALSE
5678,5811,HG2987-HT3136_s_at,0.636835825615503,FALSE,FALSE
5679,447,D49387_at,0.63719826191085,FALSE,FALSE
5680,3467,U59752_at,0.637317795120994,FALSE,FALSE
5681,1591,L41066_at,0.63755888771491,FALSE,FALSE
5682,3529,U63332_at,0.637704624180106,FALSE,FALSE
5683,3296,U49082_at,0.637944144813898,FALSE,FALSE
5684,6554,U74382_s_at,0.638100654738463,FALSE,FALSE
5685,2529,S81003_at,0.638253353882167,FALSE,FALSE
5686,850,HG2507-HT2603_at,0.639044357877048,FALSE,FALSE
5687,5687,U52191_s_at,0.639316440982987,FALSE,FALSE
5688,716,D87445_at,0.639463286711899,FALSE,FALSE
5689,4416,X65233_at,0.640294307974019,FALSE,FALSE
5690,4260,X54232_at,0.64158090838736,FALSE,FALSE
5691,784,D90282_at,0.641636854339372,FALSE,FALSE
5692,3582,U66581_at,0.641654957428625,FALSE,FALSE
5693,1574,L40393_at,0.641742473213331,FALSE,FALSE
5694,1705,M13903_at,0.641814189482564,FALSE,FALSE
5695,2975,U27655_at,0.642202240735595,FALSE,FALSE
5696,4824,X94333_at,0.642294227830339,FALSE,FALSE
5697,1284,L11353_at,0.642795732015878,FALSE,FALSE
5698,4255,X53795_at,0.64362407899189,FALSE,FALSE
5699,5493,X90392_at,0.643784235468397,FALSE,FALSE
5700,4694,X83127_at,0.643860867908695,FALSE,FALSE
5701,795,HG1116-HT1116_at,0.644113350864038,FALSE,FALSE
5702,1771,M18728_at,0.64413232043532,FALSE,FALSE
5703,3190,U41815_at,0.644311923400316,FALSE,FALSE
5704,2082,M60331_at,0.644324647867991,FALSE,FALSE
5705,6126,L40386_s_at,0.644374574928137,FALSE,FALSE
5706,4726,X85740_at,0.64449696508912,FALSE,FALSE
5707,604,D82346_at,0.644842425712737,FALSE,FALSE
5708,987,HG4243-HT4513_at,0.645466645249592,FALSE,FALSE
5709,4742,X86779_at,0.645665334363254,FALSE,FALSE
5710,2874,U18985_at,0.645889490720914,FALSE,FALSE
5711,6583,U52828_s_at,0.645893862991387,FALSE,FALSE
5712,6406,S76978_s_at,0.646029807138908,FALSE,FALSE
5713,2499,S76992_at,0.64610308633284,FALSE,FALSE
5714,6600,Y08417_s_at,0.646388597341984,FALSE,FALSE
5715,1496,L35035_at,0.646735094171428,FALSE,FALSE
5716,3409,U56102_at,0.646796078380999,FALSE,FALSE
5717,1559,L39211_at,0.647131807777067,FALSE,FALSE
5718,4658,X81003_at,0.647490144933125,FALSE,FALSE
5719,3999,U96769_rna1_at,0.647545302906718,FALSE,FALSE
5720,5747,HG2358-HT4858_s_at,0.647823817383664,FALSE,FALSE
5721,23,AFFX-LysX-5_at,0.647977402907134,FALSE,FALSE
5722,999,HG4333-HT4603_at,0.648312330596753,FALSE,FALSE
5723,5384,U13022_at,0.648348960832162,FALSE,FALSE
5724,3711,U77413_at,0.648749851825656,FALSE,FALSE
5725,2294,M85165_at,0.649085380300056,FALSE,FALSE
5726,4492,X69908_rna1_at,0.649406670085234,FALSE,FALSE
5727,1243,L07868_at,0.649874864509406,FALSE,FALSE
5728,3152,U39573_at,0.64999582390173,FALSE,FALSE
5729,6383,X62515_s_at,0.65006027976861,FALSE,FALSE
5730,6557,U40846_s_at,0.650482726711282,FALSE,FALSE
5731,6159,M11313_s_at,0.650781300977453,FALSE,FALSE
5732,6731,S82297_at,0.650812662689727,FALSE,FALSE
5733,5118,Z30425_at,0.650879371339942,FALSE,FALSE
5734,5644,D49354_s_at,0.651437620091758,FALSE,FALSE
5735,6018,M21642_at,0.651488003864326,FALSE,FALSE
5736,6528,U31903_s_at,0.651841642040292,FALSE,FALSE
5737,6342,M62628_s_at,0.652069608042126,FALSE,FALSE
5738,5013,Y10511_at,0.652419598238481,FALSE,FALSE
5739,2326,M88279_at,0.652606982674515,FALSE,FALSE
5740,4302,X57129_at,0.653408522832529,FALSE,FALSE
5741,2782,U13948_at,0.653645090115216,FALSE,FALSE
5742,5953,M17446_s_at,0.653681190290456,FALSE,FALSE
5743,3308,U49436_at,0.654374480283793,FALSE,FALSE
5744,4331,X59618_at,0.654714797777514,FALSE,FALSE
5745,6864,M55419_at,0.654803921273011,FALSE,FALSE
5746,4537,X74328_rna1_at,0.654971880617978,FALSE,FALSE
5747,842,HG2415-HT2511_at,0.655182021556695,FALSE,FALSE
5748,6187,M27396_s_at,0.655557831916837,FALSE,FALSE
5749,6117,L37036_s_at,0.655739973349911,FALSE,FALSE
5750,3864,U84540_at,0.655912300028307,FALSE,FALSE
5751,6172,M34353_s_at,0.655979729309263,FALSE,FALSE
5752,6660,X13100_s_at,0.656313927889494,FALSE,FALSE
5753,5861,S80267_s_at,0.656364632767136,FALSE,FALSE
5754,4528,X73501_at,0.656719904535501,FALSE,FALSE
5755,1425,L25270_at,0.657024736687347,FALSE,FALSE
5756,7054,K03204_f_at,0.657691471869593,FALSE,FALSE
5757,525,D63484_at,0.658066735876012,FALSE,FALSE
5758,5842,HG3426-HT3610_s_at,0.658149062049541,FALSE,FALSE
5759,3457,U59228_at,0.658217645619492,FALSE,FALSE
5760,7113,L78833_cds4_at,0.658329990579509,FALSE,FALSE
5761,6258,M27533_s_at,0.658474233700146,FALSE,FALSE
5762,2605,U03056_at,0.658583170210533,FALSE,FALSE
5763,3125,U37529_at,0.659127494652301,FALSE,FALSE
5764,6138,L47125_s_at,0.65925403784753,FALSE,FALSE
5765,5333,M19154_at,0.659346963034343,FALSE,FALSE
5766,2176,M68516_rna1_at,0.659459530900574,FALSE,FALSE
5767,184,D11151_at,0.659486688643208,FALSE,FALSE
5768,853,HG2538-HT2634_at,0.659660973844016,FALSE,FALSE
5769,6059,U03397_s_at,0.659721538425954,FALSE,FALSE
5770,1687,M11749_at,0.659949740240875,FALSE,FALSE
5771,5483,X77753_at,0.659965382376834,FALSE,FALSE
5772,6639,U83598_at,0.660540245010619,FALSE,FALSE
5773,1855,M25269_at,0.660673804942814,FALSE,FALSE
5774,2640,U05227_at,0.660704245943671,FALSE,FALSE
5775,2287,M84349_at,0.661105790329348,FALSE,FALSE
5776,6773,X98482_r_at,0.661122111222562,FALSE,FALSE
5777,4309,X57830_at,0.661178749265581,FALSE,FALSE
5778,1876,M27288_at,0.661262053959064,FALSE,FALSE
5779,4408,X64559_at,0.661489058400174,FALSE,FALSE
5780,2643,U05291_at,0.661827833850742,FALSE,FALSE
5781,1512,L36642_at,0.66187856517408,FALSE,FALSE
5782,2910,U21049_at,0.661928402762744,FALSE,FALSE
5783,2849,U17894_at,0.661964184453924,FALSE,FALSE
5784,462,D49958_at,0.662181625197324,FALSE,FALSE
5785,1443,L27560_at,0.662364545265722,FALSE,FALSE
5786,1009,HG4542-HT4947_at,0.662517700074734,FALSE,FALSE
5787,2491,S75295_at,0.662659235464735,FALSE,FALSE
5788,3395,U53830_at,0.663102012999359,FALSE,FALSE
5789,6972,M25296_at,0.66326243480541,FALSE,FALSE
5790,4747,X87176_at,0.663436553320123,FALSE,FALSE
5791,10,AFFX-BioB-5_st,0.663592403979256,FALSE,FALSE
5792,645,D85423_at,0.663674571430692,FALSE,FALSE
5793,4220,X51953_at,0.663893944757053,FALSE,FALSE
5794,6485,U29943_s_at,0.664333208824144,FALSE,FALSE
5795,6519,U27333_at,0.664480078372606,FALSE,FALSE
5796,3892,U87408_at,0.664682889929185,FALSE,FALSE
5797,425,D42087_at,0.664991551069155,FALSE,FALSE
5798,591,D80007_at,0.665275227877995,FALSE,FALSE
5799,1715,M14123_xpt3_at,0.665815446828177,FALSE,FALSE
5800,1937,M31661_at,0.666417683992138,FALSE,FALSE
5801,5025,Y11180_at,0.666544566948338,FALSE,FALSE
5802,4397,X63679_at,0.6666388310417,FALSE,FALSE
5803,1859,M25629_at,0.666940211954226,FALSE,FALSE
5804,5504,Z31695_at,0.667107555454839,FALSE,FALSE
5805,5784,M58569_s_at,0.66714858318781,FALSE,FALSE
5806,5490,X82835_at,0.667270573884105,FALSE,FALSE
5807,4228,X52011_at,0.667355426310249,FALSE,FALSE
5808,117,AD001527_cds1_at,0.667807620202567,FALSE,FALSE
5809,3998,U96629_rna2_at,0.667999932675391,FALSE,FALSE
5810,6765,M96132_at,0.668249668660922,FALSE,FALSE
5811,1367,L19314_at,0.668321418448828,FALSE,FALSE
5812,3026,U31120_rna1_at,0.668497850707625,FALSE,FALSE
5813,6111,L35253_s_at,0.668605094766798,FALSE,FALSE
5814,924,HG3502-HT3696_at,0.668866566254788,FALSE,FALSE
5815,5167,Z48923_at,0.669115567010889,FALSE,FALSE
5816,743,D87683_at,0.669222464727545,FALSE,FALSE
5817,6809,D16154_at,0.669317115676891,FALSE,FALSE
5818,2973,U27330_at,0.669322754181854,FALSE,FALSE
5819,3156,U39840_at,0.669328988498191,FALSE,FALSE
5820,1347,L16862_at,0.670226963281443,FALSE,FALSE
5821,2332,M89473_at,0.670363014477622,FALSE,FALSE
5822,5568,D13814_s_at,0.670502108907433,FALSE,FALSE
5823,2150,M64358_at,0.6708187450808,FALSE,FALSE
5824,6815,HG1980-HT2023_at,0.67111362680276,FALSE,FALSE
5825,2708,U09412_at,0.671232207895103,FALSE,FALSE
5826,6506,U22431_s_at,0.671428833646135,FALSE,FALSE
5827,2136,M63623_at,0.671656552313403,FALSE,FALSE
5828,1418,L24564_at,0.672577941364566,FALSE,FALSE
5829,4552,X75304_at,0.672670830795347,FALSE,FALSE
5830,4010,V00572_at,0.672930081353519,FALSE,FALSE
5831,6417,U95019_s_at,0.673204082396784,FALSE,FALSE
5832,1469,L32164_at,0.673405112557801,FALSE,FALSE
5833,5421,U50196_at,0.674186273677378,FALSE,FALSE
5834,6844,M10942_at,0.674230760943086,FALSE,FALSE
5835,1533,L38025_at,0.674465287559308,FALSE,FALSE
5836,3223,U43923_at,0.674602991615621,FALSE,FALSE
5837,907,HG331-HT331_at,0.675227829042373,FALSE,FALSE
5838,209,D13640_at,0.67531407401788,FALSE,FALSE
5839,391,D38449_at,0.67565963233006,FALSE,FALSE
5840,4833,X95152_rna1_at,0.675668904827234,FALSE,FALSE
5841,6530,U32674_s_at,0.675734329073071,FALSE,FALSE
5842,1336,L14927_at,0.675794238887796,FALSE,FALSE
5843,190,D12763_at,0.675812145586971,FALSE,FALSE
5844,2085,M60556_rna2_at,0.675960321233609,FALSE,FALSE
5845,843,HG2416-HT2512_at,0.676492507970136,FALSE,FALSE
5846,4675,X82125_at,0.676833897682017,FALSE,FALSE
5847,4032,X02530_at,0.677033916253333,FALSE,FALSE
5848,514,D63390_at,0.677067908564236,FALSE,FALSE
5849,2734,U10492_at,0.678131772412644,FALSE,FALSE
5850,4790,X91247_at,0.678204762175247,FALSE,FALSE
5851,4895,X98507_at,0.678228634395336,FALSE,FALSE
5852,2320,M87434_at,0.678412600143672,FALSE,FALSE
5853,3687,U73704_at,0.678481755145753,FALSE,FALSE
5854,4924,X99894_at,0.678952104421178,FALSE,FALSE
5855,4205,X17651_at,0.678970915296071,FALSE,FALSE
5856,4508,X71135_at,0.679123819564359,FALSE,FALSE
5857,3145,U39231_at,0.679518103302005,FALSE,FALSE
5858,4108,X07767_at,0.679596476147815,FALSE,FALSE
5859,1672,M11058_at,0.679609112276631,FALSE,FALSE
5860,2432,M99701_at,0.679638924051048,FALSE,FALSE
5861,3867,U84573_at,0.680157628833156,FALSE,FALSE
5862,1333,L14837_at,0.680287355662149,FALSE,FALSE
5863,935,HG3627-HT3836_at,0.681304628326806,FALSE,FALSE
5864,6264,M28882_s_at,0.681418718726096,FALSE,FALSE
5865,6152,U64805_s_at,0.681514818527032,FALSE,FALSE
5866,5243,D13146_cds1_at,0.681564662735112,FALSE,FALSE
5867,4858,X96783_rna1_at,0.681883361984094,FALSE,FALSE
5868,4822,X93996_rna1_at,0.682388151820548,FALSE,FALSE
5869,7081,U49974_f_at,0.682560335413125,FALSE,FALSE
5870,4360,X61079_at,0.682732718330469,FALSE,FALSE
5871,1115,J04501_at,0.682755293343325,FALSE,FALSE
5872,4151,X14813_at,0.682785863094698,FALSE,FALSE
5873,3002,U29607_at,0.682796067880288,FALSE,FALSE
5874,517,D63475_at,0.682965107421226,FALSE,FALSE
5875,3305,U49352_at,0.683102408642881,FALSE,FALSE
5876,5866,HG3925-HT4195_s_at,0.683207715309467,FALSE,FALSE
5877,314,D26361_at,0.683524950276157,FALSE,FALSE
5878,3290,U48807_at,0.683529460946324,FALSE,FALSE
5879,4929,Y00064_at,0.683881006363607,FALSE,FALSE
5880,3265,U47054_at,0.684003695584512,FALSE,FALSE
5881,260,D16532_at,0.684216706730906,FALSE,FALSE
5882,4298,X56807_at,0.684391000395639,FALSE,FALSE
5883,1578,L40399_at,0.684605061179712,FALSE,FALSE
5884,6774,HG1067-HT1067_r_at,0.684672737705314,FALSE,FALSE
5885,3641,U70671_at,0.684767276692104,FALSE,FALSE
5886,6499,U19147_s_at,0.685222866621114,FALSE,FALSE
5887,6245,M24748_cds2_s_at,0.685491904629248,FALSE,FALSE
5888,5535,D00003_s_at,0.685623656324377,FALSE,FALSE
5889,1673,M11119_at,0.685861961757932,FALSE,FALSE
5890,3753,U79249_at,0.686126097947685,FALSE,FALSE
5891,3721,U77845_at,0.686226700657498,FALSE,FALSE
5892,2101,M61906_at,0.686393518830817,FALSE,FALSE
5893,4716,X84746_at,0.686876880700159,FALSE,FALSE
5894,1444,L27586_at,0.687015130341476,FALSE,FALSE
5895,6026,L04483_s_at,0.68706004869577,FALSE,FALSE
5896,1479,L33801_at,0.687152132974459,FALSE,FALSE
5897,4051,X04011_at,0.687190634738254,FALSE,FALSE
5898,663,D86962_at,0.687199102072195,FALSE,FALSE
5899,5509,J03060_at,0.687503797321466,FALSE,FALSE
5900,3476,U60116_at,0.687640195819311,FALSE,FALSE
5901,2877,U19142_at,0.688135605418519,FALSE,FALSE
5902,5654,D50855_s_at,0.688462341189749,FALSE,FALSE
5903,4294,X56667_at,0.688946831121972,FALSE,FALSE
5904,6014,M69197_xpt2_s_at,0.689145926154275,FALSE,FALSE
5905,4899,X98834_rna1_at,0.689450531251107,FALSE,FALSE
5906,3294,U49065_at,0.689934242536045,FALSE,FALSE
5907,5250,D26070_at,0.690729448908967,FALSE,FALSE
5908,1314,L13720_at,0.690894701205105,FALSE,FALSE
5909,3777,U79282_at,0.690961264197465,FALSE,FALSE
5910,731,D87461_at,0.690963622607678,FALSE,FALSE
5911,746,D87735_at,0.691119201974021,FALSE,FALSE
5912,3977,U94332_at,0.691292944563124,FALSE,FALSE
5913,4245,X52947_at,0.691351421526033,FALSE,FALSE
5914,2521,S79522_at,0.691531347067062,FALSE,FALSE
5915,6108,L33262_s_at,0.691545860844173,FALSE,FALSE
5916,7107,U88902_cds1_f_at,0.692052712977338,FALSE,FALSE
5917,3062,U33267_at,0.692138110664573,FALSE,FALSE
5918,2013,M54968_at,0.69216138682599,FALSE,FALSE
5919,1030,HG732-HT732_at,0.692328480752982,FALSE,FALSE
5920,6017,M26901_s_at,0.692721198609649,FALSE,FALSE
5921,7100,X99479_f_at,0.692723483353449,FALSE,FALSE
5922,2853,U18009_at,0.692868458852795,FALSE,FALSE
5923,3772,U79273_at,0.69295645049269,FALSE,FALSE
5924,4217,X51801_at,0.693830887921538,FALSE,FALSE
5925,942,HG384-HT384_at,0.694155553054703,FALSE,FALSE
5926,4957,Y07828_at,0.694220128086234,FALSE,FALSE
5927,1716,M14123_xpt4_at,0.6942866148261,FALSE,FALSE
5928,6579,U52077_s_at,0.694792067798052,FALSE,FALSE
5929,5072,Z19574_rna1_at,0.694907885306852,FALSE,FALSE
5930,4679,X82224_at,0.695338055706573,FALSE,FALSE
5931,4838,X95289_at,0.695366392877811,FALSE,FALSE
5932,5229,Z84721_cds2_at,0.695474885485858,FALSE,FALSE
5933,2654,U06632_at,0.695562659619332,FALSE,FALSE
5934,5731,HG1827-HT1856_s_at,0.695592927788004,FALSE,FALSE
5935,5138,Z37166_at,0.695878453585415,FALSE,FALSE
5936,6238,M23892_s_at,0.6960949895412,FALSE,FALSE
5937,3420,U57092_at,0.696106583734377,FALSE,FALSE
5938,6220,X58298_s_at,0.696160247921744,FALSE,FALSE
5939,4129,X13255_at,0.696277588233802,FALSE,FALSE
5940,4009,V00571_rna1_at,0.696365969597945,FALSE,FALSE
5941,2440,S48983_at,0.696665181896985,FALSE,FALSE
5942,6073,U23430_s_at,0.69675021594001,FALSE,FALSE
5943,2053,M58583_at,0.696797283029375,FALSE,FALSE
5944,3573,U66406_at,0.696824841768609,FALSE,FALSE
5945,4012,V01512_rna1_at,0.697178434551261,FALSE,FALSE
5946,3545,U64863_at,0.69732107532638,FALSE,FALSE
5947,4880,X98001_at,0.697701356059073,FALSE,FALSE
5948,863,HG2686-HT2782_at,0.697847883449555,FALSE,FALSE
5949,6880,S73840_at,0.698194803471725,FALSE,FALSE
5950,63,AB000220_at,0.698510684361545,FALSE,FALSE
5951,3404,U55764_at,0.698598688843347,FALSE,FALSE
5952,1535,L38487_at,0.699232080552086,FALSE,FALSE
5953,3388,U53442_at,0.699612026929666,FALSE,FALSE
5954,5903,L07261_s_at,0.69989940260032,FALSE,FALSE
5955,6337,M61832_s_at,0.699957506314701,FALSE,FALSE
5956,66,AB000450_at,0.700331874963722,FALSE,FALSE
5957,449,D49396_at,0.700458794543911,FALSE,FALSE
5958,1622,L42621_at,0.700682621262884,FALSE,FALSE
5959,2799,U14970_at,0.701047119161022,FALSE,FALSE
5960,6003,J05252_s_at,0.701718803093176,FALSE,FALSE
5961,2064,M59829_at,0.701921019458628,FALSE,FALSE
5962,6769,U90546_r_at,0.703071437491951,FALSE,FALSE
5963,102,AC000115_cds1_at,0.703135850486797,FALSE,FALSE
5964,1628,L47345_at,0.703194787292079,FALSE,FALSE
5965,623,D83779_at,0.703840562884221,FALSE,FALSE
5966,6851,M21302_at,0.703945610270601,FALSE,FALSE
5967,1476,L33477_at,0.704237207659951,FALSE,FALSE
5968,2470,S70585_rna1_at,0.704440222599809,FALSE,FALSE
5969,2427,M98776_rna1_at,0.704465810117356,FALSE,FALSE
5970,6145,L76528_s_at,0.704828883087259,FALSE,FALSE
5971,5523,AC002045_xpt2_s_at,0.704984380330537,FALSE,FALSE
5972,778,D90084_at,0.705208371579082,FALSE,FALSE
5973,1004,HG4458-HT4727_at,0.705362368228565,FALSE,FALSE
5974,2202,M74091_at,0.705654602993372,FALSE,FALSE
5975,5003,Y10209_at,0.70572923084822,FALSE,FALSE
5976,2340,M90656_at,0.705736630846993,FALSE,FALSE
5977,4111,X07876_at,0.705801839784529,FALSE,FALSE
5978,4633,X79781_at,0.705861618179764,FALSE,FALSE
5979,4671,X81895_at,0.706046977072077,FALSE,FALSE
5980,1455,L29218_at,0.706483835647007,FALSE,FALSE
5981,5181,Z50194_at,0.706845874037755,FALSE,FALSE
5982,1508,L36151_at,0.707237276930009,FALSE,FALSE
5983,2900,U20582_at,0.707307135487602,FALSE,FALSE
5984,2246,M80478_at,0.707809251654845,FALSE,FALSE
5985,4473,X68561_at,0.708539861717131,FALSE,FALSE
5986,3850,U82987_at,0.708915721335134,FALSE,FALSE
5987,5252,D29805_at,0.709085000627979,FALSE,FALSE
5988,420,D42063_at,0.709591872823875,FALSE,FALSE
5989,3134,U38480_at,0.710118942820201,FALSE,FALSE
5990,154,AF015910_at,0.710318580765472,FALSE,FALSE
5991,4411,X64707_at,0.710484348737464,FALSE,FALSE
5992,6848,M14306_at,0.710514024034744,FALSE,FALSE
5993,2963,U26591_at,0.711032565047108,FALSE,FALSE
5994,5413,U40705_at,0.711058710976182,FALSE,FALSE
5995,2615,U03399_at,0.711255243261228,FALSE,FALSE
5996,4215,X51730_at,0.71177477603507,FALSE,FALSE
5997,1417,L24559_at,0.71297359777919,FALSE,FALSE
5998,212,D13643_at,0.713296602152834,FALSE,FALSE
5999,3212,U43408_at,0.714114552665016,FALSE,FALSE
6000,3220,U43843_at,0.714395760759179,FALSE,FALSE
6001,4271,X54938_at,0.714511144208665,FALSE,FALSE
6002,274,D17716_at,0.714582732060134,FALSE,FALSE
6003,6211,X54667_at,0.714588619034435,FALSE,FALSE
6004,6899,U43944_at,0.714725922488326,FALSE,FALSE
6005,5079,Z22535_at,0.714737153523209,FALSE,FALSE
6006,6460,U02566_s_at,0.715043049705724,FALSE,FALSE
6007,1482,L34059_at,0.715204069942838,FALSE,FALSE
6008,6400,M96738_s_at,0.716517859159354,FALSE,FALSE
6009,1229,L07077_at,0.716672568823677,FALSE,FALSE
6010,1191,L02785_at,0.717093720221504,FALSE,FALSE
6011,1491,L34600_at,0.717333949135976,FALSE,FALSE
6012,2407,M96789_at,0.717509832813342,FALSE,FALSE
6013,6710,Z69043_s_at,0.71835961213263,FALSE,FALSE
6014,6894,U25975_at,0.718714099486543,FALSE,FALSE
6015,6935,X99133_at,0.71953371445018,FALSE,FALSE
6016,6397,M95585_s_at,0.719664721142009,FALSE,FALSE
6017,6409,X66142_s_at,0.719927565281406,FALSE,FALSE
6018,244,D14822_at,0.720002937716158,FALSE,FALSE
6019,5746,M86757_s_at,0.720088125329984,FALSE,FALSE
6020,5294,L04731_at,0.720219352936066,FALSE,FALSE
6021,5527,D10667_s_at,0.720490990901607,FALSE,FALSE
6022,2206,M74161_at,0.720578514662381,FALSE,FALSE
6023,1265,L10123_at,0.721191607639897,FALSE,FALSE
6024,5606,D29675_s_at,0.721251213681425,FALSE,FALSE
6025,3928,U90426_at,0.722236091573224,FALSE,FALSE
6026,476,D50678_at,0.722635747655152,FALSE,FALSE
6027,5005,Y10256_at,0.722866624232536,FALSE,FALSE
6028,5365,M97252_at,0.722923299011597,FALSE,FALSE
6029,4453,X67155_at,0.72301176376941,FALSE,FALSE
6030,4882,X98172_at,0.723424324981273,FALSE,FALSE
6031,7129,Z78285_f_at,0.723598886619728,FALSE,FALSE
6032,3329,U50553_at,0.724110398092983,FALSE,FALSE
6033,6839,L13740_at,0.724511370284493,FALSE,FALSE
6034,1091,J03890_rna1_at,0.72483869379241,FALSE,FALSE
6035,1372,L19605_at,0.725114610313748,FALSE,FALSE
6036,2357,M92424_at,0.725176787821848,FALSE,FALSE
6037,299,D25274_at,0.725408588672348,FALSE,FALSE
6038,225,D14520_at,0.725804116486165,FALSE,FALSE
6039,877,HG2825-HT2949_at,0.726396854458731,FALSE,FALSE
6040,6365,M77348_rna1_s_at,0.726403327566238,FALSE,FALSE
6041,5027,Y11251_at,0.72661760439122,FALSE,FALSE
6042,3659,U72209_at,0.726912194162927,FALSE,FALSE
6043,1250,L08424_at,0.727219477266308,FALSE,FALSE
6044,2068,M59941_at,0.727305378312641,FALSE,FALSE
6045,1407,L22342_at,0.727320029558891,FALSE,FALSE
6046,7056,L00389_f_at,0.727692929976606,FALSE,FALSE
6047,6189,M16474_s_at,0.727771894003255,FALSE,FALSE
6048,5160,Z48520_at,0.727868220520502,FALSE,FALSE
6049,6029,M26665_at,0.728413999265544,FALSE,FALSE
6050,4938,Y00503_at,0.72865315729551,FALSE,FALSE
6051,4581,X76538_at,0.728955905990232,FALSE,FALSE
6052,1848,M24461_at,0.729188072197635,FALSE,FALSE
6053,5589,X91653_s_at,0.729734078184541,FALSE,FALSE
6054,3415,U56816_at,0.72980502844696,FALSE,FALSE
6055,5685,U65533_s_at,0.729836262967903,FALSE,FALSE
6056,4026,X01630_at,0.730781851598746,FALSE,FALSE
6057,4928,Y00062_at,0.731336542659912,FALSE,FALSE
6058,362,D31765_at,0.731529521416902,FALSE,FALSE
6059,5156,Z48481_at,0.73176480036731,FALSE,FALSE
6060,554,D78129_at,0.732094905124673,FALSE,FALSE
6061,2880,U19345_at,0.73226331504343,FALSE,FALSE
6062,458,D49742_at,0.732815533244446,FALSE,FALSE
6063,1562,L40027_at,0.733036775055248,FALSE,FALSE
6064,4587,X77166_at,0.733802003522285,FALSE,FALSE
6065,5425,U58675_cds2_at,0.733876995913789,FALSE,FALSE
6066,6943,Z49105_at,0.733903974468526,FALSE,FALSE
6067,3,AFFX-BioB-3_at,0.73407205178716,FALSE,FALSE
6068,2613,U03274_at,0.73476590602252,FALSE,FALSE
6069,5667,D79984_s_at,0.734829166874019,FALSE,FALSE
6070,1528,L37368_at,0.735066827682183,FALSE,FALSE
6071,3164,U40370_at,0.735292837786845,FALSE,FALSE
6072,2857,U18237_at,0.735338601492883,FALSE,FALSE
6073,3791,U79299_at,0.735352667109143,FALSE,FALSE
6074,4277,X55544_at,0.735369109404648,FALSE,FALSE
6075,4603,X78342_at,0.736248601637158,FALSE,FALSE
6076,6634,Y10262_s_at,0.736488960049933,FALSE,FALSE
6077,4061,X04391_at,0.736618015218482,FALSE,FALSE
6078,4422,X65663_at,0.736959052044302,FALSE,FALSE
6079,1035,HG831-HT831_at,0.737349209345413,FALSE,FALSE
6080,5042,Y12856_at,0.737440396054303,FALSE,FALSE
6081,2017,M55047_at,0.737605398377839,FALSE,FALSE
6082,7030,D32129_f_at,0.737692664917,FALSE,FALSE
6083,3238,U45880_at,0.738273060062558,FALSE,FALSE
6084,2779,U13706_at,0.739034121507951,FALSE,FALSE
6085,3287,U48697_at,0.739325605940963,FALSE,FALSE
6086,4162,X15306_rna1_at,0.73942746820058,FALSE,FALSE
6087,1752,M16447_at,0.739442733149265,FALSE,FALSE
6088,7101,HG658-HT658_f_at,0.739453624837492,FALSE,FALSE
6089,5269,D87002_cds2_at,0.739552382522603,FALSE,FALSE
6090,3825,U81787_at,0.739984069076402,FALSE,FALSE
6091,575,D79990_at,0.740283519677216,FALSE,FALSE
6092,4863,X97064_at,0.7408500617411,FALSE,FALSE
6093,6230,M21665_s_at,0.741145945989234,FALSE,FALSE
6094,5659,D63882_s_at,0.741496686027758,FALSE,FALSE
6095,1545,L38928_at,0.74162754046777,FALSE,FALSE
6096,5275,HG3543-HT3739_at,0.741696317838452,FALSE,FALSE
6097,6450,S82597_rna1_s_at,0.741805876018695,FALSE,FALSE
6098,6352,Z26491_s_at,0.741860730575933,FALSE,FALSE
6099,3563,U66033_at,0.741962314127631,FALSE,FALSE
6100,1667,M10050_at,0.742008331469532,FALSE,FALSE
6101,7124,X16699_at,0.742903299154924,FALSE,FALSE
6102,773,D89501_at,0.743179079360877,FALSE,FALSE
6103,3501,U61374_at,0.743435554188174,FALSE,FALSE
6104,3875,U85658_at,0.743479901567525,FALSE,FALSE
6105,3328,U50535_at,0.743657264504325,FALSE,FALSE
6106,383,D38037_at,0.743768978553498,FALSE,FALSE
6107,3245,U45983_at,0.743808209423806,FALSE,FALSE
6108,452,D49488_at,0.744338544668429,FALSE,FALSE
6109,2639,U05040_at,0.744380111180902,FALSE,FALSE
6110,5722,HG1751-HT1768_s_at,0.74450115949333,FALSE,FALSE
6111,240,D14695_at,0.744608457889865,FALSE,FALSE
6112,1650,L76927_rna1_at,0.74463712380623,FALSE,FALSE
6113,2405,M96740_at,0.744710424880353,FALSE,FALSE
6114,1074,J03191_at,0.744743719171598,FALSE,FALSE
6115,6772,X98482_at,0.744967846832808,FALSE,FALSE
6116,2740,U10991_at,0.745038622498353,FALSE,FALSE
6117,6077,X64624_s_at,0.745383984762972,FALSE,FALSE
6118,3035,U31501_at,0.745878175608064,FALSE,FALSE
6119,4356,X60957_at,0.746189934307918,FALSE,FALSE
6120,6116,U17743_s_at,0.746210306191438,FALSE,FALSE
6121,3828,U82010_rna1_at,0.746728166887715,FALSE,FALSE
6122,3983,U94831_at,0.747100954062969,FALSE,FALSE
6123,3902,U88871_at,0.747129546470537,FALSE,FALSE
6124,4320,X58964_at,0.747349601830139,FALSE,FALSE
6125,5795,HG2809-HT2920_s_at,0.748051702922791,FALSE,FALSE
6126,2471,S70609_at,0.748103591614653,FALSE,FALSE
6127,2078,M60298_at,0.748191815009521,FALSE,FALSE
6128,5757,X52611_s_at,0.748342401699028,FALSE,FALSE
6129,3511,U62325_at,0.748409529996865,FALSE,FALSE
6130,2314,M86868_at,0.748450679883249,FALSE,FALSE
6131,2801,U14972_at,0.748675695360507,FALSE,FALSE
6132,4777,X90828_at,0.749099339189894,FALSE,FALSE
6133,4540,X74496_at,0.749739518647035,FALSE,FALSE
6134,551,D78011_at,0.750126594352747,FALSE,FALSE
6135,3478,U60269_cds1_at,0.750276155724098,FALSE,FALSE
6136,5194,Z70219_at,0.750376562641592,FALSE,FALSE
6137,6344,M73746_s_at,0.750778279422086,FALSE,FALSE
6138,4020,X00588_at,0.7511006195849,FALSE,FALSE
6139,5633,D38537_s_at,0.751205901771121,FALSE,FALSE
6140,6785,HG1034-HT1034_f_at,0.751268273072718,FALSE,FALSE
6141,2333,M89796_rna1_at,0.751520222751293,FALSE,FALSE
6142,5035,Y11999_at,0.751572197185203,FALSE,FALSE
6143,303,D25538_at,0.751695736883467,FALSE,FALSE
6144,3000,U29343_at,0.751701808518848,FALSE,FALSE
6145,3535,U63743_at,0.751702354166074,FALSE,FALSE
6146,5287,J05633_at,0.7526009187427,FALSE,FALSE
6147,1136,J05037_at,0.75284507787652,FALSE,FALSE
6148,789,HG1078-HT1078_at,0.753132038845851,FALSE,FALSE
6149,6580,X99374_s_at,0.753241164465631,FALSE,FALSE
6150,1856,M25280_at,0.753416217593194,FALSE,FALSE
6151,4178,X16064_at,0.753432720747066,FALSE,FALSE
6152,1263,L10035_at,0.753477480992533,FALSE,FALSE
6153,3340,U51096_at,0.75393197215025,FALSE,FALSE
6154,3222,U43899_at,0.754254220572761,FALSE,FALSE
6155,4074,X05246_at,0.754828365054826,FALSE,FALSE
6156,652,D86096_cds3_at,0.754929818434396,FALSE,FALSE
6157,6713,X95240_s_at,0.755573783589254,FALSE,FALSE
6158,7122,U73738_at,0.755920312601237,FALSE,FALSE
6159,1073,J03171_at,0.755980645375313,FALSE,FALSE
6160,376,D31891_at,0.756195227261728,FALSE,FALSE
6161,6582,U52696_s_at,0.756341237857557,FALSE,FALSE
6162,4962,Y07867_at,0.756504031207602,FALSE,FALSE
6163,6502,U31973_s_at,0.756869571448647,FALSE,FALSE
6164,5648,D49824_s_at,0.757068281402566,FALSE,FALSE
6165,5580,D16611_s_at,0.757113175887859,FALSE,FALSE
6166,5074,Z21488_at,0.757337757740155,FALSE,FALSE
6167,6686,X64877_at,0.757347228935382,FALSE,FALSE
6168,16,AFFX-BioDn-3_st,0.758029575305932,FALSE,FALSE
6169,336,D28588_at,0.75804359590779,FALSE,FALSE
6170,5602,X59842_rna1_s_at,0.758096548355596,FALSE,FALSE
6171,3843,U82535_at,0.758098752115653,FALSE,FALSE
6172,5575,S68271_s_at,0.758206159711237,FALSE,FALSE
6173,6321,M55682_s_at,0.758270969194413,FALSE,FALSE
6174,3403,U55258_at,0.758380653999984,FALSE,FALSE
6175,2742,U11037_at,0.758387339185452,FALSE,FALSE
6176,5096,Z25749_rna1_at,0.758474979682055,FALSE,FALSE
6177,6065,L15296_s_at,0.758563555069343,FALSE,FALSE
6178,1894,M28827_at,0.758791428966674,FALSE,FALSE
6179,24,AFFX-LysX-M_at,0.758836704049321,FALSE,FALSE
6180,6081,U18088_s_at,0.758885454289251,FALSE,FALSE
6181,2994,U28831_at,0.759335110364132,FALSE,FALSE
6182,5424,U58675_cds1_at,0.760002481655292,FALSE,FALSE
6183,5999,J04810_s_at,0.760061640936898,FALSE,FALSE
6184,3360,U52100_at,0.760087898094884,FALSE,FALSE
6185,3585,U66617_at,0.7601885267277,FALSE,FALSE
6186,588,D80004_at,0.760622620213941,FALSE,FALSE
6187,3751,U79247_at,0.76107608585452,FALSE,FALSE
6188,5851,HG36-HT4101_s_at,0.761165274738929,FALSE,FALSE
6189,4670,X81892_at,0.761367567282288,FALSE,FALSE
6190,1654,L77561_at,0.761378993358457,FALSE,FALSE
6191,954,HG3976-HT4246_at,0.761560235467169,FALSE,FALSE
6192,4796,X91788_at,0.761796500300224,FALSE,FALSE
6193,3089,U35048_at,0.761801157455355,FALSE,FALSE
6194,1167,K02765_at,0.761862297289138,FALSE,FALSE
6195,2834,U16997_at,0.762020991125933,FALSE,FALSE
6196,1736,M15656_at,0.762348126210956,FALSE,FALSE
6197,2914,U21551_at,0.762359955608221,FALSE,FALSE
6198,933,HG3578-HT3781_at,0.762375235089109,FALSE,FALSE
6199,301,D25303_at,0.762715757513691,FALSE,FALSE
6200,4002,U96922_at,0.762803607278813,FALSE,FALSE
6201,2691,U08438_at,0.76367139648496,FALSE,FALSE
6202,3418,U56998_at,0.763784374352263,FALSE,FALSE
6203,2443,S55606_at,0.763971337074806,FALSE,FALSE
6204,4037,X02751_at,0.764128537351819,FALSE,FALSE
6205,4881,X98085_at,0.764243781022214,FALSE,FALSE
6206,2982,U28150_at,0.764773016224404,FALSE,FALSE
6207,5273,HG2841-HT2970_at,0.76509922022209,FALSE,FALSE
6208,5018,Y10571_at,0.765416160798414,FALSE,FALSE
6209,1310,L13434_at,0.76568347949979,FALSE,FALSE
6210,3491,U60805_at,0.765740293763853,FALSE,FALSE
6211,4393,X63578_rna1_at,0.765811548313501,FALSE,FALSE
6212,3800,U79725_at,0.766092750480223,FALSE,FALSE
6213,4612,X78706_at,0.766241848323925,FALSE,FALSE
6214,6380,M84820_s_at,0.766330619260078,FALSE,FALSE
6215,5881,HG4155-HT4425_s_at,0.766360502388986,FALSE,FALSE
6216,3650,U71092_at,0.766895354268757,FALSE,FALSE
6217,3205,U43177_at,0.767182647068244,FALSE,FALSE
6218,2985,U28281_at,0.767530596343681,FALSE,FALSE
6219,3148,U39400_at,0.767754988887975,FALSE,FALSE
6220,4793,X91348_at,0.767807755399412,FALSE,FALSE
6221,765,D88795_at,0.768065769841098,FALSE,FALSE
6222,3883,U86214_at,0.768754122501665,FALSE,FALSE
6223,366,D31797_at,0.768834996254857,FALSE,FALSE
6224,2702,U09303_at,0.769378211042778,FALSE,FALSE
6225,1620,L42563_at,0.770180740395745,FALSE,FALSE
6226,965,HG4036-HT4306_at,0.770683635439735,FALSE,FALSE
6227,146,AF008937_at,0.770944043655945,FALSE,FALSE
6228,3400,U55054_at,0.771052707924281,FALSE,FALSE
6229,4483,X69391_at,0.771625550374554,FALSE,FALSE
6230,7121,U58516_at,0.772115654668754,FALSE,FALSE
6231,4731,X86012_at,0.772226410550391,FALSE,FALSE
6232,844,HG2417-HT2513_at,0.772612262495512,FALSE,FALSE
6233,1884,M28210_at,0.772749473582888,FALSE,FALSE
6234,5869,HG3954-HT4224_s_at,0.772797684390248,FALSE,FALSE
6235,6678,X59932_s_at,0.772876707856974,FALSE,FALSE
6236,5162,Z48570_at,0.773189438996825,FALSE,FALSE
6237,6869,M77144_rna1_at,0.773203974362341,FALSE,FALSE
6238,920,HG3477-HT3670_at,0.773916610741794,FALSE,FALSE
6239,3933,U90550_at,0.774006977216849,FALSE,FALSE
6240,3272,U47635_at,0.774031208505702,FALSE,FALSE
6241,892,HG3137-HT3313_at,0.774094128463497,FALSE,FALSE
6242,5037,Y12478_at,0.774146449228207,FALSE,FALSE
6243,4862,X97058_at,0.774701201169434,FALSE,FALSE
6244,3981,U94592_at,0.775573622429853,FALSE,FALSE
6245,664,D86963_at,0.775604651104218,FALSE,FALSE
6246,5081,Z22548_at,0.77577501851311,FALSE,FALSE
6247,945,HG3893-HT4163_at,0.776784287485516,FALSE,FALSE
6248,374,D31888_at,0.776882539618005,FALSE,FALSE
6249,5969,M24351_cds3_s_at,0.777174987379228,FALSE,FALSE
6250,4674,X82103_at,0.777723957433766,FALSE,FALSE
6251,684,D86984_at,0.777902478295301,FALSE,FALSE
6252,3513,U62431_at,0.778648029250971,FALSE,FALSE
6253,138,AF006041_at,0.778769121797129,FALSE,FALSE
6254,4183,X16396_at,0.778787132957872,FALSE,FALSE
6255,5170,Z49155_at,0.778831883005503,FALSE,FALSE
6256,1944,M32313_at,0.779394157144706,FALSE,FALSE
6257,2969,U26914_at,0.780029964041418,FALSE,FALSE
6258,1248,L08187_at,0.780059982117492,FALSE,FALSE
6259,2245,M80359_at,0.78018487580042,FALSE,FALSE
6260,2656,U06698_at,0.780216880457249,FALSE,FALSE
6261,6736,S77582_at,0.780219094123204,FALSE,FALSE
6262,4125,X12794_at,0.78062525598499,FALSE,FALSE
6263,5458,X52022_at,0.781464272625618,FALSE,FALSE
6264,2264,M81829_at,0.781550677264636,FALSE,FALSE
6265,6336,M61826_s_at,0.781628480563491,FALSE,FALSE
6266,3214,U43519_at,0.781663210571377,FALSE,FALSE
6267,3094,U35340_at,0.781677473448308,FALSE,FALSE
6268,5276,HG3859-HT4129_at,0.78192340296717,FALSE,FALSE
6269,3093,U35246_at,0.782066088226288,FALSE,FALSE
6270,5416,U41740_at,0.782760381806849,FALSE,FALSE
6271,1188,L02426_at,0.783248443213326,FALSE,FALSE
6272,6467,U29463_s_at,0.783876611439238,FALSE,FALSE
6273,3173,U40622_at,0.784001345496623,FALSE,FALSE
6274,3242,U45975_at,0.784004881972754,FALSE,FALSE
6275,5597,D26535_s_at,0.784432504360217,FALSE,FALSE
6276,1918,M30773_at,0.784702386125905,FALSE,FALSE
6277,6122,L38490_s_at,0.784720742921529,FALSE,FALSE
6278,6231,M35851_s_at,0.784778640267043,FALSE,FALSE
6279,3398,U54804_at,0.785131416558011,FALSE,FALSE
6280,2311,M86826_at,0.785282732304771,FALSE,FALSE
6281,2852,U18004_at,0.78535169666512,FALSE,FALSE
6282,2430,M99487_at,0.7856361867763,FALSE,FALSE
6283,1684,M11718_at,0.786088157042658,FALSE,FALSE
6284,4919,X99688_at,0.786102863020365,FALSE,FALSE
6285,4510,X71428_at,0.786117635309755,FALSE,FALSE
6286,5026,Y11215_at,0.786169235637008,FALSE,FALSE
6287,2100,M61764_at,0.786184805606939,FALSE,FALSE
6288,5067,Z18859_rna1_at,0.786197364845667,FALSE,FALSE
6289,2876,U19107_rna1_at,0.786371111589187,FALSE,FALSE
6290,6217,M19878_s_at,0.787020132878083,FALSE,FALSE
6291,2591,U02019_at,0.78702569132912,FALSE,FALSE
6292,75,AB000896_at,0.787455257733777,FALSE,FALSE
6293,5623,HG4169-HT4439_s_at,0.787588059753761,FALSE,FALSE
6294,3891,U87309_at,0.787790707799515,FALSE,FALSE
6295,1872,M26880_at,0.788669743628173,FALSE,FALSE
6296,2105,M62397_at,0.789099201445823,FALSE,FALSE
6297,3834,U82306_at,0.789104949192641,FALSE,FALSE
6298,428,D42138_at,0.789440799941421,FALSE,FALSE
6299,1563,L40157_at,0.789599098200202,FALSE,FALSE
6300,2822,U16031_at,0.789617373300718,FALSE,FALSE
6301,1841,M24194_at,0.790366143642293,FALSE,FALSE
6302,4028,X02152_at,0.79040221417631,FALSE,FALSE
6303,5126,Z34918_at,0.79045402262697,FALSE,FALSE
6304,5178,Z49995_at,0.79065502405654,FALSE,FALSE
6305,3656,U71601_at,0.790966912145212,FALSE,FALSE
6306,2519,S79267_at,0.791060105503423,FALSE,FALSE
6307,6496,X84213_s_at,0.791068294434586,FALSE,FALSE
6308,2836,U17033_at,0.791470899626062,FALSE,FALSE
6309,320,D26561_cds3_at,0.791584109724037,FALSE,FALSE
6310,6675,X55037_s_at,0.79175991539803,FALSE,FALSE
6311,4237,X52541_at,0.791855133596122,FALSE,FALSE
6312,280,D21239_at,0.792018226486861,FALSE,FALSE
6313,6043,L10338_s_at,0.792098251451744,FALSE,FALSE
6314,6952,D17547_at,0.792134524389273,FALSE,FALSE
6315,3206,U43279_at,0.792464920176785,FALSE,FALSE
6316,3262,U47007_at,0.792659675935634,FALSE,FALSE
6317,116,AD000684_cds1_at,0.79300920047183,FALSE,FALSE
6318,4176,X15943_at,0.793219319555274,FALSE,FALSE
6319,6730,M95936_s_at,0.793819033892064,FALSE,FALSE
6320,1303,L13203_at,0.793840731355001,FALSE,FALSE
6321,2509,S77812_at,0.794123299070736,FALSE,FALSE
6322,5362,M94046_at,0.794476357882098,FALSE,FALSE
6323,1501,L35545_at,0.794864943303942,FALSE,FALSE
6324,1691,M12529_at,0.794904847159312,FALSE,FALSE
6325,3393,U53506_at,0.795105493407788,FALSE,FALSE
6326,7037,HG2917-HT3061_f_at,0.795419645731782,FALSE,FALSE
6327,431,D43642_at,0.79554340498948,FALSE,FALSE
6328,4477,X68994_at,0.795893024250137,FALSE,FALSE
6329,2922,U22398_at,0.79707819767465,FALSE,FALSE
6330,1776,M19301_at,0.797772629325224,FALSE,FALSE
6331,1325,L14269_at,0.797966649073277,FALSE,FALSE
6332,3387,U53347_at,0.798462430002568,FALSE,FALSE
6333,2809,U15173_at,0.798924882663355,FALSE,FALSE
6334,6834,J03910_rna1_at,0.799026157901961,FALSE,FALSE
6335,3907,U89326_at,0.799231745253079,FALSE,FALSE
6336,5080,Z22536_at,0.7993571008935,FALSE,FALSE
6337,5818,HG3044-HT3742_s_at,0.799655869403494,FALSE,FALSE
6338,6343,X53595_s_at,0.799866734557335,FALSE,FALSE
6339,7047,J00209_f_at,0.800112790966115,FALSE,FALSE
6340,636,D84307_at,0.800231489355926,FALSE,FALSE
6341,5443,X02883_at,0.800450613206439,FALSE,FALSE
6342,5158,Z48511_at,0.800533412516188,FALSE,FALSE
6343,2406,M96759_rna1_at,0.800868312596999,FALSE,FALSE
6344,638,D84424_at,0.800872324507264,FALSE,FALSE
6345,3138,U38847_at,0.8011878343653,FALSE,FALSE
6346,5546,X62429_s_at,0.801419286697433,FALSE,FALSE
6347,2369,M93405_at,0.801440908275545,FALSE,FALSE
6348,478,D50692_at,0.801442465786451,FALSE,FALSE
6349,3447,U58331_at,0.801641536386416,FALSE,FALSE
6350,6824,HG4109-HT4379_at,0.802123642060486,FALSE,FALSE
6351,655,D86519_at,0.802238714384199,FALSE,FALSE
6352,3567,U66059_cds7_at,0.802397370044287,FALSE,FALSE
6353,3090,U35100_at,0.802421881575394,FALSE,FALSE
6354,2832,U16861_at,0.802456993511231,FALSE,FALSE
6355,2375,M94065_at,0.802469807929156,FALSE,FALSE
6356,4527,X73460_at,0.802489795713057,FALSE,FALSE
6357,1561,L39874_at,0.802729033005763,FALSE,FALSE
6358,5053,Z11737_at,0.802839250075745,FALSE,FALSE
6359,2786,U14391_at,0.802855118879622,FALSE,FALSE
6360,3041,U31986_at,0.80286154227704,FALSE,FALSE
6361,2192,M73077_at,0.803104268262654,FALSE,FALSE
6362,1027,HG644-HT644_at,0.803112826384954,FALSE,FALSE
6363,4518,X72755_at,0.803207219210298,FALSE,FALSE
6364,4257,X54131_at,0.803288905736836,FALSE,FALSE
6365,5078,Z22534_at,0.803852704513807,FALSE,FALSE
6366,1912,M29960_at,0.803936962555474,FALSE,FALSE
6367,5060,Z14093_at,0.803976833208621,FALSE,FALSE
6368,5435,U83171_at,0.804127149962056,FALSE,FALSE
6369,1076,J03278_at,0.804162385794273,FALSE,FALSE
6370,254,D16181_at,0.804560217312576,FALSE,FALSE
6371,1805,M21389_at,0.804651193250976,FALSE,FALSE
6372,5366,M97676_at,0.804749887246212,FALSE,FALSE
6373,5265,D83646_at,0.805361220454203,FALSE,FALSE
6374,1531,L37882_at,0.805500356746812,FALSE,FALSE
6375,1629,L47726_at,0.805539695878692,FALSE,FALSE
6376,3181,U41387_at,0.805655970888763,FALSE,FALSE
6377,2076,M60165_cds1_at,0.80568597384943,FALSE,FALSE
6378,4990,Y09561_at,0.806516605611556,FALSE,FALSE
6379,1720,M14218_at,0.806719483103968,FALSE,FALSE
6380,5019,Y10615_at,0.806840080764159,FALSE,FALSE
6381,1676,M11321_at,0.807346966948185,FALSE,FALSE
6382,6494,U16812_s_at,0.807397948819321,FALSE,FALSE
6383,4562,X75958_at,0.807702973545996,FALSE,FALSE
6384,7085,V00542_f_at,0.807743085376045,FALSE,FALSE
6385,2929,U23143_at,0.807970353597077,FALSE,FALSE
6386,6273,M30257_s_at,0.808025217480109,FALSE,FALSE
6387,4958,Y07829_xpt3_at,0.808491272033912,FALSE,FALSE
6388,6090,L24774_s_at,0.808511367028848,FALSE,FALSE
6389,80,AB002314_at,0.808824177828889,FALSE,FALSE
6390,5734,HG1877-HT1917_s_at,0.809195705055565,FALSE,FALSE
6391,3703,U76369_at,0.809215546118599,FALSE,FALSE
6392,6393,X56088_s_at,0.809255305536461,FALSE,FALSE
6393,318,D26561_cds1_at,0.809281395721363,FALSE,FALSE
6394,1907,M29580_at,0.809769059998666,FALSE,FALSE
6395,812,HG1800-HT1823_at,0.80987278466412,FALSE,FALSE
6396,1020,HG4749-HT5197_at,0.809970018353191,FALSE,FALSE
6397,858,HG2604-HT2700_at,0.810077473302643,FALSE,FALSE
6398,6998,X05345_at,0.810131639813685,FALSE,FALSE
6399,3291,U48861_at,0.810286386746601,FALSE,FALSE
6400,5699,D90279_s_at,0.810736554450319,FALSE,FALSE
6401,4039,X02910_at,0.810796664477965,FALSE,FALSE
6402,6119,L37360_s_at,0.81089685145577,FALSE,FALSE
6403,1758,M16973_at,0.810911039513144,FALSE,FALSE
6404,1134,J05008_at,0.811281956742633,FALSE,FALSE
6405,653,D86425_at,0.811781749439983,FALSE,FALSE
6406,2218,M75106_at,0.811832666339177,FALSE,FALSE
6407,5021,Y10812_at,0.812083389255463,FALSE,FALSE
6408,6559,U41315_rna1_s_at,0.812243663590442,FALSE,FALSE
6409,6771,X87344_cds10_r_at,0.812515135735588,FALSE,FALSE
6410,996,HG4319-HT4589_at,0.812726757325402,FALSE,FALSE
6411,103,AC002045_xpt1_at,0.813081477139307,FALSE,FALSE
6412,6451,S83309_s_at,0.813099519403616,FALSE,FALSE
6413,4660,X81333_at,0.813125873468834,FALSE,FALSE
6414,3105,U36764_at,0.813291719288087,FALSE,FALSE
6415,3587,U66619_at,0.813379662310405,FALSE,FALSE
6416,5804,J00139_s_at,0.81344409121476,FALSE,FALSE
6417,3653,U71364_at,0.813612109426804,FALSE,FALSE
6418,4642,X80199_at,0.813633817067199,FALSE,FALSE
6419,6780,U34301_r_at,0.813721292321053,FALSE,FALSE
6420,1679,M11437_cds1_at,0.814347494183903,FALSE,FALSE
6421,6626,Y09392_s_at,0.814380650014261,FALSE,FALSE
6422,6658,X07619_s_at,0.814561285480535,FALSE,FALSE
6423,6570,X51698_s_at,0.814862064833713,FALSE,FALSE
6424,1652,L77213_at,0.815019867199457,FALSE,FALSE
6425,2698,U09196_at,0.8152272618884,FALSE,FALSE
6426,5555,D12620_s_at,0.815323544954424,FALSE,FALSE
6427,547,D67029_at,0.815463655712411,FALSE,FALSE
6428,4765,X89416_at,0.815929782215726,FALSE,FALSE
6429,1416,L24470_at,0.816271774047428,FALSE,FALSE
6430,6437,S76756_s_at,0.816332306981043,FALSE,FALSE
6431,4662,X81420_at,0.816674875813313,FALSE,FALSE
6432,714,D87443_at,0.816787632860416,FALSE,FALSE
6433,5958,U07804_s_at,0.816985602023109,FALSE,FALSE
6434,78,AB001106_at,0.817064343136741,FALSE,FALSE
6435,6083,U24389_s_at,0.817334789230807,FALSE,FALSE
6436,1932,M31606_at,0.818106849901197,FALSE,FALSE
6437,5474,X66087_at,0.818273254183657,FALSE,FALSE
6438,2657,U06863_at,0.818292842844445,FALSE,FALSE
6439,2977,U27768_at,0.818437994158435,FALSE,FALSE
6440,3309,U49742_at,0.818742153900073,FALSE,FALSE
6441,2036,M57230_at,0.818916021247539,FALSE,FALSE
6442,5611,L27624_s_at,0.819285380874788,FALSE,FALSE
6443,6925,X60487_at,0.819436228049391,FALSE,FALSE
6444,5679,D86096_cds1_s_at,0.819516768645283,FALSE,FALSE
6445,3424,U57316_at,0.819875146834183,FALSE,FALSE
6446,3689,U73799_at,0.820094340211137,FALSE,FALSE
6447,1056,J02843_at,0.820131738506339,FALSE,FALSE
6448,3655,U71598_at,0.820485320238778,FALSE,FALSE
6449,4018,X00368_xpt2_at,0.820552088739784,FALSE,FALSE
6450,2755,U12139_at,0.820814185584918,FALSE,FALSE
6451,4493,X69910_at,0.821005423949858,FALSE,FALSE
6452,2989,U28413_at,0.821107177233411,FALSE,FALSE
6453,3961,U91932_at,0.82114970595438,FALSE,FALSE
6454,6543,U40317_s_at,0.82137942270769,FALSE,FALSE
6455,4433,X66362_at,0.821851765008436,FALSE,FALSE
6456,5562,D13413_rna1_s_at,0.821978008978951,FALSE,FALSE
6457,2447,S58733_at,0.821997229778994,FALSE,FALSE
6458,4568,X76059_at,0.822215549605218,FALSE,FALSE
6459,4853,X96586_at,0.822609972321775,FALSE,FALSE
6460,5845,HG3437-HT3628_s_at,0.822948080148419,FALSE,FALSE
6461,5239,AF001548_rna1_at,0.823109081603904,FALSE,FALSE
6462,5874,HG4063-HT4333_s_at,0.823198196508648,FALSE,FALSE
6463,4103,X07495_at,0.823241042864231,FALSE,FALSE
6464,4706,X83928_at,0.823360986555421,FALSE,FALSE
6465,4709,X84003_at,0.823480158432246,FALSE,FALSE
6466,737,D87467_at,0.82368969904179,FALSE,FALSE
6467,6034,U50360_s_at,0.823867401048926,FALSE,FALSE
6468,502,D55638_at,0.82399183525713,FALSE,FALSE
6469,2518,S79048_at,0.824860536529395,FALSE,FALSE
6470,82,AB002318_at,0.824892683403879,FALSE,FALSE
6471,2454,S65738_at,0.825211495238551,FALSE,FALSE
6472,6647,U92314_s_at,0.825658147646797,FALSE,FALSE
6473,6038,U51003_s_at,0.825830267745021,FALSE,FALSE
6474,845,HG2442-HT2538_at,0.825840261588247,FALSE,FALSE
6475,5941,J02758_s_at,0.825957568804701,FALSE,FALSE
6476,690,D87024_at,0.825988953666195,FALSE,FALSE
6477,5856,HG371-HT1063_s_at,0.826014012309846,FALSE,FALSE
6478,4062,X04412_at,0.826211116804906,FALSE,FALSE
6479,2515,S78569_at,0.826221364958979,FALSE,FALSE
6480,5224,Z83806_at,0.826274890769462,FALSE,FALSE
6481,6480,U13913_s_at,0.82645016558911,FALSE,FALSE
6482,6808,X97230_f_at,0.826716119975656,FALSE,FALSE
6483,4112,X07948_at,0.826896286597736,FALSE,FALSE
6484,1123,J04742_at,0.827135601576994,FALSE,FALSE
6485,4810,X92762_at,0.827222894250264,FALSE,FALSE
6486,6474,U09510_s_at,0.827241606082114,FALSE,FALSE
6487,1505,L36033_at,0.827649780583346,FALSE,FALSE
6488,4618,X78933_at,0.827710430770864,FALSE,FALSE
6489,6033,Z94753_s_at,0.827722839608812,FALSE,FALSE
6490,3742,U78722_at,0.827966083836661,FALSE,FALSE
6491,1023,HG544-HT544_at,0.828140028707738,FALSE,FALSE
6492,6962,L13943_at,0.828327263042929,FALSE,FALSE
6493,4667,X81817_at,0.828424412768558,FALSE,FALSE
6494,4950,Y07596_at,0.828677843775352,FALSE,FALSE
6495,5268,D86988_at,0.829160680421749,FALSE,FALSE
6496,5626,U27325_s_at,0.829249530141425,FALSE,FALSE
6497,2847,U17760_rna1_at,0.829653342817996,FALSE,FALSE
6498,5125,Z34897_at,0.82990745048305,FALSE,FALSE
6499,3379,U52830_at,0.829965605071001,FALSE,FALSE
6500,2503,S77393_at,0.830009746921429,FALSE,FALSE
6501,1788,M20137_at,0.831153765862856,FALSE,FALSE
6502,6102,L29306_s_at,0.832561975416584,FALSE,FALSE
6503,2617,U03634_at,0.832857176614387,FALSE,FALSE
6504,5672,D85131_s_at,0.832955804187254,FALSE,FALSE
6505,4771,X89984_at,0.833139958302326,FALSE,FALSE
6506,451,D49410_at,0.833344179030206,FALSE,FALSE
6507,7017,Z68193_at,0.833536616328511,FALSE,FALSE
6508,4296,X56692_at,0.833751658616914,FALSE,FALSE
6509,5142,Z46376_rna1_at,0.834033458421856,FALSE,FALSE
6510,6669,X70944_s_at,0.834114906942192,FALSE,FALSE
6511,3986,U95020_at,0.834679690005534,FALSE,FALSE
6512,445,D45906_at,0.834805740544388,FALSE,FALSE
6513,6593,U69140_s_at,0.835635289474207,FALSE,FALSE
6514,2229,M76665_at,0.835838683804916,FALSE,FALSE
6515,5785,X16609_s_at,0.835870219464119,FALSE,FALSE
6516,6556,U40763_s_at,0.835936466601709,FALSE,FALSE
6517,5180,Z50053_at,0.836274759920288,FALSE,FALSE
6518,2057,M59371_at,0.836404532307825,FALSE,FALSE
6519,6443,S79873_s_at,0.836562963563777,FALSE,FALSE
6520,1401,L21993_at,0.837739751174038,FALSE,FALSE
6521,928,HG3521-HT3715_at,0.83775192068928,FALSE,FALSE
6522,3288,U48707_at,0.837805660054252,FALSE,FALSE
6523,3352,U51561_at,0.837907929477175,FALSE,FALSE
6524,38,AFFX-HUMISGF3A/M97935_3_at,0.837924901536283,FALSE,FALSE
6525,6831,J00207_rna2_at,0.838122749082309,FALSE,FALSE
6526,2022,M55172_at,0.838351740428444,FALSE,FALSE
6527,3150,U39447_at,0.8385550888589,FALSE,FALSE
6528,2444,S57235_at,0.838887090570532,FALSE,FALSE
6529,1375,L19778_at,0.839166190688522,FALSE,FALSE
6530,5591,U23850_s_at,0.83917194661106,FALSE,FALSE
6531,5797,HG2815-HT2931_at,0.839515131462595,FALSE,FALSE
6532,5521,Z49107_s_at,0.840449771013024,FALSE,FALSE
6533,6897,U28015_at,0.840844808788696,FALSE,FALSE
6534,4042,X03100_cds2_at,0.841052961345948,FALSE,FALSE
6535,3613,U68133_at,0.841180214214941,FALSE,FALSE
6536,115,AD000092_cds2_at,0.841258525933305,FALSE,FALSE
6537,5475,X66785_at,0.84136960172381,FALSE,FALSE
6538,2752,U11872_at,0.841634327570904,FALSE,FALSE
6539,3071,U33837_at,0.842035567340946,FALSE,FALSE
6540,5137,Z36715_at,0.84239093353964,FALSE,FALSE
6541,5198,Z70723_at,0.842438246249814,FALSE,FALSE
6542,1722,M14338_at,0.842729302671215,FALSE,FALSE
6543,2167,M65066_at,0.842944299147458,FALSE,FALSE
6544,5110,Z29083_at,0.843438438058541,FALSE,FALSE
6545,5454,X16281_at,0.843455015514726,FALSE,FALSE
6546,6244,M24736_s_at,0.843553772982942,FALSE,FALSE
6547,1414,L23959_at,0.843728151935399,FALSE,FALSE
6548,97,AC000062_at,0.843807510181011,FALSE,FALSE
6549,1028,HG662-HT662_at,0.844289153563039,FALSE,FALSE
6550,1502,L35546_at,0.844350773466177,FALSE,FALSE
6551,6366,X90824_s_at,0.844598329654716,FALSE,FALSE
6552,4868,X97249_at,0.84474094871945,FALSE,FALSE
6553,5790,HG2797-HT2906_s_at,0.84486389805004,FALSE,FALSE
6554,4983,Y09022_at,0.844904433109468,FALSE,FALSE
6555,1100,J04076_at,0.844910697675581,FALSE,FALSE
6556,1973,M34192_at,0.84515154884604,FALSE,FALSE
6557,7021,M33318_r_at,0.845185155801005,FALSE,FALSE
6558,6680,X63522_s_at,0.845258875640882,FALSE,FALSE
6559,1244,L07949_at,0.845371205499738,FALSE,FALSE
6560,4122,X12556_at,0.845909617408756,FALSE,FALSE
6561,5391,U18550_at,0.846255044547673,FALSE,FALSE
6562,4475,X68742_at,0.846367979695676,FALSE,FALSE
6563,1797,M20919_at,0.846449581308785,FALSE,FALSE
6564,6414,X65784_s_at,0.846955926798083,FALSE,FALSE
6565,226,D14530_at,0.847164341349772,FALSE,FALSE
6566,1337,L15309_at,0.847270081994298,FALSE,FALSE
6567,6520,U27333_s_at,0.847795208145467,FALSE,FALSE
6568,1515,L36818_at,0.847843522748991,FALSE,FALSE
6569,1580,L40401_at,0.848099554197353,FALSE,FALSE
6570,3583,U66615_at,0.848320970738217,FALSE,FALSE
6571,6719,Y10508_s_at,0.848684533639481,FALSE,FALSE
6572,6792,HG3729-HT3999_f_at,0.849003541055597,FALSE,FALSE
6573,1226,L06895_at,0.849205819930219,FALSE,FALSE
6574,1017,HG4724-HT5166_at,0.849343698386917,FALSE,FALSE
6575,3419,U57057_at,0.849391205856925,FALSE,FALSE
6576,798,HG1153-HT1153_at,0.84970655455651,FALSE,FALSE
6577,5089,Z23115_at,0.849975262610979,FALSE,FALSE
6578,1987,M35531_at,0.850020097285719,FALSE,FALSE
6579,1371,L19593_at,0.85019722943917,FALSE,FALSE
6580,4649,X80692_at,0.850293379271487,FALSE,FALSE
6581,3025,U31116_at,0.850555830712366,FALSE,FALSE
6582,2966,U26712_at,0.850648863262804,FALSE,FALSE
6583,5204,Z73677_at,0.851251198371116,FALSE,FALSE
6584,1412,L23808_at,0.85139214420055,FALSE,FALSE
6585,1865,M26062_at,0.85158003105804,FALSE,FALSE
6586,271,D17461_at,0.851922958444245,FALSE,FALSE
6587,2773,U13369_at,0.852038925218886,FALSE,FALSE
6588,4530,X73874_at,0.852080987396758,FALSE,FALSE
6589,4607,X78578_at,0.852570288016914,FALSE,FALSE
6590,2080,M60314_at,0.85332341360916,FALSE,FALSE
6591,633,D84239_at,0.853347974950506,FALSE,FALSE
6592,5257,D38502_at,0.853418438350556,FALSE,FALSE
6593,937,HG37-HT37_at,0.853534523111834,FALSE,FALSE
6594,1579,L40400_at,0.853542743138022,FALSE,FALSE
6595,1614,L42373_at,0.853750124107918,FALSE,FALSE
6596,4379,X62744_at,0.854157044751152,FALSE,FALSE
6597,861,HG2663-HT2759_at,0.854414050626481,FALSE,FALSE
6598,530,D63813_at,0.854656767367432,FALSE,FALSE
6599,2299,M85276_at,0.855307111213514,FALSE,FALSE
6600,6449,S82471_s_at,0.855378626068378,FALSE,FALSE
6601,4207,X51408_at,0.855814481029201,FALSE,FALSE
6602,2787,U14407_at,0.85640671787028,FALSE,FALSE
6603,6356,M73239_s_at,0.85672389678806,FALSE,FALSE
6604,3133,U38372_at,0.857501933600165,FALSE,FALSE
6605,5481,X74142_at,0.8575407510879,FALSE,FALSE
6606,5251,D28791_at,0.857711947885233,FALSE,FALSE
6607,1266,L10284_at,0.858956150573238,FALSE,FALSE
6608,2863,U18300_at,0.859185810079348,FALSE,FALSE
6609,1943,M32053_at,0.859548746634485,FALSE,FALSE
6610,2074,M60092_at,0.859956103587549,FALSE,FALSE
6611,1485,L34081_at,0.860444652898278,FALSE,FALSE
6612,3204,U43148_at,0.860645740327046,FALSE,FALSE
6613,2108,M62424_at,0.860827698476287,FALSE,FALSE
6614,3936,U90716_at,0.861177148111838,FALSE,FALSE
6615,6300,U50648_s_at,0.86146057613866,FALSE,FALSE
6616,382,D37965_at,0.861989678590528,FALSE,FALSE
6617,6022,X66113_s_at,0.862106970655056,FALSE,FALSE
6618,6625,U73477_s_at,0.86241760927674,FALSE,FALSE
6619,4446,X66839_at,0.862519941304194,FALSE,FALSE
6620,4859,X96849_at,0.862522124171192,FALSE,FALSE
6621,6354,S67247_s_at,0.862600042940386,FALSE,FALSE
6622,2216,M74826_at,0.863775021516611,FALSE,FALSE
6623,5497,X99975_at,0.863841462646556,FALSE,FALSE
6624,110,AC002115_rna2_at,0.863854236536428,FALSE,FALSE
6625,6274,M30448_s_at,0.864001617585631,FALSE,FALSE
6626,5457,X17360_rna1_at,0.864527293213891,FALSE,FALSE
6627,3429,U57452_at,0.864592234325837,FALSE,FALSE
6628,5017,Y10518_at,0.864821641807895,FALSE,FALSE
6629,3306,U49379_at,0.865000345858874,FALSE,FALSE
6630,4570,X76092_at,0.865450883646204,FALSE,FALSE
6631,5684,Z35085_s_at,0.865795923350025,FALSE,FALSE
6632,1107,J04156_at,0.865944835747121,FALSE,FALSE
6633,4364,X61177_at,0.86599499184226,FALSE,FALSE
6634,1762,M17466_at,0.866159213607671,FALSE,FALSE
6635,3076,U34038_at,0.866188796933475,FALSE,FALSE
6636,4057,X04297_at,0.866323441379782,FALSE,FALSE
6637,6843,L34035_at,0.866766102610681,FALSE,FALSE
6638,3485,U60519_at,0.866872492923057,FALSE,FALSE
6639,1072,J03161_at,0.867131369806487,FALSE,FALSE
6640,2380,M94345_at,0.867419044035758,FALSE,FALSE
6641,1402,L22005_at,0.86751738908519,FALSE,FALSE
6642,4564,X76013_at,0.867979470618942,FALSE,FALSE
6643,2364,M93107_at,0.86800615543463,FALSE,FALSE
6644,4184,X16416_at,0.868792801384147,FALSE,FALSE
6645,739,D87469_at,0.868876415991852,FALSE,FALSE
6646,4385,X63380_at,0.869228185088266,FALSE,FALSE
6647,6098,M62782_s_at,0.86939610932993,FALSE,FALSE
6648,2337,M90359_at,0.869540393140952,FALSE,FALSE
6649,178,D10704_at,0.870897314572474,FALSE,FALSE
6650,3298,U49114_at,0.870898912236295,FALSE,FALSE
6651,6775,HG2566-HT4792_r_at,0.87096389402616,FALSE,FALSE
6652,6992,U46744_at,0.871113550132072,FALSE,FALSE
6653,3649,U71088_at,0.871563885960091,FALSE,FALSE
6654,6011,X02176_s_at,0.871896962255589,FALSE,FALSE
6655,6627,U79528_s_at,0.872011161573566,FALSE,FALSE
6656,6827,HG4593-HT4998_at,0.872141126371387,FALSE,FALSE
6657,393,D38491_at,0.872237801428377,FALSE,FALSE
6658,2791,U14550_at,0.873228888395471,FALSE,FALSE
6659,5981,U72648_s_at,0.873342172573569,FALSE,FALSE
6660,402,D38550_at,0.873349025175336,FALSE,FALSE
6661,6983,U01828_at,0.873378239572677,FALSE,FALSE
6662,2395,M95712_at,0.873621602214978,FALSE,FALSE
6663,2777,U13680_at,0.873853971317584,FALSE,FALSE
6664,3256,U46689_at,0.874006665906352,FALSE,FALSE
6665,3143,U39196_at,0.874216827840227,FALSE,FALSE
6666,6317,M86933_s_at,0.874228572627228,FALSE,FALSE
6667,6911,U92027_at,0.874278687336511,FALSE,FALSE
6668,3375,U52522_at,0.875065082160214,FALSE,FALSE
6669,4269,X54925_at,0.875096862001984,FALSE,FALSE
6670,3198,U42408_at,0.875446861747427,FALSE,FALSE
6671,4878,X97675_rna1_at,0.875628560221236,FALSE,FALSE
6672,2514,S78432_xpt1_at,0.875800412416888,FALSE,FALSE
6673,3530,U63336_at,0.875871011641892,FALSE,FALSE
6674,4283,X55777_cds2_at,0.876025908662965,FALSE,FALSE
6675,1844,M24364_at,0.876142101986804,FALSE,FALSE
6676,6188,M16364_s_at,0.876476215425208,FALSE,FALSE
6677,3944,U90910_at,0.876695169132507,FALSE,FALSE
6678,4802,X92110_at,0.877447533012738,FALSE,FALSE
6679,5034,Y11897_at,0.877715864988016,FALSE,FALSE
6680,4903,X99140_at,0.8778275237702,FALSE,FALSE
6681,3590,U66702_at,0.878229128743168,FALSE,FALSE
6682,5371,S68805_at,0.878498314796463,FALSE,FALSE
6683,2492,S75313_at,0.878917322700884,FALSE,FALSE
6684,5834,HG3319-HT3496_s_at,0.879268950819014,FALSE,FALSE
6685,6961,L11931_at,0.880640338682962,FALSE,FALSE
6686,1426,L25441_at,0.880712446431575,FALSE,FALSE
6687,6558,U76366_s_at,0.880953559732182,FALSE,FALSE
6688,6604,U65416_rna1_s_at,0.881143931123969,FALSE,FALSE
6689,3380,U52840_at,0.881191797910405,FALSE,FALSE
6690,938,HG3733-HT4003_at,0.88145052399236,FALSE,FALSE
6691,2840,U17195_at,0.881861949080028,FALSE,FALSE
6692,2869,U18671_rna1_at,0.881924844282691,FALSE,FALSE
6693,101,AC000099_at,0.882105824265352,FALSE,FALSE
6694,273,D17525_at,0.882573458365208,FALSE,FALSE
6695,6873,M93311_at,0.883027559734191,FALSE,FALSE
6696,132,AF003743_at,0.883326697310124,FALSE,FALSE
6697,2334,M89955_at,0.883411132569293,FALSE,FALSE
6698,1267,L10343_at,0.88405212619121,FALSE,FALSE
6699,7011,X95876_at,0.884502642438561,FALSE,FALSE
6700,5370,S66896_at,0.884546775500872,FALSE,FALSE
6701,2754,U11878_at,0.884625894902157,FALSE,FALSE
6702,2282,M83751_at,0.884694173253177,FALSE,FALSE
6703,1803,M21188_at,0.884932510802323,FALSE,FALSE
6704,6891,U24153_at,0.885155630811245,FALSE,FALSE
6705,1683,M11717_rna1_at,0.885633551247834,FALSE,FALSE
6706,3869,U85193_at,0.886001756544472,FALSE,FALSE
6707,1854,M25164_at,0.886035770086397,FALSE,FALSE
6708,5325,M12783_at,0.88654021483804,FALSE,FALSE
6709,6241,M55024_s_at,0.886892805887193,FALSE,FALSE
6710,3267,U47105_at,0.887375359635705,FALSE,FALSE
6711,7102,M94880_f_at,0.88756783830801,FALSE,FALSE
6712,2619,U03644_at,0.88777470790638,FALSE,FALSE
6713,3988,U95090_at,0.88797194064532,FALSE,FALSE
6714,2313,M86852_at,0.888190244242008,FALSE,FALSE
6715,328,D28137_at,0.888540157646481,FALSE,FALSE
6716,2865,U18467_at,0.88858896275632,FALSE,FALSE
6717,2325,M88163_at,0.888840266322517,FALSE,FALSE
6718,6738,X14474_at,0.889059058502381,FALSE,FALSE
6719,3976,U94320_at,0.889730357571469,FALSE,FALSE
6720,2168,M65085_at,0.890212707916635,FALSE,FALSE
6721,6374,M81778_s_at,0.890222333421277,FALSE,FALSE
6722,1388,L20814_at,0.890264974537344,FALSE,FALSE
6723,5305,L12052_at,0.890563238640404,FALSE,FALSE
6724,7050,K02405_f_at,0.890649399650847,FALSE,FALSE
6725,983,HG4185-HT4455_at,0.890742116690783,FALSE,FALSE
6726,1697,M13194_at,0.891162159995893,FALSE,FALSE
6727,6135,L44140_cds4_s_at,0.89142605712102,FALSE,FALSE
6728,2203,M74093_at,0.892148680931256,FALSE,FALSE
6729,1864,M26061_at,0.892214982221815,FALSE,FALSE
6730,5315,L35263_at,0.892604520921627,FALSE,FALSE
6731,5676,D86043_s_at,0.892715179587689,FALSE,FALSE
6732,2139,M63904_at,0.893833018707337,FALSE,FALSE
6733,5157,Z48510_at,0.893835872791019,FALSE,FALSE
6734,4173,X15880_at,0.893944903258676,FALSE,FALSE
6735,192,D13168_at,0.894116576930495,FALSE,FALSE
6736,3253,U46569_at,0.894280584646785,FALSE,FALSE
6737,3462,U59321_at,0.894291214101265,FALSE,FALSE
6738,2504,S77415_at,0.894411609035508,FALSE,FALSE
6739,3957,U91618_at,0.894435314313379,FALSE,FALSE
6740,1568,L40379_at,0.894437087231428,FALSE,FALSE
6741,1105,J04111_at,0.894502730701336,FALSE,FALSE
6742,2816,U15552_at,0.8948096994111,FALSE,FALSE
6743,4340,X59834_at,0.8951358530694,FALSE,FALSE
6744,5477,X71661_at,0.895664292953311,FALSE,FALSE
6745,1922,M31013_at,0.895852001485199,FALSE,FALSE
6746,1478,L33799_at,0.896226350672878,FALSE,FALSE
6747,4937,Y00486_rna1_at,0.896307163739658,FALSE,FALSE
6748,4060,X04366_at,0.896661864502136,FALSE,FALSE
6749,4846,X95715_at,0.896766553058842,FALSE,FALSE
6750,1952,M32886_at,0.896877473160731,FALSE,FALSE
6751,2848,U17886_at,0.896979233812833,FALSE,FALSE
6752,3346,U51269_at,0.897043900621749,FALSE,FALSE
6753,2008,M37984_rna1_at,0.897433617861546,FALSE,FALSE
6754,5781,HG273-HT273_s_at,0.897927870487008,FALSE,FALSE
6755,313,D26350_at,0.898179103222588,FALSE,FALSE
6756,6691,X69116_s_at,0.898321263775502,FALSE,FALSE
6757,5805,HG2850-HT4814_s_at,0.89882541198179,FALSE,FALSE
6758,6475,U09716_s_at,0.898996097503571,FALSE,FALSE
6759,1168,K03008_cds1_at,0.899052205754269,FALSE,FALSE
6760,5196,Z70222_at,0.899279083566468,FALSE,FALSE
6761,2569,U00944_at,0.899329550957648,FALSE,FALSE
6762,643,D85376_at,0.899420117235051,FALSE,FALSE
6763,6540,U33936_s_at,0.899576710000839,FALSE,FALSE
6764,5302,L11066_at,0.899967254455627,FALSE,FALSE
6765,574,D79989_at,0.900389853809331,FALSE,FALSE
6766,6737,U33880_at,0.900441821884097,FALSE,FALSE
6767,1151,J05459_at,0.900675881298257,FALSE,FALSE
6768,3700,U76010_at,0.900697783465601,FALSE,FALSE
6769,978,HG415-HT415_at,0.901089442097195,FALSE,FALSE
6770,1701,M13666_at,0.901142903815853,FALSE,FALSE
6771,5357,M84424_at,0.9012807557766,FALSE,FALSE
6772,973,HG4102-HT4372_at,0.901386083857761,FALSE,FALSE
6773,2079,M60299_at,0.901396424635076,FALSE,FALSE
6774,4403,X64044_at,0.901435069559092,FALSE,FALSE
6775,6849,M16714_at,0.902145279287266,FALSE,FALSE
6776,106,AC002086_at,0.902231090002241,FALSE,FALSE
6777,454,D49490_at,0.902428324581468,FALSE,FALSE
6778,1438,L27050_at,0.902450499870846,FALSE,FALSE
6779,3401,U55206_at,0.902506035537823,FALSE,FALSE
6780,1233,L07541_at,0.9025937381222,FALSE,FALSE
6781,2065,M59830_at,0.902619963984962,FALSE,FALSE
6782,1662,L78132_at,0.902663867211031,FALSE,FALSE
6783,4977,Y08836_at,0.902731651853462,FALSE,FALSE
6784,3431,U57629_at,0.903040303389846,FALSE,FALSE
6785,2890,U20158_at,0.90322480252746,FALSE,FALSE
6786,1982,M35128_at,0.903301853293444,FALSE,FALSE
6787,2962,U26403_at,0.903323312749456,FALSE,FALSE
6788,2096,M61156_at,0.903327192431676,FALSE,FALSE
6789,5489,X82209_at,0.903484562252652,FALSE,FALSE
6790,5507,D86974_at,0.903923627153351,FALSE,FALSE
6791,5701,HG2271-HT2367_at,0.90396583756485,FALSE,FALSE
6792,3384,U53174_at,0.904296971155786,FALSE,FALSE
6793,823,HG2161-HT2231_at,0.904669923805251,FALSE,FALSE
6794,1342,L15533_rna1_at,0.904716444421847,FALSE,FALSE
6795,882,HG2992-HT5186_at,0.904732541302763,FALSE,FALSE
6796,4225,X52003_at,0.904742330523424,FALSE,FALSE
6797,1588,L40904_at,0.904886437198837,FALSE,FALSE
6798,5840,HG3412-HT3593_s_at,0.904959403774575,FALSE,FALSE
6799,4216,X51757_at,0.905037963594943,FALSE,FALSE
6800,4458,X67594_at,0.906616748513018,FALSE,FALSE
6801,1283,L11329_at,0.906801024674075,FALSE,FALSE
6802,5582,D16827_s_at,0.907529500826993,FALSE,FALSE
6803,5968,M17183_s_at,0.907641167860381,FALSE,FALSE
6804,4584,X76732_at,0.908033148239498,FALSE,FALSE
6805,1214,L05597_at,0.9087556713387,FALSE,FALSE
6806,7099,L41268_f_at,0.909546429955353,FALSE,FALSE
6807,1011,HG4606-HT5011_at,0.909656543318576,FALSE,FALSE
6808,6784,AF001359_f_at,0.909691773313003,FALSE,FALSE
6809,2173,M65290_at,0.909960308777139,FALSE,FALSE
6810,1132,J04988_at,0.910384658063482,FALSE,FALSE
6811,6629,U76764_s_at,0.91066415799598,FALSE,FALSE
6812,6168,M13560_s_at,0.910891083501007,FALSE,FALSE
6813,4182,X16354_at,0.911246381319787,FALSE,FALSE
6814,4013,V01514_at,0.911258531873625,FALSE,FALSE
6815,5610,L00190_s_at,0.911381612621605,FALSE,FALSE
6816,6495,U16811_s_at,0.911563950981426,FALSE,FALSE
6817,2920,U22233_at,0.911631555762472,FALSE,FALSE
6818,2510,S78085_at,0.9117150341126,FALSE,FALSE
6819,5219,Z83800_at,0.911783604108533,FALSE,FALSE
6820,1324,L14076_at,0.911801584096458,FALSE,FALSE
6821,5992,U75272_s_at,0.911994828211882,FALSE,FALSE
6822,7067,M27318_f_at,0.912430471409618,FALSE,FALSE
6823,6028,L12760_s_at,0.912808577332058,FALSE,FALSE
6824,2899,U20530_at,0.912906827583465,FALSE,FALSE
6825,2844,U17566_at,0.912951407772858,FALSE,FALSE
6826,6106,S75578_s_at,0.91366297805317,FALSE,FALSE
6827,5004,Y10210_at,0.914435681539953,FALSE,FALSE
6828,5417,U43653_at,0.914907832120949,FALSE,FALSE
6829,3044,U32324_at,0.915054506109085,FALSE,FALSE
6830,3456,U59111_at,0.915552922946486,FALSE,FALSE
6831,5943,M27436_s_at,0.915880379631391,FALSE,FALSE
6832,5816,HG2999-HT4756_s_at,0.916550937969089,FALSE,FALSE
6833,2608,U03100_at,0.916559794117013,FALSE,FALSE
6834,1202,L04656_at,0.916704744082036,FALSE,FALSE
6835,5513,AB000381_s_at,0.917153447560223,FALSE,FALSE
6836,7096,X00351_f_at,0.917385738206774,FALSE,FALSE
6837,4893,X98330_at,0.917602120827442,FALSE,FALSE
6838,849,HG2492-HT2588_at,0.918421529584602,FALSE,FALSE
6839,6544,U35637_s_at,0.918592145128805,FALSE,FALSE
6840,3736,U78525_at,0.918680677501368,FALSE,FALSE
6841,2199,M74002_at,0.918728836518396,FALSE,FALSE
6842,6132,L43575_s_at,0.918898125601729,FALSE,FALSE
6843,1695,M13143_at,0.91923849358419,FALSE,FALSE
6844,1211,L05512_at,0.919284915154699,FALSE,FALSE
6845,5877,M13150_s_at,0.919678848607997,FALSE,FALSE
6846,4681,X82324_at,0.920203534490629,FALSE,FALSE
6847,3523,U63090_at,0.920203882225155,FALSE,FALSE
6848,4577,X76342_at,0.92049917068921,FALSE,FALSE
6849,1593,L41143_at,0.920552441263856,FALSE,FALSE
6850,1339,L15388_at,0.9205547652864,FALSE,FALSE
6851,5043,Y13115_at,0.921161274061124,FALSE,FALSE
6852,2157,M64673_at,0.921423317590259,FALSE,FALSE
6853,6410,X57809_at,0.92154469999508,FALSE,FALSE
6854,111,AC002450_at,0.921591250372574,FALSE,FALSE
6855,677,D86977_at,0.921798961634542,FALSE,FALSE
6856,4436,X66365_at,0.922266502013921,FALSE,FALSE
6857,5202,Z72499_at,0.922425607959077,FALSE,FALSE
6858,5564,D13638_s_at,0.922631358390557,FALSE,FALSE
6859,3442,U58089_at,0.922657590521847,FALSE,FALSE
6860,1104,J04102_at,0.922873568481236,FALSE,FALSE
6861,5855,J04093_s_at,0.922979082525052,FALSE,FALSE
6862,852,HG2530-HT2626_at,0.923014771502278,FALSE,FALSE
6863,285,D21267_at,0.923184048131367,FALSE,FALSE
6864,4119,X12458_rna1_at,0.923345227656242,FALSE,FALSE
6865,4469,X68314_at,0.923601637428436,FALSE,FALSE
6866,7089,X13930_f_at,0.923642442037488,FALSE,FALSE
6867,7103,S80905_f_at,0.923693397508512,FALSE,FALSE
6868,800,HG1205-HT1205_at,0.924069462918385,FALSE,FALSE
6869,2954,U25801_at,0.924129894298145,FALSE,FALSE
6870,534,D63876_at,0.924171984617045,FALSE,FALSE
6871,4000,U96781_cds1_at,0.924579180241255,FALSE,FALSE
6872,53,AFFX-M27830_3_at,0.924744736843194,FALSE,FALSE
6873,6027,L05072_s_at,0.925608614589055,FALSE,FALSE
6874,3154,U39657_at,0.92565539364027,FALSE,FALSE
6875,6256,M27093_s_at,0.92616862978146,FALSE,FALSE
6876,1547,L38932_at,0.926193106183212,FALSE,FALSE
6877,1680,M11437_cds2_at,0.926244713905858,FALSE,FALSE
6878,6734,M21305_at,0.926464022523539,FALSE,FALSE
6879,6186,M15517_cds3_s_at,0.926485041486706,FALSE,FALSE
6880,5172,Z49205_at,0.926825501874259,FALSE,FALSE
6881,4808,X92720_at,0.927582082173037,FALSE,FALSE
6882,2073,M60091_at,0.928731405261608,FALSE,FALSE
6883,6652,X05839_rna1_s_at,0.928945514745496,FALSE,FALSE
6884,4874,X97544_at,0.928966442420532,FALSE,FALSE
6885,6418,U12387_s_at,0.929078698696111,FALSE,FALSE
6886,5613,D31628_s_at,0.929682947346503,FALSE,FALSE
6887,3817,U81262_at,0.929932055709093,FALSE,FALSE
6888,2304,M86546_at,0.930139336209972,FALSE,FALSE
6889,3635,U70323_at,0.93050353954752,FALSE,FALSE
6890,3968,U92971_at,0.930969739883553,FALSE,FALSE
6891,6019,M21642_s_at,0.931091649591581,FALSE,FALSE
6892,5306,L13744_at,0.931104972643416,FALSE,FALSE
6893,365,D31784_at,0.93124474406149,FALSE,FALSE
6894,6440,S78798_s_at,0.93142673868315,FALSE,FALSE
6895,4572,X76105_at,0.931885137577182,FALSE,FALSE
6896,2442,S53911_at,0.931959256853621,FALSE,FALSE
6897,2884,U19718_at,0.932057229807972,FALSE,FALSE
6898,2482,S73591_at,0.932398691307564,FALSE,FALSE
6899,2609,U03105_at,0.933508124256568,FALSE,FALSE
6900,4040,X03066_at,0.933678809644708,FALSE,FALSE
6901,3264,U47050_at,0.934051015524551,FALSE,FALSE
6902,5245,D16480_at,0.934094499900533,FALSE,FALSE
6903,6728,K02882_cds1_s_at,0.934181957575874,FALSE,FALSE
6904,7007,X53683_at,0.934902099717999,FALSE,FALSE
6905,925,HG3510-HT3704_at,0.935277164602559,FALSE,FALSE
6906,2429,M99063_at,0.93545702435645,FALSE,FALSE
6907,1583,L40407_at,0.935692003358192,FALSE,FALSE
6908,6532,U90065_s_at,0.935767688475596,FALSE,FALSE
6909,3335,U50929_at,0.935855676111,FALSE,FALSE
6910,473,D50640_at,0.935857855232697,FALSE,FALSE
6911,3413,U56637_at,0.936036432974369,FALSE,FALSE
6912,5710,M25079_s_at,0.936801851579441,FALSE,FALSE
6913,1427,L25444_at,0.936914920340102,FALSE,FALSE
6914,2171,M65217_at,0.937049910217975,FALSE,FALSE
6915,1295,L12350_at,0.93724298198567,FALSE,FALSE
6916,4676,X82153_at,0.937902676617552,FALSE,FALSE
6917,5630,S68874_s_at,0.938013286887774,FALSE,FALSE
6918,2904,U20758_rna1_at,0.938089440840778,FALSE,FALSE
6919,4830,X94910_at,0.938293346817075,FALSE,FALSE
6920,6360,U04285_s_at,0.938516954730113,FALSE,FALSE
6921,5098,Z26256_at,0.938923468324001,FALSE,FALSE
6922,4047,X03635_at,0.939031450060218,FALSE,FALSE
6923,4794,X91504_at,0.939083257554371,FALSE,FALSE
6924,5128,Z35093_at,0.939174584959323,FALSE,FALSE
6925,3966,U92458_at,0.939442906133643,FALSE,FALSE
6926,3503,U61741_at,0.940025905619389,FALSE,FALSE
6927,5533,D00408_s_at,0.940057970623744,FALSE,FALSE
6928,169,D00761_at,0.9401677748772,FALSE,FALSE
6929,4762,X89211_at,0.94060581104373,FALSE,FALSE
6930,5711,HG1428-HT1428_s_at,0.940649587364561,FALSE,TRUE
6931,1737,M15661_at,0.940802861874764,FALSE,TRUE
6932,2227,M76558_at,0.941012139205325,FALSE,TRUE
6933,1006,HG4462-HT4731_at,0.941034721393799,FALSE,TRUE
6934,1305,L13258_at,0.941136691530946,FALSE,TRUE
6935,3805,U80017_rna3_at,0.941395554741779,FALSE,TRUE
6936,89,AB003102_at,0.941520376152483,FALSE,TRUE
6937,1724,M14565_at,0.941752940612333,FALSE,TRUE
6938,1974,M34309_at,0.941916499180208,FALSE,TRUE
6939,5924,M97935_s_at,0.942070670091263,FALSE,TRUE
6940,3057,U32989_at,0.94254046256105,FALSE,TRUE
6941,3037,U31799_at,0.942592375096535,FALSE,TRUE
6942,3624,U69108_at,0.942724839700899,FALSE,TRUE
6943,2149,M64347_at,0.942933576122765,FALSE,TRUE
6944,6907,U82279_at,0.943190954452931,FALSE,TRUE
6945,1437,L26953_at,0.94323837837825,FALSE,TRUE
6946,3219,U43753_cds2_at,0.943429637142462,FALSE,TRUE
6947,300,D25278_at,0.943644306281363,FALSE,TRUE
6948,6900,U44103_at,0.94386137800042,FALSE,TRUE
6949,5615,D31833_s_at,0.944554491543409,FALSE,TRUE
6950,767,D88799_at,0.945342927584566,FALSE,TRUE
6951,4835,X95191_at,0.945434074067747,FALSE,TRUE
6952,4417,X65293_at,0.945545863229201,FALSE,TRUE
6953,6068,L17075_s_at,0.946041585248586,FALSE,TRUE
6954,3810,U80456_at,0.94617643547578,FALSE,TRUE
6955,2464,S69189_at,0.946332740329829,FALSE,TRUE
6956,7038,HG3527-HT3721_f_at,0.946443162186418,FALSE,TRUE
6957,2807,U15131_at,0.946455259274201,FALSE,TRUE
6958,5854,HG3703-HT3915_s_at,0.946731622676072,FALSE,TRUE
6959,6673,X61755_rna1_s_at,0.947066998031512,FALSE,TRUE
6960,3484,U60415_at,0.947339837163998,FALSE,TRUE
6961,5285,J04449_at,0.947443813057877,FALSE,TRUE
6962,426,D42108_at,0.947571156978295,FALSE,TRUE
6963,1597,L41351_at,0.947841773974231,FALSE,TRUE
6964,1449,L28175_at,0.948296790742243,FALSE,TRUE
6965,2037,M57293_at,0.948758188074275,FALSE,TRUE
6966,2712,U09550_at,0.949720442836574,FALSE,TRUE
6967,7106,U87593_f_at,0.949891314438698,FALSE,TRUE
6968,5397,U25771_at,0.950575161089448,FALSE,TRUE
6969,957,HG3989-HT4259_at,0.950684292444306,FALSE,TRUE
6970,868,HG2709-HT2805_at,0.950761662436805,FALSE,TRUE
6971,5220,Z83802_at,0.951114962573457,FALSE,TRUE
6972,5031,Y11681_at,0.951807709201941,FALSE,TRUE
6973,1070,J03069_rna1_at,0.952510832481598,FALSE,TRUE
6974,6401,M97796_s_at,0.95257818377177,FALSE,TRUE
6975,5674,D85759_s_at,0.952799302722696,FALSE,TRUE
6976,6295,M34338_s_at,0.953041645804803,FALSE,TRUE
6977,6210,Y00083_s_at,0.953340269567292,FALSE,TRUE
6978,4198,X17098_at,0.954884523987241,FALSE,TRUE
6979,4800,X92098_at,0.954964446290571,FALSE,TRUE
6980,4378,X62691_at,0.955107707318453,FALSE,TRUE
6981,1785,M19961_at,0.955138664489449,FALSE,TRUE
6982,2625,U03905_at,0.955393274439819,FALSE,TRUE
6983,2932,U23942_at,0.956321399630673,FALSE,TRUE
6984,6109,L34363_s_at,0.956417484466784,FALSE,TRUE
6985,5234,Z97054_xpt2_at,0.957292493538316,FALSE,TRUE
6986,3979,U94585_at,0.957343672802925,FALSE,TRUE
6987,4735,X86163_at,0.957435172271165,FALSE,TRUE
6988,2953,U25789_at,0.957503934815715,FALSE,TRUE
6989,6628,U75309_s_at,0.957571599827254,FALSE,TRUE
6990,1411,L23116_at,0.957607923495694,FALSE,TRUE
6991,2297,M85220_at,0.958277199733381,FALSE,TRUE
6992,6997,X00540_at,0.958638320462901,FALSE,TRUE
6993,2329,M88458_at,0.959191034868005,FALSE,TRUE
6994,5197,Z70295_at,0.959638385451915,FALSE,TRUE
6995,3499,U61262_at,0.95984629521937,FALSE,TRUE
6996,6978,M62303_at,0.960718481900167,FALSE,TRUE
6997,3428,U57450_at,0.961003289835622,FALSE,TRUE
6998,2763,U12775_at,0.961068079768895,FALSE,TRUE
6999,6319,M60450_s_at,0.961103543336976,FALSE,TRUE
7000,3083,U34844_at,0.961304776685878,FALSE,TRUE
7001,6790,HG3597-HT3800_f_at,0.962222838030877,FALSE,TRUE
7002,2681,U07882_at,0.962561265987183,FALSE,TRUE
7003,3851,U83115_at,0.96262907958074,FALSE,TRUE
7004,1733,M15205_at,0.963006421133195,FALSE,TRUE
7005,6252,S66541_s_at,0.963371004133514,FALSE,TRUE
7006,1555,L39059_at,0.963674250705282,FALSE,TRUE
7007,4067,X04707_at,0.963808366593129,FALSE,TRUE
7008,5047,Y13896_at,0.964234586319119,FALSE,TRUE
7009,6461,U04806_s_at,0.964477756760528,FALSE,TRUE
7010,294,D25215_at,0.964484424179722,FALSE,TRUE
7011,5429,U62438_at,0.964954330490581,FALSE,TRUE
7012,3263,U47011_cds1_at,0.965165190119352,FALSE,TRUE
7013,358,D31716_at,0.965201850104198,FALSE,TRUE
7014,5323,L76627_at,0.965468085407915,FALSE,TRUE
7015,2881,U19487_at,0.966318454873662,FALSE,TRUE
7016,890,HG3123-HT3299_at,0.966344508362842,FALSE,TRUE
7017,730,D87460_at,0.966504474293517,FALSE,TRUE
7018,569,D79983_at,0.966967248650709,FALSE,TRUE
7019,5725,HG1763-HT1780_s_at,0.967613912577294,FALSE,TRUE
7020,6718,Y10514_s_at,0.96827420167641,FALSE,TRUE
7021,394,D38500_at,0.968615125870485,FALSE,TRUE
7022,7036,HG2915-HT3059_f_at,0.968616174853179,FALSE,TRUE
7023,4807,X92715_at,0.968974974483916,FALSE,TRUE
7024,5975,J03778_s_at,0.969118673014359,FALSE,TRUE
7025,5540,M18700_s_at,0.969461890691209,FALSE,TRUE
7026,4455,X67318_at,0.969641013425939,FALSE,TRUE
7027,5937,M29386_s_at,0.969688109964373,FALSE,TRUE
7028,5476,X70811_at,0.969753029168024,FALSE,TRUE
7029,4798,X91868_at,0.970278723180851,FALSE,TRUE
7030,1783,M19720_rna2_at,0.970391001127074,FALSE,TRUE
7031,1235,L07590_at,0.97051385665388,FALSE,TRUE
7032,3505,U61849_at,0.970774254195324,FALSE,TRUE
7033,2473,S71129_at,0.970992272352645,FALSE,TRUE
7034,1039,HG907-HT907_at,0.971294451489668,FALSE,TRUE
7035,3609,U68030_at,0.97165576273554,FALSE,TRUE
7036,1831,M22995_at,0.97183958941195,FALSE,TRUE
7037,3955,U91521_at,0.972406915706443,FALSE,TRUE
7038,158,AJ001047_at,0.973639887547707,FALSE,TRUE
7039,2059,M59488_at,0.973753877279464,FALSE,TRUE
7040,3996,U96191_at,0.973906086203637,FALSE,TRUE
7041,2761,U12595_at,0.974421194489248,FALSE,TRUE
7042,4301,X57025_at,0.974742079659291,FALSE,TRUE
7043,1124,J04760_at,0.975297586543415,FALSE,TRUE
7044,4689,X82676_at,0.975614986034644,FALSE,TRUE
7045,2716,U09584_at,0.975948759482834,FALSE,TRUE
7046,286,D21337_at,0.976258615775024,FALSE,TRUE
7047,5176,Z49878_at,0.976709191203186,FALSE,TRUE
7048,1428,L25798_at,0.976740427426026,FALSE,TRUE
7049,2672,U07620_at,0.977085835232243,FALSE,TRUE
7050,541,D64109_at,0.977175195848351,FALSE,TRUE
7051,6753,HG3991-HT4261_at,0.977888410188434,FALSE,TRUE
7052,1173,K03430_at,0.977972005127853,FALSE,TRUE
7053,5770,X52009_s_at,0.97897700959132,FALSE,TRUE
7054,2559,S87759_at,0.979055910228096,FALSE,TRUE
7055,4459,X67683_at,0.979442319077591,FALSE,TRUE
7056,4212,X51602_at,0.97967906848939,FALSE,TRUE
7057,1874,M27161_at,0.979732162541425,FALSE,TRUE
7058,3616,U68385_at,0.980225661466206,FALSE,TRUE
7059,3526,U63295_at,0.980285178992012,FALSE,TRUE
7060,3010,U30245_at,0.980589173138173,FALSE,TRUE
7061,1181,L00972_at,0.980688051143304,FALSE,TRUE
7062,3683,U73499_at,0.980700977537388,FALSE,TRUE
7063,6878,S68287_at,0.981077461791795,FALSE,TRUE
7064,2522,S79639_at,0.981671148855304,FALSE,TRUE
7065,6420,S68134_s_at,0.981860020744441,FALSE,TRUE
7066,1143,J05213_at,0.982408249232052,FALSE,TRUE
7067,840,HG2325-HT2421_at,0.982795011739702,FALSE,TRUE
7068,7064,L76568_xpt3_f_at,0.983162697391501,FALSE,TRUE
7069,6979,M64752_at,0.983235575689817,FALSE,TRUE
7070,2360,M92449_at,0.983260759343792,FALSE,TRUE
7071,5041,Y12812_at,0.983953750146641,FALSE,TRUE
7072,1565,L40366_at,0.984124655607186,FALSE,TRUE
7073,5441,V00536_rna1_at,0.984301816859104,FALSE,TRUE
7074,2107,M62402_at,0.984498116559295,FALSE,TRUE
7075,3410,U56244_at,0.986178925384886,FALSE,TRUE
7076,4883,X98176_at,0.986385696336584,FALSE,TRUE
7077,5358,M85289_at,0.986540291972765,FALSE,TRUE
7078,908,HG3313-HT3490_at,0.986549268892628,FALSE,TRUE
7079,2666,U07358_at,0.986560929347429,FALSE,TRUE
7080,2431,M99564_at,0.98660102645869,FALSE,TRUE
7081,5920,X77777_s_at,0.986986112603803,FALSE,TRUE
7082,5161,Z48541_at,0.988587530089913,FALSE,TRUE
7083,1177,L00137_cds1_at,0.988596996838735,FALSE,TRUE
7084,4631,X79568_at,0.98878145210231,FALSE,TRUE
7085,6031,L05624_s_at,0.989247323427115,FALSE,TRUE
7086,6234,M22348_s_at,0.989255647055331,FALSE,TRUE
7087,6385,M91368_s_at,0.989480691001251,FALSE,TRUE
7088,5132,Z35307_at,0.989517876477355,FALSE,TRUE
7089,3046,U32376_at,0.989640066180632,FALSE,TRUE
7090,5961,Z74616_s_at,0.989655293159825,FALSE,TRUE
7091,2676,U07794_cds2_at,0.989757195390054,FALSE,TRUE
7092,6970,M17252_at,0.990473543343893,FALSE,TRUE
7093,5403,U33632_at,0.990620013197347,FALSE,TRUE
7094,1613,L42354_at,0.991115431849156,FALSE,TRUE
7095,3024,U31099_at,0.991130157753622,FALSE,TRUE
7096,813,HG1804-HT1829_at,0.991418417841581,FALSE,TRUE
7097,2261,M81780_cds3_at,0.991498642144446,FALSE,TRUE
7098,3106,U36787_at,0.991571104966163,FALSE,TRUE
7099,1983,M35198_at,0.991648636389162,FALSE,TRUE
7100,711,D87438_at,0.991672788721799,FALSE,TRUE
7101,6637,U83326_s_at,0.992030205729617,FALSE,TRUE
7102,495,D50924_at,0.992031455177982,FALSE,TRUE
7103,5485,X78686_at,0.992350941112064,FALSE,TRUE
7104,1391,L20852_at,0.993379450765191,FALSE,TRUE
7105,2025,M55267_at,0.993730831140896,FALSE,TRUE
7106,5879,HG4113-HT4383_s_at,0.99401424816806,FALSE,TRUE
7107,3354,U51587_at,0.994028469036042,FALSE,TRUE
7108,6063,X69886_s_at,0.994536205895307,FALSE,TRUE
7109,5303,L11284_at,0.995398481173538,FALSE,TRUE
7110,7065,M20030_f_at,0.995624382027578,FALSE,TRUE
7111,3623,U68727_at,0.995652100659821,FALSE,TRUE
7112,6740,HG2147-HT2217_r_at,0.996124082997712,FALSE,TRUE
7113,2230,M76766_at,0.996667532078007,FALSE,TRUE
7114,3316,U49973_xpt1_at,0.996926488688589,FALSE,TRUE
7115,3270,U47621_at,0.99695601319337,FALSE,TRUE
7116,5320,L49380_at,0.996962972135712,FALSE,TRUE
7117,4327,X59405_at,0.997349866121529,FALSE,TRUE
7118,7126,Z17240_at,0.997350214910395,FALSE,TRUE
7119,6608,U66726_s_at,0.997482493050333,FALSE,TRUE
7120,6144,U45878_s_at,0.997638755224907,FALSE,TRUE
7121,741,D87673_at,0.997694198074154,FALSE,TRUE
7122,3007,U29725_at,0.99782019386704,FALSE,TRUE
7123,4359,X61072_at,0.997927446707721,FALSE,TRUE
7124,6830,J00146_at,0.998099990323194,FALSE,TRUE
7125,4308,X57766_at,0.998314888938356,FALSE,TRUE
7126,6498,U18297_s_at,0.998858973762895,FALSE,TRUE
7127,4968,Y08302_at,0.998960528648655,FALSE,TRUE
7128,1013,HG4660-HT5073_at,0.999213097278043,FALSE,TRUE
7129,4154,X14894_at,0.999484191419759,FALSE,TRUE
